food_name,category,serving_weight_g,cooking_method,protein_g,carbs_g,fat_g,fiber_g,sugar_g,water_pct,calories
Apple,Fruits,30.0,raw,0.09,4.16,0.06,0.72,3.12,85.9,16.1
Apple,Fruits,30.0,boiled,0.09,4.14,0.06,0.72,3.12,98.3,15.9
Apple,Fruits,30.0,steamed,0.09,4.16,0.06,0.72,3.12,90.3,16.1
Apple,Fruits,30.0,grilled,0.09,4.19,0.06,0.72,3.12,73.6,16.3
Apple,Fruits,30.0,baked,0.09,4.13,0.06,0.72,3.12,75.2,16.0
Apple,Fruits,30.0,fried,0.09,4.13,0.11,0.72,3.12,59.8,16.9
Apple,Fruits,30.0,deep_fried,0.09,4.19,0.14,0.72,3.12,52.0,17.8
Apple,Fruits,50.0,raw,0.15,6.94,0.1,1.2,5.2,86.1,26.9
Apple,Fruits,50.0,boiled,0.15,6.88,0.1,1.2,5.2,98.1,26.4
Apple,Fruits,50.0,steamed,0.15,6.93,0.1,1.2,5.2,90.2,26.8
Apple,Fruits,50.0,grilled,0.15,6.88,0.09,1.2,5.2,72.5,26.6
Apple,Fruits,50.0,baked,0.15,6.88,0.09,1.2,5.2,75.1,26.5
Apple,Fruits,50.0,fried,0.15,6.91,0.19,1.2,5.2,60.0,28.4
Apple,Fruits,50.0,deep_fried,0.15,6.8,0.22,1.2,5.2,50.6,28.6
Apple,Fruits,75.0,raw,0.22,10.22,0.15,1.8,7.8,84.5,39.3
Apple,Fruits,75.0,boiled,0.22,10.31,0.15,1.8,7.8,98.0,39.6
Apple,Fruits,75.0,steamed,0.22,10.27,0.15,1.8,7.8,89.2,39.5
Apple,Fruits,75.0,grilled,0.23,10.37,0.14,1.8,7.8,72.9,40.2
Apple,Fruits,75.0,baked,0.22,10.28,0.14,1.8,7.8,74.8,39.6
Apple,Fruits,75.0,fried,0.22,10.24,0.27,1.8,7.8,59.3,41.8
Apple,Fruits,75.0,deep_fried,0.23,10.46,0.35,1.8,7.8,51.9,44.4
Apple,Fruits,100.0,raw,0.3,13.78,0.2,2.4,10.4,85.5,53.2
Apple,Fruits,100.0,boiled,0.3,13.81,0.2,2.4,10.4,98.5,53.1
Apple,Fruits,100.0,steamed,0.3,13.65,0.19,2.4,10.4,88.9,52.3
Apple,Fruits,100.0,grilled,0.3,13.74,0.18,2.4,10.4,72.5,53.0
Apple,Fruits,100.0,baked,0.3,13.81,0.19,2.4,10.4,75.4,53.4
Apple,Fruits,100.0,fried,0.3,13.68,0.36,2.4,10.4,59.4,55.8
Apple,Fruits,100.0,deep_fried,0.3,13.84,0.46,2.4,10.4,51.5,58.6
Apple,Fruits,150.0,raw,0.45,20.61,0.3,3.6,15.6,85.2,79.5
Apple,Fruits,150.0,boiled,0.45,20.65,0.29,3.6,15.6,98.2,79.3
Apple,Fruits,150.0,steamed,0.45,20.61,0.29,3.6,15.6,89.5,79.2
Apple,Fruits,150.0,grilled,0.46,20.99,0.28,3.6,15.6,73.8,81.6
Apple,Fruits,150.0,baked,0.45,20.7,0.28,3.6,15.6,75.3,80.0
Apple,Fruits,150.0,fried,0.45,20.54,0.55,3.6,15.6,59.4,84.0
Apple,Fruits,150.0,deep_fried,0.45,20.83,0.7,3.6,15.6,51.7,88.3
Apple,Fruits,200.0,raw,0.59,27.35,0.39,4.8,20.8,84.8,105.1
Apple,Fruits,200.0,boiled,0.6,27.64,0.39,4.8,20.8,98.6,106.3
Apple,Fruits,200.0,steamed,0.59,27.19,0.38,4.8,20.8,88.6,104.1
Apple,Fruits,200.0,grilled,0.59,27.33,0.36,4.8,20.8,72.0,105.2
Apple,Fruits,200.0,baked,0.6,27.64,0.38,4.8,20.8,75.4,106.9
Apple,Fruits,200.0,fried,0.6,27.75,0.75,4.8,20.8,60.3,114.0
Apple,Fruits,200.0,deep_fried,0.6,27.64,0.92,4.8,20.8,51.4,116.9
Apple,Fruits,250.0,raw,0.75,34.47,0.5,6.0,26.0,85.5,133.1
Apple,Fruits,250.0,boiled,0.75,34.42,0.49,6.0,26.0,98.2,132.2
Apple,Fruits,250.0,steamed,0.74,34.12,0.48,6.0,26.0,88.9,130.8
Apple,Fruits,250.0,grilled,0.75,34.31,0.46,6.0,26.0,72.4,132.4
Apple,Fruits,250.0,baked,0.75,34.38,0.47,6.0,26.0,75.1,132.7
Apple,Fruits,250.0,fried,0.76,34.77,0.94,6.0,26.0,60.4,143.0
Apple,Fruits,250.0,deep_fried,0.75,34.59,1.16,6.0,26.0,51.5,146.4
Apple,Fruits,300.0,raw,0.89,40.85,0.58,7.2,31.2,84.5,156.8
Apple,Fruits,300.0,boiled,0.9,41.5,0.59,7.2,31.2,98.7,159.7
Apple,Fruits,300.0,steamed,0.9,41.28,0.59,7.2,31.2,89.6,158.9
Apple,Fruits,300.0,grilled,0.9,41.19,0.55,7.2,31.2,72.4,159.0
Apple,Fruits,300.0,baked,0.9,41.59,0.58,7.2,31.2,75.7,161.1
Apple,Fruits,300.0,fried,0.91,41.72,1.13,7.2,31.2,60.4,171.6
Apple,Fruits,300.0,deep_fried,0.91,41.69,1.4,7.2,31.2,51.7,176.8
Apple,Fruits,400.0,raw,1.19,54.85,0.79,9.6,41.6,85.1,211.2
Apple,Fruits,400.0,boiled,1.2,55.07,0.78,9.6,41.6,98.2,211.5
Apple,Fruits,400.0,steamed,1.2,55.34,0.8,9.6,41.6,90.1,213.5
Apple,Fruits,400.0,grilled,1.21,55.6,0.75,9.6,41.6,73.3,215.7
Apple,Fruits,400.0,baked,1.2,55.0,0.75,9.6,41.6,75.1,212.2
Apple,Fruits,400.0,fried,1.2,55.12,1.48,9.6,41.6,59.8,225.9
Apple,Fruits,400.0,deep_fried,1.19,54.74,1.81,9.6,41.6,50.9,230.7
Apple,Fruits,500.0,raw,1.49,68.38,0.98,12.0,52.0,84.8,263.0
Apple,Fruits,500.0,boiled,1.51,69.42,0.99,12.0,52.0,99.0,267.6
Apple,Fruits,500.0,steamed,1.52,69.7,1.01,12.0,52.0,90.8,269.8
Apple,Fruits,500.0,grilled,1.5,68.96,0.92,12.0,52.0,72.7,266.6
Apple,Fruits,500.0,baked,1.51,69.52,0.96,12.0,52.0,75.9,269.5
Apple,Fruits,500.0,fried,1.5,69.19,1.86,12.0,52.0,60.1,283.9
Apple,Fruits,500.0,deep_fried,1.49,68.67,2.28,12.0,52.0,51.1,289.8
Banana,Fruits,30.0,raw,0.33,6.86,0.09,0.78,3.66,75.1,27.9
Banana,Fruits,30.0,boiled,0.33,6.92,0.09,0.78,3.66,87.1,28.1
Banana,Fruits,30.0,steamed,0.33,6.84,0.09,0.78,3.66,78.6,27.8
Banana,Fruits,30.0,grilled,0.33,6.92,0.08,0.78,3.66,64.4,28.3
Banana,Fruits,30.0,baked,0.32,6.71,0.08,0.78,3.66,64.6,27.1
Banana,Fruits,30.0,fried,0.33,6.88,0.17,0.78,3.66,52.8,29.7
Banana,Fruits,30.0,deep_fried,0.33,6.84,0.21,0.78,3.66,45.0,30.3
Banana,Fruits,50.0,raw,0.55,11.37,0.15,1.3,6.1,74.7,46.2
Banana,Fruits,50.0,boiled,0.55,11.41,0.15,1.3,6.1,86.2,46.3
Banana,Fruits,50.0,steamed,0.54,11.23,0.14,1.3,6.1,77.5,45.3
Banana,Fruits,50.0,grilled,0.55,11.38,0.14,1.3,6.1,63.6,46.4
Banana,Fruits,50.0,baked,0.55,11.43,0.14,1.3,6.1,66.1,46.6
Banana,Fruits,50.0,fried,0.56,11.53,0.28,1.3,6.1,53.0,49.8
Banana,Fruits,50.0,deep_fried,0.55,11.36,0.34,1.3,6.1,44.8,50.2
Banana,Fruits,75.0,raw,0.82,17.0,0.22,1.95,9.15,74.4,69.0
Banana,Fruits,75.0,boiled,0.82,17.04,0.22,1.95,9.15,85.8,68.9
Banana,Fruits,75.0,steamed,0.83,17.22,0.23,1.95,9.15,79.2,70.2
Banana,Fruits,75.0,grilled,0.83,17.14,0.21,1.95,9.15,63.8,70.0
Banana,Fruits,75.0,baked,0.82,17.03,0.21,1.95,9.15,65.7,69.2
Banana,Fruits,75.0,fried,0.83,17.17,0.42,1.95,9.15,52.6,74.0
Banana,Fruits,75.0,deep_fried,0.83,17.11,0.52,1.95,9.15,45.0,75.8
Banana,Fruits,100.0,raw,1.11,22.97,0.3,2.6,12.2,75.4,93.7
Banana,Fruits,100.0,boiled,1.09,22.68,0.29,2.6,12.2,85.7,91.7
Banana,Fruits,100.0,steamed,1.1,22.74,0.3,2.6,12.2,78.5,92.3
Banana,Fruits,100.0,grilled,1.1,22.73,0.27,2.6,12.2,63.5,92.5
Banana,Fruits,100.0,baked,1.09,22.55,0.28,2.6,12.2,65.2,91.5
Banana,Fruits,100.0,fried,1.1,22.85,0.56,2.6,12.2,52.5,98.4
Banana,Fruits,100.0,deep_fried,1.1,22.84,0.69,2.6,12.2,45.0,101.2
Banana,Fruits,150.0,raw,1.65,34.2,0.45,3.9,18.3,74.9,139.2
Banana,Fruits,150.0,boiled,1.65,34.14,0.44,3.9,18.3,86.0,138.2
Banana,Fruits,150.0,steamed,1.63,33.84,0.44,3.9,18.3,77.8,136.9
Banana,Fruits,150.0,grilled,1.64,34.09,0.41,3.9,18.3,63.5,138.7
Banana,Fruits,150.0,baked,1.65,34.11,0.43,3.9,18.3,65.7,138.8
Banana,Fruits,150.0,fried,1.64,33.99,0.82,3.9,18.3,52.1,145.9
Banana,Fruits,150.0,deep_fried,1.65,34.16,1.03,3.9,18.3,44.9,151.2
Banana,Fruits,200.0,raw,2.21,45.74,0.6,5.2,24.4,75.1,186.3
Banana,Fruits,200.0,boiled,2.23,46.25,0.6,5.2,24.4,87.4,188.4
Banana,Fruits,200.0,steamed,2.2,45.66,0.6,5.2,24.4,78.7,185.6
Banana,Fruits,200.0,grilled,2.2,45.69,0.55,5.2,24.4,63.8,186.3
Banana,Fruits,200.0,baked,2.2,45.57,0.57,5.2,24.4,65.9,185.6
Banana,Fruits,200.0,fried,2.17,44.94,1.08,5.2,24.4,51.7,192.3
Banana,Fruits,200.0,deep_fried,2.2,45.59,1.38,5.2,24.4,44.9,201.9
Banana,Fruits,250.0,raw,2.75,57.03,0.75,6.5,30.5,74.9,232.1
Banana,Fruits,250.0,boiled,2.8,58.05,0.76,6.5,30.5,87.7,236.9
Banana,Fruits,250.0,steamed,2.75,56.92,0.74,6.5,30.5,78.5,231.1
Banana,Fruits,250.0,grilled,2.76,57.13,0.69,6.5,30.5,63.8,233.0
Banana,Fruits,250.0,baked,2.75,56.99,0.71,6.5,30.5,65.9,232.1
Banana,Fruits,250.0,fried,2.73,56.5,1.36,6.5,30.5,52.0,242.2
Banana,Fruits,250.0,deep_fried,2.77,57.49,1.75,6.5,30.5,45.3,255.4
Banana,Fruits,300.0,raw,3.32,68.79,0.91,7.8,36.6,75.3,280.5
Banana,Fruits,300.0,boiled,3.32,68.81,0.89,7.8,36.6,86.6,279.4
Banana,Fruits,300.0,steamed,3.28,67.93,0.88,7.8,36.6,78.1,275.2
Banana,Fruits,300.0,grilled,3.33,69.12,0.85,7.8,36.6,64.3,282.9
Banana,Fruits,300.0,baked,3.27,67.68,0.84,7.8,36.6,65.2,274.5
Banana,Fruits,300.0,fried,3.31,68.7,1.68,7.8,36.6,52.7,296.0
Banana,Fruits,300.0,deep_fried,3.35,69.52,2.14,7.8,36.6,45.7,309.9
Banana,Fruits,400.0,raw,4.37,90.52,1.18,10.4,48.8,74.3,367.2
Banana,Fruits,400.0,boiled,4.38,90.81,1.17,10.4,48.8,85.8,367.3
Banana,Fruits,400.0,steamed,4.4,91.27,1.19,10.4,48.8,78.7,370.8
Banana,Fruits,400.0,grilled,4.38,90.86,1.1,10.4,48.8,63.4,369.8
Banana,Fruits,400.0,baked,4.35,90.14,1.11,10.4,48.8,65.1,365.4
Banana,Fruits,400.0,fried,4.4,91.25,2.22,10.4,48.8,52.5,392.6
Banana,Fruits,400.0,deep_fried,4.36,90.47,2.72,10.4,48.8,44.6,399.5
Banana,Fruits,500.0,raw,5.52,114.4,1.51,13.0,61.0,75.2,466.1
Banana,Fruits,500.0,boiled,5.46,113.21,1.45,13.0,61.0,85.5,457.3
Banana,Fruits,500.0,steamed,5.56,115.33,1.52,13.0,61.0,79.6,470.6
Banana,Fruits,500.0,grilled,5.47,113.33,1.36,13.0,61.0,63.3,460.8
Banana,Fruits,500.0,baked,5.49,113.72,1.42,13.0,61.0,65.8,462.8
Banana,Fruits,500.0,fried,5.53,114.7,2.81,13.0,61.0,52.7,494.6
Banana,Fruits,500.0,deep_fried,5.45,112.95,3.39,13.0,61.0,44.5,498.5
Orange,Fruits,30.0,raw,0.27,3.55,0.03,0.72,2.82,86.9,14.1
Orange,Fruits,30.0,boiled,0.27,3.57,0.03,0.72,2.82,99.0,14.2
Orange,Fruits,30.0,steamed,0.27,3.5,0.03,0.72,2.82,90.0,13.8
Orange,Fruits,30.0,grilled,0.27,3.54,0.03,0.72,2.82,73.9,14.1
Orange,Fruits,30.0,baked,0.27,3.55,0.03,0.72,2.82,76.5,14.2
Orange,Fruits,30.0,fried,0.27,3.56,0.06,0.72,2.82,61.1,14.9
Orange,Fruits,30.0,deep_fried,0.27,3.51,0.07,0.72,2.82,51.6,15.0
Orange,Fruits,50.0,raw,0.45,5.84,0.05,1.2,4.7,85.9,23.1
Orange,Fruits,50.0,boiled,0.45,5.92,0.05,1.2,4.7,99.0,23.5
Orange,Fruits,50.0,steamed,0.45,5.91,0.05,1.2,4.7,91.3,23.5
Orange,Fruits,50.0,grilled,0.45,5.91,0.05,1.2,4.7,73.9,23.6
Orange,Fruits,50.0,baked,0.45,5.92,0.05,1.2,4.7,76.6,23.6
Orange,Fruits,50.0,fried,0.45,5.87,0.09,1.2,4.7,60.5,24.5
Orange,Fruits,50.0,deep_fried,0.45,5.91,0.12,1.2,4.7,52.2,25.4
Orange,Fruits,75.0,raw,0.68,8.87,0.08,1.8,7.05,87.0,35.3
Orange,Fruits,75.0,boiled,0.67,8.8,0.07,1.8,7.05,99.0,34.7
Orange,Fruits,75.0,steamed,0.68,8.97,0.08,1.8,7.05,92.4,35.8
Orange,Fruits,75.0,grilled,0.68,8.88,0.07,1.8,7.05,74.0,35.5
Orange,Fruits,75.0,baked,0.67,8.77,0.07,1.8,7.05,75.7,34.8
Orange,Fruits,75.0,fried,0.68,8.89,0.14,1.8,7.05,61.1,37.2
Orange,Fruits,75.0,deep_fried,0.67,8.79,0.17,1.8,7.05,51.7,37.6
Orange,Fruits,100.0,raw,0.91,11.87,0.1,2.4,9.4,87.3,47.3
Orange,Fruits,100.0,boiled,0.91,11.9,0.1,2.4,9.4,99.0,47.3
Orange,Fruits,100.0,steamed,0.89,11.73,0.1,2.4,9.4,90.6,46.4
Orange,Fruits,100.0,grilled,0.91,11.89,0.09,2.4,9.4,74.3,47.5
Orange,Fruits,100.0,baked,0.9,11.84,0.1,2.4,9.4,76.6,47.2
Orange,Fruits,100.0,fried,0.91,11.87,0.19,2.4,9.4,61.1,49.8
Orange,Fruits,100.0,deep_fried,0.91,11.97,0.24,2.4,9.4,52.8,51.7
Orange,Fruits,150.0,raw,1.35,17.67,0.15,3.6,14.1,86.6,70.2
Orange,Fruits,150.0,boiled,1.34,17.6,0.15,3.6,14.1,99.0,69.5
Orange,Fruits,150.0,steamed,1.34,17.58,0.15,3.6,14.1,90.5,69.6
Orange,Fruits,150.0,grilled,1.34,17.59,0.14,3.6,14.1,73.3,69.9
Orange,Fruits,150.0,baked,1.35,17.69,0.14,3.6,14.1,76.3,70.4
Orange,Fruits,150.0,fried,1.35,17.75,0.28,3.6,14.1,60.9,74.2
Orange,Fruits,150.0,deep_fried,1.35,17.74,0.35,3.6,14.1,52.2,76.2
Orange,Fruits,200.0,raw,1.81,23.75,0.2,4.8,18.8,87.3,94.6
Orange,Fruits,200.0,boiled,1.8,23.6,0.2,4.8,18.8,99.0,93.4
Orange,Fruits,200.0,steamed,1.82,23.86,0.2,4.8,18.8,92.1,95.1
Orange,Fruits,200.0,grilled,1.8,23.55,0.18,4.8,18.8,73.6,93.8
Orange,Fruits,200.0,baked,1.84,24.08,0.2,4.8,18.8,77.9,96.7
Orange,Fruits,200.0,fried,1.81,23.71,0.37,4.8,18.8,61.0,99.2
Orange,Fruits,200.0,deep_fried,1.79,23.45,0.45,4.8,18.8,51.7,100.3
Orange,Fruits,250.0,raw,2.23,29.26,0.25,6.0,23.5,86.1,115.9
Orange,Fruits,250.0,boiled,2.26,29.61,0.25,6.0,23.5,99.0,117.4
Orange,Fruits,250.0,steamed,2.25,29.45,0.25,6.0,23.5,91.0,116.8
Orange,Fruits,250.0,grilled,2.26,29.66,0.23,6.0,23.5,74.2,118.5
Orange,Fruits,250.0,baked,2.26,29.6,0.24,6.0,23.5,76.7,118.0
Orange,Fruits,250.0,fried,2.25,29.48,0.46,6.0,23.5,60.7,123.1
Orange,Fruits,250.0,deep_fried,2.24,29.31,0.57,6.0,23.5,51.7,125.4
Orange,Fruits,300.0,raw,2.67,35.0,0.29,7.2,28.2,85.8,138.4
Orange,Fruits,300.0,boiled,2.69,35.28,0.29,7.2,28.2,99.0,139.4
Orange,Fruits,300.0,steamed,2.72,35.63,0.3,7.2,28.2,91.7,141.8
Orange,Fruits,300.0,grilled,2.7,35.46,0.28,7.2,28.2,73.9,141.4
Orange,Fruits,300.0,baked,2.67,35.07,0.28,7.2,28.2,75.7,139.1
Orange,Fruits,300.0,fried,2.7,35.45,0.56,7.2,28.2,60.8,148.2
Orange,Fruits,300.0,deep_fried,2.71,35.5,0.69,7.2,28.2,52.2,152.4
Orange,Fruits,400.0,raw,3.58,46.89,0.39,9.6,37.6,86.2,185.8
Orange,Fruits,400.0,boiled,3.6,47.25,0.39,9.6,37.6,99.0,187.1
Orange,Fruits,400.0,steamed,3.6,47.22,0.4,9.6,37.6,91.2,187.4
Orange,Fruits,400.0,grilled,3.57,46.8,0.36,9.6,37.6,73.1,185.8
Orange,Fruits,400.0,baked,3.61,47.33,0.38,9.6,37.6,76.6,188.6
Orange,Fruits,400.0,fried,3.62,47.4,0.75,9.6,37.6,61.0,198.4
Orange,Fruits,400.0,deep_fried,3.63,47.58,0.93,9.6,37.6,52.5,204.7
Orange,Fruits,500.0,raw,4.54,59.47,0.51,12.0,47.0,87.5,237.2
Orange,Fruits,500.0,boiled,4.45,58.39,0.48,12.0,47.0,98.8,230.1
Orange,Fruits,500.0,steamed,4.47,58.59,0.49,12.0,47.0,90.5,231.8
Orange,Fruits,500.0,grilled,4.52,59.23,0.46,12.0,47.0,74.1,236.4
Orange,Fruits,500.0,baked,4.52,59.23,0.48,12.0,47.0,76.7,236.2
Orange,Fruits,500.0,fried,4.52,59.23,0.93,12.0,47.0,61.0,247.9
Orange,Fruits,500.0,deep_fried,4.63,60.7,1.22,12.0,47.0,53.6,263.4
Strawberries,Fruits,30.0,raw,0.21,2.32,0.09,0.6,1.47,91.4,9.7
Strawberries,Fruits,30.0,boiled,0.21,2.33,0.09,0.6,1.47,99.0,9.8
Strawberries,Fruits,30.0,steamed,0.21,2.33,0.09,0.6,1.47,96.2,9.8
Strawberries,Fruits,30.0,grilled,0.21,2.32,0.08,0.6,1.47,77.7,9.7
Strawberries,Fruits,30.0,baked,0.21,2.3,0.09,0.6,1.47,79.9,9.7
Strawberries,Fruits,30.0,fried,0.21,2.32,0.17,0.6,1.47,64.1,10.8
Strawberries,Fruits,30.0,deep_fried,0.21,2.3,0.2,0.6,1.47,54.3,11.1
Strawberries,Fruits,50.0,raw,0.35,3.84,0.15,1.0,2.45,90.8,16.1
Strawberries,Fruits,50.0,boiled,0.35,3.84,0.15,1.0,2.45,99.0,16.0
Strawberries,Fruits,50.0,steamed,0.35,3.85,0.15,1.0,2.45,95.6,16.1
Strawberries,Fruits,50.0,grilled,0.36,3.92,0.14,1.0,2.45,78.7,16.5
Strawberries,Fruits,50.0,baked,0.35,3.8,0.14,1.0,2.45,79.0,15.8
Strawberries,Fruits,50.0,fried,0.35,3.87,0.28,1.0,2.45,64.0,17.9
Strawberries,Fruits,50.0,deep_fried,0.35,3.8,0.34,1.0,2.45,53.9,18.3
Strawberries,Fruits,75.0,raw,0.52,5.75,0.22,1.5,3.68,90.7,24.0
Strawberries,Fruits,75.0,boiled,0.53,5.82,0.22,1.5,3.68,99.0,24.3
Strawberries,Fruits,75.0,steamed,0.53,5.78,0.22,1.5,3.68,95.6,24.2
Strawberries,Fruits,75.0,grilled,0.52,5.73,0.2,1.5,3.68,76.7,23.8
Strawberries,Fruits,75.0,baked,0.52,5.74,0.21,1.5,3.68,79.7,23.9
Strawberries,Fruits,75.0,fried,0.53,5.8,0.42,1.5,3.68,64.0,26.9
Strawberries,Fruits,75.0,deep_fried,0.52,5.74,0.51,1.5,3.68,54.3,27.7
Strawberries,Fruits,100.0,raw,0.7,7.71,0.3,2.0,4.9,91.1,32.3
Strawberries,Fruits,100.0,boiled,0.7,7.7,0.29,2.0,4.9,99.0,32.1
Strawberries,Fruits,100.0,steamed,0.7,7.66,0.29,2.0,4.9,95.1,31.9
Strawberries,Fruits,100.0,grilled,0.71,7.82,0.28,2.0,4.9,78.6,32.9
Strawberries,Fruits,100.0,baked,0.7,7.74,0.29,2.0,4.9,80.5,32.5
Strawberries,Fruits,100.0,fried,0.69,7.58,0.54,2.0,4.9,62.7,34.7
Strawberries,Fruits,100.0,deep_fried,0.7,7.71,0.69,2.0,4.9,54.7,37.4
Strawberries,Fruits,150.0,raw,1.04,11.49,0.45,3.0,7.35,90.5,48.1
Strawberries,Fruits,150.0,boiled,1.06,11.62,0.45,3.0,7.35,99.0,48.6
Strawberries,Fruits,150.0,steamed,1.04,11.48,0.44,3.0,7.35,95.0,47.8
Strawberries,Fruits,150.0,grilled,1.05,11.54,0.41,3.0,7.35,77.3,48.2
Strawberries,Fruits,150.0,baked,1.05,11.59,0.43,3.0,7.35,80.4,48.6
Strawberries,Fruits,150.0,fried,1.06,11.62,0.84,3.0,7.35,64.1,53.8
Strawberries,Fruits,150.0,deep_fried,1.04,11.45,1.02,3.0,7.35,54.1,55.2
Strawberries,Fruits,200.0,raw,1.4,15.36,0.6,4.0,9.8,90.8,64.3
Strawberries,Fruits,200.0,boiled,1.4,15.35,0.58,4.0,9.8,99.0,63.9
Strawberries,Fruits,200.0,steamed,1.39,15.32,0.59,4.0,9.8,95.1,63.9
Strawberries,Fruits,200.0,grilled,1.42,15.6,0.57,4.0,9.8,78.4,65.7
Strawberries,Fruits,200.0,baked,1.4,15.45,0.57,4.0,9.8,80.3,64.7
Strawberries,Fruits,200.0,fried,1.39,15.25,1.09,4.0,9.8,63.1,70.1
Strawberries,Fruits,200.0,deep_fried,1.41,15.51,1.4,4.0,9.8,55.0,75.4
Strawberries,Fruits,250.0,raw,1.78,19.56,0.77,5.0,12.25,92.4,82.6
Strawberries,Fruits,250.0,boiled,1.76,19.4,0.75,5.0,12.25,99.0,81.2
Strawberries,Fruits,250.0,steamed,1.73,19.03,0.73,5.0,12.25,94.5,79.2
Strawberries,Fruits,250.0,grilled,1.74,19.18,0.68,5.0,12.25,77.1,80.0
Strawberries,Fruits,250.0,baked,1.77,19.43,0.73,5.0,12.25,80.8,81.8
Strawberries,Fruits,250.0,fried,1.74,19.15,1.37,5.0,12.25,63.4,88.1
Strawberries,Fruits,250.0,deep_fried,1.76,19.31,1.74,5.0,12.25,54.8,93.7
Strawberries,Fruits,300.0,raw,2.11,23.23,0.91,6.0,14.7,91.5,97.7
Strawberries,Fruits,300.0,boiled,2.09,22.94,0.87,6.0,14.7,99.0,95.3
Strawberries,Fruits,300.0,steamed,2.1,23.09,0.89,6.0,14.7,95.5,96.5
Strawberries,Fruits,300.0,grilled,2.05,22.54,0.79,6.0,14.7,75.5,93.1
Strawberries,Fruits,300.0,baked,2.08,22.92,0.84,6.0,14.7,79.5,95.5
Strawberries,Fruits,300.0,fried,2.1,23.06,1.66,6.0,14.7,63.6,106.3
Strawberries,Fruits,300.0,deep_fried,2.08,22.88,2.03,6.0,14.7,54.1,110.3
Strawberries,Fruits,400.0,raw,2.83,31.18,1.23,8.0,19.6,92.1,131.5
Strawberries,Fruits,400.0,boiled,2.77,30.47,1.15,8.0,19.6,99.0,126.3
Strawberries,Fruits,400.0,steamed,2.79,30.7,1.18,8.0,19.6,95.2,128.2
Strawberries,Fruits,400.0,grilled,2.8,30.83,1.11,8.0,19.6,77.4,129.0
Strawberries,Fruits,400.0,baked,2.83,31.13,1.16,8.0,19.6,80.9,131.0
Strawberries,Fruits,400.0,fried,2.77,30.47,2.17,8.0,19.6,63.0,139.8
Strawberries,Fruits,400.0,deep_fried,2.82,31.07,2.81,8.0,19.6,55.1,151.2
Strawberries,Fruits,500.0,raw,3.5,38.5,1.5,10.0,24.5,91.0,161.4
Strawberries,Fruits,500.0,boiled,3.47,38.22,1.45,10.0,24.5,99.0,158.7
Strawberries,Fruits,500.0,steamed,3.51,38.63,1.5,10.0,24.5,95.9,161.9
Strawberries,Fruits,500.0,grilled,3.51,38.56,1.38,10.0,24.5,77.5,161.4
Strawberries,Fruits,500.0,baked,3.48,38.33,1.41,10.0,24.5,79.7,160.0
Strawberries,Fruits,500.0,fried,3.5,38.52,2.78,10.0,24.5,63.7,177.8
Strawberries,Fruits,500.0,deep_fried,3.49,38.39,3.43,10.0,24.5,54.4,185.7
Blueberries,Fruits,30.0,raw,0.21,4.35,0.09,0.72,2.97,84.3,17.6
Blueberries,Fruits,30.0,boiled,0.21,4.37,0.09,0.72,2.97,97.3,17.6
Blueberries,Fruits,30.0,steamed,0.21,4.4,0.09,0.72,2.97,89.5,17.8
Blueberries,Fruits,30.0,grilled,0.21,4.31,0.08,0.72,2.97,70.9,17.3
Blueberries,Fruits,30.0,baked,0.21,4.42,0.09,0.72,2.97,75.3,18.0
Blueberries,Fruits,30.0,fried,0.21,4.29,0.16,0.72,2.97,58.1,18.4
Blueberries,Fruits,30.0,deep_fried,0.21,4.35,0.21,0.72,2.97,50.5,19.5
Blueberries,Fruits,50.0,raw,0.35,7.28,0.15,1.2,4.95,84.6,29.4
Blueberries,Fruits,50.0,boiled,0.35,7.27,0.15,1.2,4.95,97.0,29.3
Blueberries,Fruits,50.0,steamed,0.35,7.22,0.15,1.2,4.95,88.0,29.1
Blueberries,Fruits,50.0,grilled,0.35,7.24,0.14,1.2,4.95,71.5,29.3
Blueberries,Fruits,50.0,baked,0.35,7.22,0.14,1.2,4.95,73.8,29.1
Blueberries,Fruits,50.0,fried,0.35,7.22,0.28,1.2,4.95,58.7,31.2
Blueberries,Fruits,50.0,deep_fried,0.35,7.3,0.35,1.2,4.95,50.8,32.8
Blueberries,Fruits,75.0,raw,0.53,10.9,0.23,1.8,7.43,84.4,44.1
Blueberries,Fruits,75.0,boiled,0.52,10.82,0.22,1.8,7.43,96.3,43.4
Blueberries,Fruits,75.0,steamed,0.53,10.95,0.23,1.8,7.43,89.0,44.3
Blueberries,Fruits,75.0,grilled,0.53,10.9,0.21,1.8,7.43,71.7,44.1
Blueberries,Fruits,75.0,baked,0.53,10.94,0.22,1.8,7.43,74.5,44.3
Blueberries,Fruits,75.0,fried,0.53,10.93,0.42,1.8,7.43,59.2,47.4
Blueberries,Fruits,75.0,deep_fried,0.52,10.81,0.51,1.8,7.43,50.2,48.3
Blueberries,Fruits,100.0,raw,0.7,14.44,0.3,2.4,9.9,83.8,58.2
Blueberries,Fruits,100.0,boiled,0.7,14.58,0.3,2.4,9.9,97.4,58.8
Blueberries,Fruits,100.0,steamed,0.7,14.57,0.3,2.4,9.9,88.8,58.8
Blueberries,Fruits,100.0,grilled,0.7,14.5,0.28,2.4,9.9,71.6,58.6
Blueberries,Fruits,100.0,baked,0.7,14.51,0.29,2.4,9.9,74.2,58.7
Blueberries,Fruits,100.0,fried,0.71,14.64,0.57,2.4,9.9,59.5,63.6
Blueberries,Fruits,100.0,deep_fried,0.7,14.44,0.68,2.4,9.9,50.3,64.6
Blueberries,Fruits,150.0,raw,1.05,21.84,0.45,3.6,14.85,84.5,88.3
Blueberries,Fruits,150.0,boiled,1.05,21.72,0.44,3.6,14.85,96.7,87.3
Blueberries,Fruits,150.0,steamed,1.05,21.71,0.44,3.6,14.85,88.3,87.4
Blueberries,Fruits,150.0,grilled,1.06,21.93,0.42,3.6,14.85,72.2,88.9
Blueberries,Fruits,150.0,baked,1.06,21.88,0.43,3.6,14.85,74.6,88.6
Blueberries,Fruits,150.0,fried,1.06,21.88,0.84,3.6,14.85,59.3,94.9
Blueberries,Fruits,150.0,deep_fried,1.06,21.96,1.06,3.6,14.85,51.0,98.9
Blueberries,Fruits,200.0,raw,1.4,29.0,0.6,4.8,19.8,84.2,117.1
Blueberries,Fruits,200.0,boiled,1.41,29.15,0.59,4.8,19.8,97.3,117.4
Blueberries,Fruits,200.0,steamed,1.4,28.93,0.59,4.8,19.8,88.2,116.5
Blueberries,Fruits,200.0,grilled,1.4,29.07,0.55,4.8,19.8,71.7,117.5
Blueberries,Fruits,200.0,baked,1.4,28.97,0.57,4.8,19.8,74.0,117.0
Blueberries,Fruits,200.0,fried,1.4,29.02,1.11,4.8,19.8,59.0,125.6
Blueberries,Fruits,200.0,deep_fried,1.41,29.13,1.39,4.8,19.8,50.7,130.8
Blueberries,Fruits,250.0,raw,1.74,36.03,0.74,6.0,24.75,83.7,145.1
Blueberries,Fruits,250.0,boiled,1.78,36.82,0.76,6.0,24.75,98.3,149.1
Blueberries,Fruits,250.0,steamed,1.74,35.98,0.73,6.0,24.75,87.7,144.5
Blueberries,Fruits,250.0,grilled,1.73,35.92,0.68,6.0,24.75,70.9,144.6
Blueberries,Fruits,250.0,baked,1.77,36.56,0.72,6.0,24.75,74.7,148.2
Blueberries,Fruits,250.0,fried,1.76,36.47,1.4,6.0,24.75,59.3,158.1
Blueberries,Fruits,250.0,deep_fried,1.76,36.42,1.74,6.0,24.75,50.8,163.6
Blueberries,Fruits,300.0,raw,2.11,43.7,0.91,7.2,29.7,84.6,176.9
Blueberries,Fruits,300.0,boiled,2.1,43.5,0.88,7.2,29.7,96.8,174.8
Blueberries,Fruits,300.0,steamed,2.09,43.21,0.88,7.2,29.7,87.8,173.7
Blueberries,Fruits,300.0,grilled,2.1,43.52,0.83,7.2,29.7,71.6,175.9
Blueberries,Fruits,300.0,baked,2.09,43.28,0.85,7.2,29.7,73.7,174.5
Blueberries,Fruits,300.0,fried,2.12,43.82,1.69,7.2,29.7,59.4,190.2
Blueberries,Fruits,300.0,deep_fried,2.1,43.45,2.07,7.2,29.7,50.5,194.7
Blueberries,Fruits,400.0,raw,2.78,57.64,1.19,9.6,39.6,83.7,232.2
Blueberries,Fruits,400.0,boiled,2.79,57.86,1.17,9.6,39.6,96.6,232.3
Blueberries,Fruits,400.0,steamed,2.81,58.18,1.2,9.6,39.6,88.7,234.9
Blueberries,Fruits,400.0,grilled,2.79,57.75,1.09,9.6,39.6,71.3,232.9
Blueberries,Fruits,400.0,baked,2.78,57.64,1.13,9.6,39.6,73.6,232.3
Blueberries,Fruits,400.0,fried,2.81,58.11,2.23,9.6,39.6,59.0,251.6
Blueberries,Fruits,400.0,deep_fried,2.81,58.11,2.77,9.6,39.6,50.6,260.7
Blueberries,Fruits,500.0,raw,3.49,72.22,1.49,12.0,49.5,83.9,291.2
Blueberries,Fruits,500.0,boiled,3.49,72.24,1.46,12.0,49.5,96.5,289.9
Blueberries,Fruits,500.0,steamed,3.51,72.63,1.49,12.0,49.5,88.6,293.0
Blueberries,Fruits,500.0,grilled,3.46,71.71,1.35,12.0,49.5,70.8,288.4
Blueberries,Fruits,500.0,baked,3.46,71.73,1.39,12.0,49.5,73.3,288.4
Blueberries,Fruits,500.0,fried,3.48,72.11,2.75,12.0,49.5,58.6,311.2
Blueberries,Fruits,500.0,deep_fried,3.49,72.38,3.44,12.0,49.5,50.4,324.2
Avocado,Fruits,30.0,raw,0.6,2.56,4.43,2.01,0.21,73.4,48.5
Avocado,Fruits,30.0,boiled,0.61,2.58,4.42,2.01,0.21,85.1,48.5
Avocado,Fruits,30.0,steamed,0.6,2.57,4.42,2.01,0.21,77.4,48.5
Avocado,Fruits,30.0,grilled,0.6,2.55,4.05,2.01,0.21,62.1,45.4
Avocado,Fruits,30.0,baked,0.6,2.55,4.19,2.01,0.21,64.4,46.5
Avocado,Fruits,30.0,fried,0.6,2.53,8.04,2.01,0.21,50.9,79.7
Avocado,Fruits,30.0,deep_fried,0.6,2.55,10.14,2.01,0.21,43.9,98.4
Avocado,Fruits,50.0,raw,1.0,4.24,7.32,3.35,0.35,73.0,80.1
Avocado,Fruits,50.0,boiled,1.0,4.26,7.24,3.35,0.35,84.4,79.3
Avocado,Fruits,50.0,steamed,0.99,4.22,7.19,3.35,0.35,76.4,78.6
Avocado,Fruits,50.0,grilled,1.0,4.27,6.81,3.35,0.35,62.5,76.5
Avocado,Fruits,50.0,baked,1.01,4.3,7.14,3.35,0.35,65.2,79.5
Avocado,Fruits,50.0,fried,1.0,4.25,13.58,3.35,0.35,51.2,134.8
Avocado,Fruits,50.0,deep_fried,1.0,4.26,17.01,3.35,0.35,44.1,165.1
Avocado,Fruits,75.0,raw,1.51,6.41,11.14,5.03,0.52,73.6,122.0
Avocado,Fruits,75.0,boiled,1.5,6.36,10.74,5.03,0.52,83.9,117.6
Avocado,Fruits,75.0,steamed,1.5,6.39,10.95,5.03,0.52,77.0,119.9
Avocado,Fruits,75.0,grilled,1.5,6.38,10.14,5.03,0.52,62.2,113.8
Avocado,Fruits,75.0,baked,1.5,6.38,10.49,5.03,0.52,64.5,116.5
Avocado,Fruits,75.0,fried,1.49,6.34,20.16,5.03,0.52,50.9,199.9
Avocado,Fruits,75.0,deep_fried,1.5,6.38,25.37,5.03,0.52,43.9,246.1
Avocado,Fruits,100.0,raw,2.01,8.53,14.81,6.7,0.7,73.5,162.1
Avocado,Fruits,100.0,boiled,2.02,8.59,14.72,6.7,0.7,85.1,161.5
Avocado,Fruits,100.0,steamed,2.01,8.56,14.76,6.7,0.7,77.4,161.8
Avocado,Fruits,100.0,grilled,2.03,8.64,13.96,6.7,0.7,63.2,157.0
Avocado,Fruits,100.0,baked,1.99,8.45,13.8,6.7,0.7,64.0,153.2
Avocado,Fruits,100.0,fried,2.01,8.56,27.55,6.7,0.7,51.6,274.0
Avocado,Fruits,100.0,deep_fried,2.0,8.51,33.9,6.7,0.7,44.0,329.0
Avocado,Fruits,150.0,raw,3.05,12.96,22.77,10.05,1.05,74.4,249.8
Avocado,Fruits,150.0,boiled,2.98,12.67,21.35,10.05,1.05,83.7,233.6
Avocado,Fruits,150.0,steamed,2.98,12.67,21.55,10.05,1.05,76.4,235.8
Avocado,Fruits,150.0,grilled,2.99,12.69,20.1,10.05,1.05,61.9,225.4
Avocado,Fruits,150.0,baked,2.95,12.55,20.28,10.05,1.05,63.4,224.8
Avocado,Fruits,150.0,fried,2.99,12.7,40.47,10.05,1.05,51.0,401.5
Avocado,Fruits,150.0,deep_fried,2.98,12.68,50.14,10.05,1.05,43.7,485.8
Avocado,Fruits,200.0,raw,4.0,17.02,29.47,13.4,1.4,73.3,322.5
Avocado,Fruits,200.0,boiled,4.01,17.04,28.96,13.4,1.4,84.4,317.2
Avocado,Fruits,200.0,steamed,4.06,17.24,29.93,13.4,1.4,77.9,328.5
Avocado,Fruits,200.0,grilled,4.03,17.12,27.43,13.4,1.4,62.7,308.1
Avocado,Fruits,200.0,baked,3.98,16.93,27.69,13.4,1.4,64.1,307.4
Avocado,Fruits,200.0,fried,3.97,16.89,53.66,13.4,1.4,50.9,532.1
Avocado,Fruits,200.0,deep_fried,4.01,17.06,68.12,13.4,1.4,44.1,661.4
Avocado,Fruits,250.0,raw,4.95,21.04,36.02,16.75,1.75,72.5,393.5
Avocado,Fruits,250.0,boiled,5.07,21.54,37.0,16.75,1.75,85.3,406.1
Avocado,Fruits,250.0,steamed,5.04,21.44,37.03,16.75,1.75,77.5,406.0
Avocado,Fruits,250.0,grilled,4.98,21.18,33.57,16.75,1.75,62.0,376.5
Avocado,Fruits,250.0,baked,4.94,20.98,34.02,16.75,1.75,63.6,377.3
Avocado,Fruits,250.0,fried,5.05,21.47,69.37,16.75,1.75,51.8,690.3
Avocado,Fruits,250.0,deep_fried,5.0,21.23,84.38,16.75,1.75,43.9,818.5
Avocado,Fruits,300.0,raw,6.06,25.74,44.92,20.1,2.1,73.9,492.2
Avocado,Fruits,300.0,boiled,5.93,25.2,42.18,20.1,2.1,83.2,461.1
Avocado,Fruits,300.0,steamed,5.97,25.39,43.27,20.1,2.1,76.5,473.5
Avocado,Fruits,300.0,grilled,6.0,25.5,40.58,20.1,2.1,62.2,455.3
Avocado,Fruits,300.0,baked,6.0,25.51,41.92,20.1,2.1,64.4,465.7
Avocado,Fruits,300.0,fried,5.98,25.41,81.03,20.1,2.1,51.1,804.1
Avocado,Fruits,300.0,deep_fried,6.03,25.62,102.38,20.1,2.1,44.1,994.3
Avocado,Fruits,400.0,raw,7.94,33.73,57.86,26.8,2.8,72.6,632.3
Avocado,Fruits,400.0,boiled,7.99,33.96,57.5,26.8,2.8,84.1,629.5
Avocado,Fruits,400.0,steamed,8.01,34.03,58.32,26.8,2.8,76.9,638.7
Avocado,Fruits,400.0,grilled,8.03,34.13,54.51,26.8,2.8,62.5,611.9
Avocado,Fruits,400.0,baked,8.04,34.18,56.46,26.8,2.8,64.8,627.6
Avocado,Fruits,400.0,fried,7.93,33.71,106.94,26.8,2.8,50.8,1060.0
Avocado,Fruits,400.0,deep_fried,7.91,33.61,132.13,26.8,2.8,43.4,1278.6
Avocado,Fruits,500.0,raw,10.1,42.91,74.91,33.5,3.5,73.9,820.8
Avocado,Fruits,500.0,boiled,10.02,42.61,72.39,33.5,3.5,84.4,793.0
Avocado,Fruits,500.0,steamed,9.94,42.26,71.95,33.5,3.5,76.4,787.2
Avocado,Fruits,500.0,grilled,10.12,42.99,69.19,33.5,3.5,62.9,777.5
Avocado,Fruits,500.0,baked,10.01,42.54,69.95,33.5,3.5,64.5,777.1
Avocado,Fruits,500.0,fried,10.09,42.88,138.38,33.5,3.5,51.7,1376.7
Avocado,Fruits,500.0,deep_fried,10.01,42.52,169.22,33.5,3.5,43.9,1641.9
Mango,Fruits,30.0,raw,0.24,4.57,0.12,0.48,4.11,84.8,19.4
Mango,Fruits,30.0,boiled,0.24,4.56,0.12,0.48,4.11,97.3,19.2
Mango,Fruits,30.0,steamed,0.24,4.49,0.12,0.48,4.11,87.5,18.9
Mango,Fruits,30.0,grilled,0.24,4.53,0.11,0.48,4.11,71.5,19.1
Mango,Fruits,30.0,baked,0.24,4.52,0.12,0.48,4.11,73.8,19.1
Mango,Fruits,30.0,fried,0.24,4.55,0.23,0.48,4.11,59.0,20.8
Mango,Fruits,30.0,deep_fried,0.24,4.47,0.27,0.48,4.11,49.7,21.1
Mango,Fruits,50.0,raw,0.4,7.54,0.2,0.8,6.85,83.9,31.9
Mango,Fruits,50.0,boiled,0.4,7.56,0.2,0.8,6.85,96.8,31.9
Mango,Fruits,50.0,steamed,0.39,7.4,0.19,0.8,6.85,86.5,31.0
Mango,Fruits,50.0,grilled,0.4,7.43,0.18,0.8,6.85,70.3,31.2
Mango,Fruits,50.0,baked,0.39,7.39,0.18,0.8,6.85,72.4,30.9
Mango,Fruits,50.0,fried,0.4,7.48,0.37,0.8,6.85,58.3,34.0
Mango,Fruits,50.0,deep_fried,0.4,7.54,0.46,0.8,6.85,50.4,35.7
Mango,Fruits,75.0,raw,0.61,11.38,0.31,1.2,10.27,84.4,48.3
Mango,Fruits,75.0,boiled,0.6,11.26,0.29,1.2,10.27,96.1,47.3
Mango,Fruits,75.0,steamed,0.61,11.39,0.3,1.2,10.27,88.7,48.2
Mango,Fruits,75.0,grilled,0.59,11.13,0.27,1.2,10.27,70.2,46.7
Mango,Fruits,75.0,baked,0.59,11.11,0.28,1.2,10.27,72.5,46.6
Mango,Fruits,75.0,fried,0.6,11.25,0.55,1.2,10.27,58.4,51.2
Mango,Fruits,75.0,deep_fried,0.6,11.28,0.69,1.2,10.27,50.2,53.4
Mango,Fruits,100.0,raw,0.8,15.0,0.4,1.6,13.7,83.5,63.3
Mango,Fruits,100.0,boiled,0.79,14.77,0.38,1.6,13.7,94.5,61.6
Mango,Fruits,100.0,steamed,0.8,14.99,0.4,1.6,13.7,87.6,63.2
Mango,Fruits,100.0,grilled,0.79,14.85,0.36,1.6,13.7,70.3,62.4
Mango,Fruits,100.0,baked,0.8,15.08,0.38,1.6,13.7,73.8,63.7
Mango,Fruits,100.0,fried,0.8,15.04,0.74,1.6,13.7,58.6,68.5
Mango,Fruits,100.0,deep_fried,0.79,14.89,0.91,1.6,13.7,49.7,70.3
Mango,Fruits,150.0,raw,1.2,22.41,0.6,2.4,20.55,83.2,94.5
Mango,Fruits,150.0,boiled,1.19,22.32,0.58,2.4,20.55,95.3,93.4
Mango,Fruits,150.0,steamed,1.2,22.49,0.59,2.4,20.55,87.6,94.7
Mango,Fruits,150.0,grilled,1.21,22.66,0.56,2.4,20.55,71.5,95.9
Mango,Fruits,150.0,baked,1.19,22.33,0.56,2.4,20.55,72.9,93.9
Mango,Fruits,150.0,fried,1.2,22.59,1.12,2.4,20.55,58.7,103.0
Mango,Fruits,150.0,deep_fried,1.2,22.41,1.37,2.4,20.55,49.9,105.9
Mango,Fruits,200.0,raw,1.59,29.82,0.79,3.2,27.4,83.0,125.5
Mango,Fruits,200.0,boiled,1.6,29.98,0.78,3.2,27.4,95.9,125.9
Mango,Fruits,200.0,steamed,1.59,29.77,0.78,3.2,27.4,87.0,125.0
Mango,Fruits,200.0,grilled,1.59,29.88,0.73,3.2,27.4,70.7,125.8
Mango,Fruits,200.0,baked,1.59,29.73,0.75,3.2,27.4,72.8,125.0
Mango,Fruits,200.0,fried,1.62,30.44,1.52,3.2,27.4,59.3,139.4
Mango,Fruits,200.0,deep_fried,1.6,30.01,1.84,3.2,27.4,50.1,142.0
Mango,Fruits,250.0,raw,1.99,37.3,0.99,4.0,34.25,83.1,157.1
Mango,Fruits,250.0,boiled,2.0,37.56,0.98,4.0,34.25,96.2,157.8
Mango,Fruits,250.0,steamed,2.0,37.47,0.99,4.0,34.25,87.6,157.8
Mango,Fruits,250.0,grilled,2.0,37.44,0.92,4.0,34.25,70.9,157.9
Mango,Fruits,250.0,baked,2.01,37.67,0.96,4.0,34.25,73.8,159.3
Mango,Fruits,250.0,fried,2.01,37.71,1.87,4.0,34.25,58.8,172.1
Mango,Fruits,250.0,deep_fried,1.99,37.35,2.28,4.0,34.25,49.9,176.4
Mango,Fruits,300.0,raw,2.39,44.81,1.19,4.8,41.1,83.1,188.8
Mango,Fruits,300.0,boiled,2.4,44.91,1.17,4.8,41.1,95.8,188.5
Mango,Fruits,300.0,steamed,2.36,44.22,1.15,4.8,41.1,86.2,184.9
Mango,Fruits,300.0,grilled,2.37,44.49,1.08,4.8,41.1,70.2,186.8
Mango,Fruits,300.0,baked,2.42,45.46,1.16,4.8,41.1,74.2,192.6
Mango,Fruits,300.0,fried,2.43,45.56,2.27,4.8,41.1,59.2,208.5
Mango,Fruits,300.0,deep_fried,2.4,44.92,2.75,4.8,41.1,50.0,212.4
Mango,Fruits,400.0,raw,3.21,60.26,1.61,6.4,54.8,83.9,254.8
Mango,Fruits,400.0,boiled,3.21,60.14,1.58,6.4,54.8,96.2,252.9
Mango,Fruits,400.0,steamed,3.27,61.39,1.66,6.4,54.8,89.7,261.1
Mango,Fruits,400.0,grilled,3.23,60.5,1.5,6.4,54.8,71.6,256.2
Mango,Fruits,400.0,baked,3.2,59.94,1.52,6.4,54.8,73.4,252.8
Mango,Fruits,400.0,fried,3.18,59.57,2.92,6.4,54.8,58.0,270.4
Mango,Fruits,400.0,deep_fried,3.16,59.28,3.59,6.4,54.8,49.5,279.0
Mango,Fruits,500.0,raw,4.01,75.11,2.01,8.0,68.5,83.6,317.3
Mango,Fruits,500.0,boiled,3.98,74.57,1.94,8.0,68.5,95.5,312.5
Mango,Fruits,500.0,steamed,3.96,74.2,1.94,8.0,68.5,86.7,311.2
Mango,Fruits,500.0,grilled,3.98,74.64,1.82,8.0,68.5,70.6,314.3
Mango,Fruits,500.0,baked,3.97,74.39,1.87,8.0,68.5,72.9,312.8
Mango,Fruits,500.0,fried,4.05,75.95,3.79,8.0,68.5,59.2,347.6
Mango,Fruits,500.0,deep_fried,4.03,75.5,4.66,8.0,68.5,50.4,358.3
Grapes,Fruits,30.0,raw,0.21,5.43,0.06,0.27,4.65,80.5,22.4
Grapes,Fruits,30.0,boiled,0.21,5.49,0.06,0.27,4.65,93.6,22.6
Grapes,Fruits,30.0,steamed,0.21,5.43,0.06,0.27,4.65,84.6,22.4
Grapes,Fruits,30.0,grilled,0.21,5.39,0.05,0.27,4.65,68.0,22.2
Grapes,Fruits,30.0,baked,0.21,5.49,0.06,0.27,4.65,71.6,22.8
Grapes,Fruits,30.0,fried,0.21,5.45,0.11,0.27,4.65,56.6,23.7
Grapes,Fruits,30.0,deep_fried,0.21,5.39,0.14,0.27,4.65,47.9,24.0
Grapes,Fruits,50.0,raw,0.35,9.04,0.1,0.45,7.75,80.4,37.3
Grapes,Fruits,50.0,boiled,0.35,8.99,0.1,0.45,7.75,92.0,36.9
Grapes,Fruits,50.0,steamed,0.35,8.96,0.1,0.45,7.75,83.6,36.8
Grapes,Fruits,50.0,grilled,0.35,9.11,0.09,0.45,7.75,68.9,37.7
Grapes,Fruits,50.0,baked,0.36,9.18,0.1,0.45,7.75,71.9,38.2
Grapes,Fruits,50.0,fried,0.35,8.96,0.18,0.45,7.75,55.8,38.8
Grapes,Fruits,50.0,deep_fried,0.35,9.09,0.23,0.45,7.75,48.5,40.6
Grapes,Fruits,75.0,raw,0.52,13.51,0.15,0.68,11.62,80.1,55.7
Grapes,Fruits,75.0,boiled,0.52,13.53,0.15,0.68,11.62,92.2,55.5
Grapes,Fruits,75.0,steamed,0.52,13.51,0.15,0.68,11.62,84.1,55.6
Grapes,Fruits,75.0,grilled,0.52,13.49,0.14,0.68,11.62,68.0,55.7
Grapes,Fruits,75.0,baked,0.53,13.58,0.14,0.68,11.62,70.9,56.1
Grapes,Fruits,75.0,fried,0.52,13.49,0.27,0.68,11.62,56.0,58.4
Grapes,Fruits,75.0,deep_fried,0.53,13.6,0.35,0.68,11.62,48.4,60.7
Grapes,Fruits,100.0,raw,0.7,18.09,0.2,0.9,15.5,80.5,74.7
Grapes,Fruits,100.0,boiled,0.7,18.07,0.2,0.9,15.5,92.4,74.3
Grapes,Fruits,100.0,steamed,0.7,17.98,0.2,0.9,15.5,83.9,74.0
Grapes,Fruits,100.0,grilled,0.7,18.02,0.18,0.9,15.5,68.1,74.4
Grapes,Fruits,100.0,baked,0.7,18.2,0.19,0.9,15.5,71.2,75.3
Grapes,Fruits,100.0,fried,0.7,18.17,0.37,0.9,15.5,56.6,79.0
Grapes,Fruits,100.0,deep_fried,0.69,17.97,0.45,0.9,15.5,47.9,79.9
Grapes,Fruits,150.0,raw,1.05,27.17,0.3,1.35,23.25,80.6,112.2
Grapes,Fruits,150.0,boiled,1.06,27.3,0.3,1.35,23.25,93.1,112.5
Grapes,Fruits,150.0,steamed,1.04,26.81,0.29,1.35,23.25,83.5,110.0
Grapes,Fruits,150.0,grilled,1.05,27.26,0.28,1.35,23.25,68.7,112.9
Grapes,Fruits,150.0,baked,1.04,27.02,0.28,1.35,23.25,70.5,111.4
Grapes,Fruits,150.0,fried,1.05,27.27,0.56,1.35,23.25,56.6,118.6
Grapes,Fruits,150.0,deep_fried,1.04,26.99,0.68,1.35,23.25,48.0,120.1
Grapes,Fruits,200.0,raw,1.38,35.71,0.39,1.8,31.0,79.4,146.7
Grapes,Fruits,200.0,boiled,1.38,35.76,0.38,1.8,31.0,91.4,146.3
Grapes,Fruits,200.0,steamed,1.4,36.21,0.4,1.8,31.0,84.6,149.2
Grapes,Fruits,200.0,grilled,1.4,36.27,0.37,1.8,31.0,68.6,150.1
Grapes,Fruits,200.0,baked,1.39,35.95,0.37,1.8,31.0,70.4,148.1
Grapes,Fruits,200.0,fried,1.41,36.37,0.75,1.8,31.0,56.6,158.2
Grapes,Fruits,200.0,deep_fried,1.38,35.75,0.9,1.8,31.0,47.7,158.8
Grapes,Fruits,250.0,raw,1.75,45.23,0.5,2.25,38.75,80.5,186.6
Grapes,Fruits,250.0,boiled,1.73,44.84,0.48,2.25,38.75,91.7,183.7
Grapes,Fruits,250.0,steamed,1.74,45.03,0.49,2.25,38.75,84.1,185.2
Grapes,Fruits,250.0,grilled,1.75,45.27,0.46,2.25,38.75,68.4,187.2
Grapes,Fruits,250.0,baked,1.74,44.96,0.47,2.25,38.75,70.4,185.3
Grapes,Fruits,250.0,fried,1.74,45.12,0.92,2.25,38.75,56.2,195.7
Grapes,Fruits,250.0,deep_fried,1.76,45.59,1.17,2.25,38.75,48.7,203.9
Grapes,Fruits,300.0,raw,2.09,54.07,0.59,2.7,46.5,80.2,222.8
Grapes,Fruits,300.0,boiled,2.11,54.64,0.6,2.7,46.5,93.2,225.1
Grapes,Fruits,300.0,steamed,2.08,53.84,0.58,2.7,46.5,83.8,221.1
Grapes,Fruits,300.0,grilled,2.11,54.52,0.56,2.7,46.5,68.7,225.8
Grapes,Fruits,300.0,baked,2.12,54.89,0.58,2.7,46.5,71.6,227.7
Grapes,Fruits,300.0,fried,2.06,53.29,1.07,2.7,46.5,55.3,229.9
Grapes,Fruits,300.0,deep_fried,2.09,53.98,1.36,2.7,46.5,48.0,240.2
Grapes,Fruits,400.0,raw,2.81,72.71,0.81,3.6,62.0,80.8,300.6
Grapes,Fruits,400.0,boiled,2.8,72.29,0.78,3.6,62.0,92.4,297.0
Grapes,Fruits,400.0,steamed,2.81,72.6,0.8,3.6,62.0,84.8,299.5
Grapes,Fruits,400.0,grilled,2.79,72.07,0.73,3.6,62.0,68.1,297.5
Grapes,Fruits,400.0,baked,2.8,72.45,0.76,3.6,62.0,70.9,299.4
Grapes,Fruits,400.0,fried,2.8,72.32,1.48,3.6,62.0,56.3,313.9
Grapes,Fruits,400.0,deep_fried,2.82,73.03,1.87,3.6,62.0,48.7,326.7
Grapes,Fruits,500.0,raw,3.51,90.67,1.0,4.5,77.5,80.7,374.5
Grapes,Fruits,500.0,boiled,3.51,90.73,0.98,4.5,77.5,92.8,373.2
Grapes,Fruits,500.0,steamed,3.49,90.22,0.98,4.5,77.5,84.3,371.3
Grapes,Fruits,500.0,grilled,3.49,90.17,0.91,4.5,77.5,68.2,372.4
Grapes,Fruits,500.0,baked,3.49,90.21,0.94,4.5,77.5,70.6,372.3
Grapes,Fruits,500.0,fried,3.51,90.77,1.86,4.5,77.5,56.5,394.6
Grapes,Fruits,500.0,deep_fried,3.49,90.21,2.29,4.5,77.5,48.1,401.9
Watermelon,Fruits,30.0,raw,0.18,2.28,0.06,0.12,1.86,91.6,10.1
Watermelon,Fruits,30.0,boiled,0.18,2.32,0.06,0.12,1.86,99.0,10.2
Watermelon,Fruits,30.0,steamed,0.18,2.29,0.06,0.12,1.86,96.6,10.1
Watermelon,Fruits,30.0,grilled,0.18,2.27,0.05,0.12,1.86,77.5,10.0
Watermelon,Fruits,30.0,baked,0.18,2.3,0.06,0.12,1.86,81.2,10.2
Watermelon,Fruits,30.0,fried,0.18,2.27,0.11,0.12,1.86,63.8,10.7
Watermelon,Fruits,30.0,deep_fried,0.18,2.25,0.13,0.12,1.86,54.0,11.0
Watermelon,Fruits,50.0,raw,0.3,3.77,0.1,0.2,3.1,90.7,16.6
Watermelon,Fruits,50.0,boiled,0.3,3.75,0.1,0.2,3.1,99.0,16.4
Watermelon,Fruits,50.0,steamed,0.3,3.79,0.1,0.2,3.1,95.7,16.7
Watermelon,Fruits,50.0,grilled,0.3,3.8,0.09,0.2,3.1,77.7,16.7
Watermelon,Fruits,50.0,baked,0.3,3.85,0.1,0.2,3.1,81.4,17.1
Watermelon,Fruits,50.0,fried,0.3,3.81,0.19,0.2,3.1,64.1,18.1
Watermelon,Fruits,50.0,deep_fried,0.3,3.79,0.23,0.2,3.1,54.7,18.6
Watermelon,Fruits,75.0,raw,0.45,5.74,0.15,0.3,4.65,92.0,25.3
Watermelon,Fruits,75.0,boiled,0.44,5.61,0.14,0.3,4.65,99.0,24.4
Watermelon,Fruits,75.0,steamed,0.45,5.71,0.15,0.3,4.65,96.1,25.1
Watermelon,Fruits,75.0,grilled,0.45,5.73,0.14,0.3,4.65,78.1,25.3
Watermelon,Fruits,75.0,baked,0.45,5.64,0.14,0.3,4.65,79.5,24.8
Watermelon,Fruits,75.0,fried,0.45,5.75,0.28,0.3,4.65,64.5,27.3
Watermelon,Fruits,75.0,deep_fried,0.45,5.71,0.35,0.3,4.65,55.0,28.1
Watermelon,Fruits,100.0,raw,0.6,7.58,0.2,0.4,6.2,91.1,33.4
Watermelon,Fruits,100.0,boiled,0.6,7.64,0.2,0.4,6.2,99.0,33.6
Watermelon,Fruits,100.0,steamed,0.61,7.73,0.2,0.4,6.2,97.6,34.2
Watermelon,Fruits,100.0,grilled,0.6,7.61,0.18,0.4,6.2,77.8,33.5
Watermelon,Fruits,100.0,baked,0.6,7.61,0.19,0.4,6.2,80.6,33.5
Watermelon,Fruits,100.0,fried,0.6,7.57,0.37,0.4,6.2,63.8,35.8
Watermelon,Fruits,100.0,deep_fried,0.6,7.55,0.45,0.4,6.2,54.5,37.0
Watermelon,Fruits,150.0,raw,0.91,11.47,0.3,0.6,9.3,92.0,50.7
Watermelon,Fruits,150.0,boiled,0.89,11.33,0.29,0.6,9.3,99.0,49.6
Watermelon,Fruits,150.0,steamed,0.9,11.41,0.3,0.6,9.3,96.0,50.2
Watermelon,Fruits,150.0,grilled,0.9,11.36,0.27,0.6,9.3,77.4,50.0
Watermelon,Fruits,150.0,baked,0.9,11.44,0.29,0.6,9.3,80.7,50.5
Watermelon,Fruits,150.0,fried,0.9,11.43,0.56,0.6,9.3,64.1,54.2
Watermelon,Fruits,150.0,deep_fried,0.91,11.49,0.7,0.6,9.3,55.3,56.6
Watermelon,Fruits,200.0,raw,1.2,15.14,0.4,0.8,12.4,91.1,66.7
Watermelon,Fruits,200.0,boiled,1.2,15.17,0.39,0.8,12.4,99.0,66.5
Watermelon,Fruits,200.0,steamed,1.19,15.09,0.39,0.8,12.4,95.3,66.2
Watermelon,Fruits,200.0,grilled,1.2,15.15,0.37,0.8,12.4,77.4,66.7
Watermelon,Fruits,200.0,baked,1.2,15.24,0.38,0.8,12.4,80.7,67.2
Watermelon,Fruits,200.0,fried,1.21,15.29,0.75,0.8,12.4,64.3,72.6
Watermelon,Fruits,200.0,deep_fried,1.19,15.09,0.91,0.8,12.4,54.5,73.9
Watermelon,Fruits,250.0,raw,1.51,19.12,0.51,1.0,15.5,92.0,84.5
Watermelon,Fruits,250.0,boiled,1.52,19.19,0.5,1.0,15.5,99.0,84.6
Watermelon,Fruits,250.0,steamed,1.5,19.06,0.5,1.0,15.5,96.3,83.9
Watermelon,Fruits,250.0,grilled,1.52,19.27,0.47,1.0,15.5,78.8,85.3
Watermelon,Fruits,250.0,baked,1.49,18.89,0.47,1.0,15.5,80.0,83.0
Watermelon,Fruits,250.0,fried,1.49,18.82,0.91,1.0,15.5,63.4,88.8
Watermelon,Fruits,250.0,deep_fried,1.48,18.75,1.12,1.0,15.5,54.1,91.6
Watermelon,Fruits,300.0,raw,1.82,23.06,0.61,1.2,18.6,92.4,102.1
Watermelon,Fruits,300.0,boiled,1.81,22.91,0.59,1.2,18.6,99.0,100.7
Watermelon,Fruits,300.0,steamed,1.8,22.79,0.59,1.2,18.6,95.9,100.2
Watermelon,Fruits,300.0,grilled,1.8,22.85,0.55,1.2,18.6,77.9,100.7
Watermelon,Fruits,300.0,baked,1.78,22.61,0.56,1.2,18.6,79.8,99.3
Watermelon,Fruits,300.0,fried,1.83,23.22,1.15,1.2,18.6,65.2,110.7
Watermelon,Fruits,300.0,deep_fried,1.8,22.82,1.38,1.2,18.6,54.9,112.1
Watermelon,Fruits,400.0,raw,2.4,30.42,0.8,1.6,24.8,91.5,134.1
Watermelon,Fruits,400.0,boiled,2.41,30.57,0.79,1.6,24.8,99.0,134.4
Watermelon,Fruits,400.0,steamed,2.41,30.51,0.8,1.6,24.8,96.3,134.4
Watermelon,Fruits,400.0,grilled,2.4,30.45,0.74,1.6,24.8,77.8,134.2
Watermelon,Fruits,400.0,baked,2.39,30.22,0.75,1.6,24.8,80.0,132.8
Watermelon,Fruits,400.0,fried,2.41,30.51,1.49,1.6,24.8,64.2,144.7
Watermelon,Fruits,400.0,deep_fried,2.43,30.83,1.89,1.6,24.8,55.6,152.3
Watermelon,Fruits,500.0,raw,3.03,38.38,1.02,2.0,31.0,92.3,169.8
Watermelon,Fruits,500.0,boiled,3.04,38.45,1.0,2.0,31.0,99.0,169.5
Watermelon,Fruits,500.0,steamed,2.99,37.85,0.98,2.0,31.0,95.6,166.2
Watermelon,Fruits,500.0,grilled,2.98,37.72,0.91,2.0,31.0,77.1,165.7
Watermelon,Fruits,500.0,baked,3.0,37.96,0.95,2.0,31.0,80.4,167.2
Watermelon,Fruits,500.0,fried,3.0,38.02,1.85,2.0,31.0,64.0,180.0
Watermelon,Fruits,500.0,deep_fried,3.02,38.31,2.34,2.0,31.0,55.3,188.8
Pineapple,Fruits,30.0,raw,0.15,3.88,0.03,0.42,2.97,84.9,15.4
Pineapple,Fruits,30.0,boiled,0.15,3.98,0.03,0.42,2.97,99.0,15.9
Pineapple,Fruits,30.0,steamed,0.15,3.93,0.03,0.42,2.97,90.2,15.7
Pineapple,Fruits,30.0,grilled,0.15,3.92,0.03,0.42,2.97,72.9,15.7
Pineapple,Fruits,30.0,baked,0.15,3.9,0.03,0.42,2.97,75.1,15.6
Pineapple,Fruits,30.0,fried,0.15,3.88,0.05,0.42,2.97,59.5,16.1
Pineapple,Fruits,30.0,deep_fried,0.15,3.95,0.07,0.42,2.97,51.9,17.0
Pineapple,Fruits,50.0,raw,0.25,6.55,0.05,0.7,4.95,86.0,26.2
Pineapple,Fruits,50.0,boiled,0.25,6.49,0.05,0.7,4.95,97.9,25.7
Pineapple,Fruits,50.0,steamed,0.25,6.49,0.05,0.7,4.95,89.4,25.8
Pineapple,Fruits,50.0,grilled,0.25,6.53,0.05,0.7,4.95,72.9,26.2
Pineapple,Fruits,50.0,baked,0.25,6.63,0.05,0.7,4.95,76.6,26.6
Pineapple,Fruits,50.0,fried,0.25,6.54,0.09,0.7,4.95,60.1,27.3
Pineapple,Fruits,50.0,deep_fried,0.25,6.48,0.11,0.7,4.95,51.0,27.7
Pineapple,Fruits,75.0,raw,0.37,9.81,0.07,1.05,7.43,85.8,39.1
Pineapple,Fruits,75.0,boiled,0.37,9.8,0.07,1.05,7.43,98.7,38.9
Pineapple,Fruits,75.0,steamed,0.37,9.63,0.07,1.05,7.43,88.5,38.1
Pineapple,Fruits,75.0,grilled,0.37,9.82,0.07,1.05,7.43,73.1,39.3
Pineapple,Fruits,75.0,baked,0.37,9.81,0.07,1.05,7.43,75.5,39.2
Pineapple,Fruits,75.0,fried,0.38,9.88,0.14,1.05,7.43,60.5,41.4
Pineapple,Fruits,75.0,deep_fried,0.38,9.96,0.18,1.05,7.43,52.3,42.9
Pineapple,Fruits,100.0,raw,0.5,13.21,0.1,1.4,9.9,86.7,52.9
Pineapple,Fruits,100.0,boiled,0.5,13.07,0.1,1.4,9.9,98.7,51.9
Pineapple,Fruits,100.0,steamed,0.5,12.99,0.1,1.4,9.9,89.6,51.6
Pineapple,Fruits,100.0,grilled,0.51,13.35,0.1,1.4,9.9,74.5,53.9
Pineapple,Fruits,100.0,baked,0.5,13.11,0.1,1.4,9.9,75.7,52.5
Pineapple,Fruits,100.0,fried,0.5,13.1,0.19,1.4,9.9,60.2,54.8
Pineapple,Fruits,100.0,deep_fried,0.5,13.1,0.23,1.4,9.9,51.6,56.2
Pineapple,Fruits,150.0,raw,0.75,19.68,0.15,2.1,14.85,86.1,78.6
Pineapple,Fruits,150.0,boiled,0.75,19.63,0.15,2.1,14.85,98.8,78.0
Pineapple,Fruits,150.0,steamed,0.75,19.57,0.15,2.1,14.85,89.9,77.9
Pineapple,Fruits,150.0,grilled,0.75,19.57,0.14,2.1,14.85,72.8,78.2
Pineapple,Fruits,150.0,baked,0.75,19.65,0.14,2.1,14.85,75.7,78.5
Pineapple,Fruits,150.0,fried,0.75,19.57,0.28,2.1,14.85,60.0,81.8
Pineapple,Fruits,150.0,deep_fried,0.75,19.54,0.34,2.1,14.85,51.3,83.6
Pineapple,Fruits,200.0,raw,1.0,26.22,0.2,2.8,19.8,86.1,104.7
Pineapple,Fruits,200.0,boiled,1.0,26.15,0.2,2.8,19.8,98.7,103.9
Pineapple,Fruits,200.0,steamed,1.01,26.5,0.2,2.8,19.8,91.3,106.1
Pineapple,Fruits,200.0,grilled,0.98,25.68,0.18,2.8,19.8,71.6,102.0
Pineapple,Fruits,200.0,baked,1.01,26.41,0.19,2.8,19.8,76.3,105.9
Pineapple,Fruits,200.0,fried,1.01,26.44,0.38,2.8,19.8,60.8,111.0
Pineapple,Fruits,200.0,deep_fried,0.98,25.79,0.45,2.8,19.8,50.8,110.0
Pineapple,Fruits,250.0,raw,1.25,32.67,0.25,3.5,24.75,85.8,130.3
Pineapple,Fruits,250.0,boiled,1.25,32.66,0.24,3.5,24.75,98.6,129.7
Pineapple,Fruits,250.0,steamed,1.24,32.4,0.24,3.5,24.75,89.3,128.6
Pineapple,Fruits,250.0,grilled,1.24,32.56,0.23,3.5,24.75,72.7,130.0
Pineapple,Fruits,250.0,baked,1.24,32.48,0.23,3.5,24.75,75.0,129.4
Pineapple,Fruits,250.0,fried,1.27,33.18,0.47,3.5,24.75,61.0,139.5
Pineapple,Fruits,250.0,deep_fried,1.26,32.98,0.58,3.5,24.75,52.0,141.8
Pineapple,Fruits,300.0,raw,1.51,39.67,0.31,4.2,29.7,86.8,159.0
Pineapple,Fruits,300.0,boiled,1.51,39.51,0.3,4.2,29.7,99.0,157.4
Pineapple,Fruits,300.0,steamed,1.49,38.97,0.29,4.2,29.7,89.5,154.8
Pineapple,Fruits,300.0,grilled,1.49,39.15,0.27,4.2,29.7,72.8,156.4
Pineapple,Fruits,300.0,baked,1.51,39.44,0.29,4.2,29.7,76.0,158.0
Pineapple,Fruits,300.0,fried,1.49,38.94,0.54,4.2,29.7,59.6,162.3
Pineapple,Fruits,300.0,deep_fried,1.51,39.51,0.7,4.2,29.7,51.9,169.8
Pineapple,Fruits,400.0,raw,2.0,52.31,0.4,5.6,39.6,85.8,208.7
Pineapple,Fruits,400.0,boiled,1.99,52.25,0.39,5.6,39.6,98.6,207.5
Pineapple,Fruits,400.0,steamed,2.01,52.68,0.4,5.6,39.6,90.8,210.4
Pineapple,Fruits,400.0,grilled,2.01,52.57,0.37,5.6,39.6,73.3,210.7
Pineapple,Fruits,400.0,baked,1.99,52.26,0.38,5.6,39.6,75.5,208.7
Pineapple,Fruits,400.0,fried,2.02,52.86,0.75,5.6,39.6,60.7,221.8
Pineapple,Fruits,400.0,deep_fried,1.98,51.98,0.91,5.6,39.6,51.2,222.3
Pineapple,Fruits,500.0,raw,2.51,65.8,0.5,7.0,49.5,86.4,263.1
Pineapple,Fruits,500.0,boiled,2.51,65.79,0.49,7.0,49.5,99.0,262.0
Pineapple,Fruits,500.0,steamed,2.49,65.35,0.49,7.0,49.5,90.1,260.2
Pineapple,Fruits,500.0,grilled,2.51,65.66,0.46,7.0,49.5,73.3,263.1
Pineapple,Fruits,500.0,baked,2.48,64.89,0.47,7.0,49.5,75.0,258.6
Pineapple,Fruits,500.0,fried,2.52,65.95,0.94,7.0,49.5,60.6,276.6
Pineapple,Fruits,500.0,deep_fried,2.5,65.41,1.15,7.0,49.5,51.5,280.4
Peach,Fruits,30.0,raw,0.27,2.84,0.09,0.45,2.52,88.6,12.3
Peach,Fruits,30.0,boiled,0.27,2.87,0.09,0.45,2.52,99.0,12.4
Peach,Fruits,30.0,steamed,0.27,2.83,0.09,0.45,2.52,92.9,12.2
Peach,Fruits,30.0,grilled,0.27,2.82,0.08,0.45,2.52,74.8,12.1
Peach,Fruits,30.0,baked,0.27,2.82,0.08,0.45,2.52,77.3,12.1
Peach,Fruits,30.0,fried,0.27,2.86,0.17,0.45,2.52,62.5,13.5
Peach,Fruits,30.0,deep_fried,0.27,2.82,0.2,0.45,2.52,52.8,13.7
Peach,Fruits,50.0,raw,0.46,4.81,0.15,0.75,4.2,90.1,20.9
Peach,Fruits,50.0,boiled,0.44,4.68,0.14,0.75,4.2,99.0,20.0
Peach,Fruits,50.0,steamed,0.46,4.81,0.15,0.75,4.2,94.5,20.9
Peach,Fruits,50.0,grilled,0.45,4.76,0.14,0.75,4.2,75.7,20.6
Peach,Fruits,50.0,baked,0.45,4.75,0.14,0.75,4.2,78.2,20.5
Peach,Fruits,50.0,fried,0.45,4.73,0.28,0.75,4.2,62.0,22.2
Peach,Fruits,50.0,deep_fried,0.45,4.76,0.35,0.75,4.2,53.5,23.4
Peach,Fruits,75.0,raw,0.67,7.12,0.22,1.12,6.3,88.9,30.8
Peach,Fruits,75.0,boiled,0.68,7.18,0.22,1.12,6.3,99.0,31.0
Peach,Fruits,75.0,steamed,0.68,7.13,0.22,1.12,6.3,93.4,30.8
Peach,Fruits,75.0,grilled,0.68,7.13,0.21,1.12,6.3,75.7,30.9
Peach,Fruits,75.0,baked,0.67,7.11,0.21,1.12,6.3,78.0,30.7
Peach,Fruits,75.0,fried,0.67,7.12,0.42,1.12,6.3,62.2,33.5
Peach,Fruits,75.0,deep_fried,0.68,7.14,0.52,1.12,6.3,53.5,35.0
Peach,Fruits,100.0,raw,0.89,9.38,0.29,1.5,8.4,87.8,40.3
Peach,Fruits,100.0,boiled,0.89,9.4,0.29,1.5,8.4,99.0,40.3
Peach,Fruits,100.0,steamed,0.91,9.55,0.3,1.5,8.4,93.9,41.4
Peach,Fruits,100.0,grilled,0.9,9.51,0.28,1.5,8.4,75.7,41.2
Peach,Fruits,100.0,baked,0.9,9.49,0.28,1.5,8.4,78.1,41.0
Peach,Fruits,100.0,fried,0.9,9.5,0.56,1.5,8.4,62.2,44.7
Peach,Fruits,100.0,deep_fried,0.9,9.52,0.69,1.5,8.4,53.5,46.7
Peach,Fruits,150.0,raw,1.34,14.19,0.45,2.25,12.6,88.5,61.3
Peach,Fruits,150.0,boiled,1.34,14.17,0.44,2.25,12.6,99.0,60.9
Peach,Fruits,150.0,steamed,1.35,14.27,0.45,2.25,12.6,93.5,61.7
Peach,Fruits,150.0,grilled,1.34,14.15,0.41,2.25,12.6,75.0,61.0
Peach,Fruits,150.0,baked,1.35,14.29,0.43,2.25,12.6,78.5,61.9
Peach,Fruits,150.0,fried,1.33,14.07,0.81,2.25,12.6,61.4,65.7
Peach,Fruits,150.0,deep_fried,1.36,14.36,1.05,2.25,12.6,53.8,70.6
Peach,Fruits,200.0,raw,1.81,19.07,0.6,3.0,16.8,89.2,82.6
Peach,Fruits,200.0,boiled,1.8,19.04,0.59,3.0,16.8,99.0,82.0
Peach,Fruits,200.0,steamed,1.81,19.14,0.6,3.0,16.8,94.0,82.9
Peach,Fruits,200.0,grilled,1.82,19.24,0.57,3.0,16.8,76.5,83.7
Peach,Fruits,200.0,baked,1.81,19.14,0.58,3.0,16.8,78.8,83.1
Peach,Fruits,200.0,fried,1.78,18.74,1.08,3.0,16.8,61.4,87.5
Peach,Fruits,200.0,deep_fried,1.78,18.82,1.35,3.0,16.8,52.8,91.7
Peach,Fruits,250.0,raw,2.24,23.64,0.74,3.75,21.0,88.5,102.1
Peach,Fruits,250.0,boiled,2.25,23.75,0.74,3.75,21.0,99.0,102.3
Peach,Fruits,250.0,steamed,2.26,23.84,0.75,3.75,21.0,93.7,103.2
Peach,Fruits,250.0,grilled,2.24,23.62,0.68,3.75,21.0,75.2,101.9
Peach,Fruits,250.0,baked,2.25,23.78,0.71,3.75,21.0,78.3,102.9
Peach,Fruits,250.0,fried,2.24,23.62,1.37,3.75,21.0,61.9,110.7
Peach,Fruits,250.0,deep_fried,2.24,23.64,1.71,3.75,21.0,53.1,115.5
Peach,Fruits,300.0,raw,2.67,28.2,0.88,4.5,25.2,88.0,121.5
Peach,Fruits,300.0,boiled,2.68,28.3,0.87,4.5,25.2,99.0,121.5
Peach,Fruits,300.0,steamed,2.67,28.21,0.87,4.5,25.2,92.4,121.2
Peach,Fruits,300.0,grilled,2.68,28.29,0.82,4.5,25.2,75.0,121.9
Peach,Fruits,300.0,baked,2.72,28.73,0.87,4.5,25.2,78.9,124.7
Peach,Fruits,300.0,fried,2.68,28.3,1.64,4.5,25.2,61.8,132.5
Peach,Fruits,300.0,deep_fried,2.75,29.06,2.15,4.5,25.2,54.4,143.6
Peach,Fruits,400.0,raw,3.61,38.14,1.21,6.0,33.6,89.2,165.3
Peach,Fruits,400.0,boiled,3.6,38.05,1.18,6.0,33.6,99.0,163.9
Peach,Fruits,400.0,steamed,3.58,37.76,1.17,6.0,33.6,92.7,162.6
Peach,Fruits,400.0,grilled,3.62,38.2,1.12,6.0,33.6,76.0,165.6
Peach,Fruits,400.0,baked,3.58,37.84,1.13,6.0,33.6,77.9,163.3
Peach,Fruits,400.0,fried,3.6,38.03,2.22,6.0,33.6,62.3,178.7
Peach,Fruits,400.0,deep_fried,3.67,38.73,2.87,6.0,33.6,54.4,191.4
Peach,Fruits,500.0,raw,4.5,47.47,1.5,7.5,42.0,88.8,205.4
Peach,Fruits,500.0,boiled,4.54,47.91,1.5,7.5,42.0,99.0,207.2
Peach,Fruits,500.0,steamed,4.48,47.25,1.47,7.5,42.0,92.9,203.6
Peach,Fruits,500.0,grilled,4.5,47.49,1.38,7.5,42.0,75.5,205.3
Peach,Fruits,500.0,baked,4.56,48.13,1.46,7.5,42.0,79.3,209.4
Peach,Fruits,500.0,fried,4.48,47.28,2.75,7.5,42.0,61.9,221.6
Peach,Fruits,500.0,deep_fried,4.56,48.15,3.54,7.5,42.0,54.1,237.3
Papaya,Fruits,30.0,raw,0.15,3.26,0.09,0.51,2.34,88.6,13.4
Papaya,Fruits,30.0,boiled,0.15,3.23,0.09,0.51,2.34,99.0,13.2
Papaya,Fruits,30.0,steamed,0.15,3.26,0.09,0.51,2.34,92.9,13.4
Papaya,Fruits,30.0,grilled,0.15,3.26,0.08,0.51,2.34,75.4,13.4
Papaya,Fruits,30.0,baked,0.15,3.26,0.09,0.51,2.34,77.9,13.4
Papaya,Fruits,30.0,fried,0.15,3.2,0.16,0.51,2.34,60.9,14.1
Papaya,Fruits,30.0,deep_fried,0.15,3.22,0.2,0.51,2.34,52.6,14.8
Papaya,Fruits,50.0,raw,0.25,5.39,0.15,0.85,3.9,87.9,22.1
Papaya,Fruits,50.0,boiled,0.25,5.4,0.15,0.85,3.9,99.0,22.1
Papaya,Fruits,50.0,steamed,0.25,5.43,0.15,0.85,3.9,92.9,22.3
Papaya,Fruits,50.0,grilled,0.25,5.41,0.14,0.85,3.9,75.0,22.2
Papaya,Fruits,50.0,baked,0.25,5.35,0.14,0.85,3.9,76.8,21.9
Papaya,Fruits,50.0,fried,0.25,5.42,0.28,0.85,3.9,61.8,24.1
Papaya,Fruits,50.0,deep_fried,0.25,5.42,0.35,0.85,3.9,53.1,25.2
Papaya,Fruits,75.0,raw,0.38,8.13,0.23,1.27,5.85,88.5,33.5
Papaya,Fruits,75.0,boiled,0.38,8.17,0.22,1.27,5.85,99.0,33.5
Papaya,Fruits,75.0,steamed,0.38,8.15,0.23,1.27,5.85,93.1,33.6
Papaya,Fruits,75.0,grilled,0.38,8.13,0.21,1.27,5.85,75.1,33.5
Papaya,Fruits,75.0,baked,0.37,8.1,0.21,1.27,5.85,77.5,33.2
Papaya,Fruits,75.0,fried,0.37,8.0,0.41,1.27,5.85,60.9,35.4
Papaya,Fruits,75.0,deep_fried,0.38,8.13,0.52,1.27,5.85,53.0,37.7
Papaya,Fruits,100.0,raw,0.5,10.82,0.3,1.7,7.8,88.2,44.5
Papaya,Fruits,100.0,boiled,0.5,10.82,0.3,1.7,7.8,99.0,44.3
Papaya,Fruits,100.0,steamed,0.5,10.7,0.29,1.7,7.8,91.6,43.7
Papaya,Fruits,100.0,grilled,0.5,10.71,0.27,1.7,7.8,74.3,43.8
Papaya,Fruits,100.0,baked,0.5,10.89,0.29,1.7,7.8,78.1,44.9
Papaya,Fruits,100.0,fried,0.5,10.8,0.55,1.7,7.8,61.7,48.0
Papaya,Fruits,100.0,deep_fried,0.5,10.86,0.7,1.7,7.8,53.1,50.4
Papaya,Fruits,150.0,raw,0.75,16.2,0.45,2.55,11.7,88.1,66.6
Papaya,Fruits,150.0,boiled,0.75,16.2,0.44,2.55,11.7,99.0,66.2
Papaya,Fruits,150.0,steamed,0.76,16.31,0.45,2.55,11.7,93.2,67.1
Papaya,Fruits,150.0,grilled,0.75,16.14,0.41,2.55,11.7,74.6,66.2
Papaya,Fruits,150.0,baked,0.75,16.21,0.43,2.55,11.7,77.6,66.6
Papaya,Fruits,150.0,fried,0.75,16.14,0.83,2.55,11.7,61.5,71.7
Papaya,Fruits,150.0,deep_fried,0.75,16.15,1.03,2.55,11.7,52.7,74.7
Papaya,Fruits,200.0,raw,1.0,21.55,0.6,3.4,15.6,87.9,88.5
Papaya,Fruits,200.0,boiled,1.0,21.64,0.59,3.4,15.6,99.0,88.5
Papaya,Fruits,200.0,steamed,1.0,21.52,0.59,3.4,15.6,92.2,88.1
Papaya,Fruits,200.0,grilled,1.01,21.8,0.56,3.4,15.6,75.6,89.9
Papaya,Fruits,200.0,baked,0.99,21.46,0.56,3.4,15.6,77.0,87.8
Papaya,Fruits,200.0,fried,1.0,21.57,1.11,3.4,15.6,61.6,95.9
Papaya,Fruits,200.0,deep_fried,1.0,21.53,1.37,3.4,15.6,52.7,99.6
Papaya,Fruits,250.0,raw,1.26,27.29,0.77,4.25,19.5,89.1,112.7
Papaya,Fruits,250.0,boiled,1.25,27.04,0.74,4.25,19.5,99.0,110.6
Papaya,Fruits,250.0,steamed,1.26,27.21,0.75,4.25,19.5,93.2,111.9
Papaya,Fruits,250.0,grilled,1.24,26.7,0.67,4.25,19.5,74.1,109.1
Papaya,Fruits,250.0,baked,1.25,27.05,0.72,4.25,19.5,77.7,111.2
Papaya,Fruits,250.0,fried,1.26,27.18,1.41,4.25,19.5,62.1,121.3
Papaya,Fruits,250.0,deep_fried,1.25,27.02,1.73,4.25,19.5,52.9,125.2
Papaya,Fruits,300.0,raw,1.51,32.66,0.91,5.1,23.4,88.8,134.6
Papaya,Fruits,300.0,boiled,1.49,32.27,0.88,5.1,23.4,99.0,131.7
Papaya,Fruits,300.0,steamed,1.52,32.74,0.91,5.1,23.4,93.5,134.9
Papaya,Fruits,300.0,grilled,1.53,32.96,0.86,5.1,23.4,76.2,136.4
Papaya,Fruits,300.0,baked,1.5,32.31,0.85,5.1,23.4,77.3,132.6
Papaya,Fruits,300.0,fried,1.49,32.29,1.65,5.1,23.4,61.5,143.4
Papaya,Fruits,300.0,deep_fried,1.52,32.75,2.12,5.1,23.4,53.4,152.5
Papaya,Fruits,400.0,raw,2.02,43.71,1.23,6.8,31.2,89.1,180.6
Papaya,Fruits,400.0,boiled,1.99,43.03,1.17,6.8,31.2,99.0,175.6
Papaya,Fruits,400.0,steamed,1.99,43.06,1.18,6.8,31.2,92.2,176.3
Papaya,Fruits,400.0,grilled,2.0,43.11,1.1,6.8,31.2,74.7,176.9
Papaya,Fruits,400.0,baked,1.98,42.76,1.12,6.8,31.2,76.7,174.9
Papaya,Fruits,400.0,fried,1.99,42.9,2.19,6.8,31.2,61.2,190.2
Papaya,Fruits,400.0,deep_fried,1.98,42.87,2.72,6.8,31.2,52.5,197.9
Papaya,Fruits,500.0,raw,2.49,53.69,1.48,8.5,39.0,87.6,220.0
Papaya,Fruits,500.0,boiled,2.5,53.99,1.47,8.5,39.0,99.0,220.7
Papaya,Fruits,500.0,steamed,2.5,54.09,1.49,8.5,39.0,92.7,222.0
Papaya,Fruits,500.0,grilled,2.53,54.63,1.41,8.5,39.0,75.8,225.5
Papaya,Fruits,500.0,baked,2.48,53.6,1.4,8.5,39.0,76.9,219.4
Papaya,Fruits,500.0,fried,2.52,54.4,2.82,8.5,39.0,62.1,242.8
Papaya,Fruits,500.0,deep_fried,2.5,53.91,3.44,8.5,39.0,52.8,249.5
Pears,Fruits,30.0,raw,0.12,4.56,0.03,0.93,2.94,84.0,17.1
Pears,Fruits,30.0,boiled,0.12,4.58,0.03,0.93,2.94,97.1,17.2
Pears,Fruits,30.0,steamed,0.12,4.52,0.03,0.93,2.94,87.5,16.9
Pears,Fruits,30.0,grilled,0.12,4.57,0.03,0.93,2.94,71.6,17.3
Pears,Fruits,30.0,baked,0.12,4.57,0.03,0.93,2.94,74.0,17.2
Pears,Fruits,30.0,fried,0.12,4.58,0.06,0.93,2.94,59.0,18.1
Pears,Fruits,30.0,deep_fried,0.12,4.57,0.07,0.93,2.94,50.5,18.5
Pears,Fruits,50.0,raw,0.2,7.74,0.05,1.55,4.9,85.5,29.3
Pears,Fruits,50.0,boiled,0.2,7.56,0.05,1.55,4.9,96.1,28.2
Pears,Fruits,50.0,steamed,0.2,7.57,0.05,1.55,4.9,87.8,28.3
Pears,Fruits,50.0,grilled,0.2,7.56,0.05,1.55,4.9,71.1,28.5
Pears,Fruits,50.0,baked,0.2,7.57,0.05,1.55,4.9,73.6,28.5
Pears,Fruits,50.0,fried,0.2,7.56,0.09,1.55,4.9,58.5,29.7
Pears,Fruits,50.0,deep_fried,0.2,7.67,0.12,1.55,4.9,50.8,31.1
Pears,Fruits,75.0,raw,0.3,11.52,0.08,2.33,7.35,84.9,43.5
Pears,Fruits,75.0,boiled,0.3,11.35,0.07,2.33,7.35,96.2,42.3
Pears,Fruits,75.0,steamed,0.3,11.33,0.07,2.33,7.35,87.6,42.3
Pears,Fruits,75.0,grilled,0.3,11.44,0.07,2.33,7.35,71.7,43.1
Pears,Fruits,75.0,baked,0.3,11.35,0.07,2.33,7.35,73.6,42.6
Pears,Fruits,75.0,fried,0.3,11.45,0.14,2.33,7.35,59.1,45.2
Pears,Fruits,75.0,deep_fried,0.3,11.42,0.17,2.33,7.35,50.5,46.1
Pears,Fruits,100.0,raw,0.4,15.03,0.1,3.1,9.8,83.0,56.2
Pears,Fruits,100.0,boiled,0.4,15.38,0.1,3.1,9.8,97.7,57.8
Pears,Fruits,100.0,steamed,0.41,15.4,0.1,3.1,9.8,89.4,58.1
Pears,Fruits,100.0,grilled,0.4,15.13,0.09,3.1,9.8,71.1,56.9
Pears,Fruits,100.0,baked,0.4,15.16,0.09,3.1,9.8,73.7,56.9
Pears,Fruits,100.0,fried,0.4,15.23,0.19,3.1,9.8,58.9,60.1
Pears,Fruits,100.0,deep_fried,0.4,15.24,0.23,3.1,9.8,50.5,61.6
Pears,Fruits,150.0,raw,0.6,22.91,0.15,4.65,14.7,84.4,86.2
Pears,Fruits,150.0,boiled,0.61,23.14,0.15,4.65,14.7,98.1,87.1
Pears,Fruits,150.0,steamed,0.6,22.77,0.15,4.65,14.7,88.1,85.3
Pears,Fruits,150.0,grilled,0.6,22.66,0.14,4.65,14.7,71.0,85.2
Pears,Fruits,150.0,baked,0.59,22.56,0.14,4.65,14.7,73.2,84.5
Pears,Fruits,150.0,fried,0.6,22.68,0.27,4.65,14.7,58.5,89.1
Pears,Fruits,150.0,deep_fried,0.6,22.79,0.34,4.65,14.7,50.4,92.0
Pears,Fruits,200.0,raw,0.81,30.81,0.21,6.2,19.6,85.1,116.4
Pears,Fruits,200.0,boiled,0.8,30.28,0.19,6.2,19.6,96.2,113.0
Pears,Fruits,200.0,steamed,0.8,30.45,0.2,6.2,19.6,88.3,114.3
Pears,Fruits,200.0,grilled,0.8,30.4,0.18,6.2,19.6,71.4,114.5
Pears,Fruits,200.0,baked,0.81,30.67,0.19,6.2,19.6,74.6,115.8
Pears,Fruits,200.0,fried,0.82,30.98,0.38,6.2,19.6,59.9,122.9
Pears,Fruits,200.0,deep_fried,0.8,30.28,0.46,6.2,19.6,50.2,122.1
Pears,Fruits,250.0,raw,1.0,37.86,0.25,7.75,24.5,83.7,142.0
Pears,Fruits,250.0,boiled,1.01,38.3,0.25,7.75,24.5,97.4,143.7
Pears,Fruits,250.0,steamed,1.01,38.19,0.25,7.75,24.5,88.7,143.5
Pears,Fruits,250.0,grilled,1.01,38.53,0.24,7.75,24.5,72.4,146.0
Pears,Fruits,250.0,baked,1.0,38.17,0.24,7.75,24.5,74.2,143.9
Pears,Fruits,250.0,fried,1.0,37.9,0.46,7.75,24.5,58.6,149.1
Pears,Fruits,250.0,deep_fried,1.0,38.17,0.58,7.75,24.5,50.6,154.3
Pears,Fruits,300.0,raw,1.21,45.98,0.3,9.3,29.4,84.7,173.3
Pears,Fruits,300.0,boiled,1.21,45.88,0.3,9.3,29.4,97.2,172.1
Pears,Fruits,300.0,steamed,1.2,45.77,0.3,9.3,29.4,88.5,171.9
Pears,Fruits,300.0,grilled,1.21,45.96,0.28,9.3,29.4,72.0,173.7
Pears,Fruits,300.0,baked,1.21,46.0,0.29,9.3,29.4,74.6,173.7
Pears,Fruits,300.0,fried,1.21,46.07,0.57,9.3,29.4,59.4,182.2
Pears,Fruits,300.0,deep_fried,1.21,45.82,0.7,9.3,29.4,50.6,185.4
Pears,Fruits,400.0,raw,1.6,60.72,0.4,12.4,39.2,83.9,228.0
Pears,Fruits,400.0,boiled,1.6,60.87,0.39,12.4,39.2,96.7,227.7
Pears,Fruits,400.0,steamed,1.61,61.35,0.4,12.4,39.2,89.0,230.9
Pears,Fruits,400.0,grilled,1.59,60.43,0.36,12.4,39.2,71.0,227.0
Pears,Fruits,400.0,baked,1.6,60.97,0.38,12.4,39.2,74.1,229.6
Pears,Fruits,400.0,fried,1.6,60.62,0.74,12.4,39.2,58.6,238.4
Pears,Fruits,400.0,deep_fried,1.6,60.81,0.92,12.4,39.2,50.4,245.5
Pears,Fruits,500.0,raw,2.02,76.73,0.51,15.5,49.0,84.8,289.4
Pears,Fruits,500.0,boiled,2.0,76.11,0.49,15.5,49.0,96.7,284.8
Pears,Fruits,500.0,steamed,2.0,76.03,0.5,15.5,49.0,88.2,285.2
Pears,Fruits,500.0,grilled,1.98,75.22,0.45,15.5,49.0,70.7,282.1
Pears,Fruits,500.0,baked,2.01,76.43,0.48,15.5,49.0,74.3,288.2
Pears,Fruits,500.0,fried,2.01,76.37,0.93,15.5,49.0,59.1,301.3
Pears,Fruits,500.0,deep_fried,2.03,77.23,1.19,15.5,49.0,51.2,313.8
Kiwi,Fruits,30.0,raw,0.33,4.4,0.15,0.9,2.7,82.9,18.4
Kiwi,Fruits,30.0,boiled,0.33,4.42,0.15,0.9,2.7,95.7,18.5
Kiwi,Fruits,30.0,steamed,0.33,4.42,0.15,0.9,2.7,87.4,18.5
Kiwi,Fruits,30.0,grilled,0.33,4.46,0.14,0.9,2.7,71.5,18.8
Kiwi,Fruits,30.0,baked,0.33,4.41,0.14,0.9,2.7,73.1,18.4
Kiwi,Fruits,30.0,fried,0.33,4.42,0.28,0.9,2.7,58.3,20.3
Kiwi,Fruits,30.0,deep_fried,0.33,4.43,0.35,0.9,2.7,50.1,21.3
Kiwi,Fruits,50.0,raw,0.55,7.36,0.25,1.5,4.5,83.2,30.9
Kiwi,Fruits,50.0,boiled,0.55,7.33,0.24,1.5,4.5,95.2,30.5
Kiwi,Fruits,50.0,steamed,0.55,7.36,0.25,1.5,4.5,87.4,30.8
Kiwi,Fruits,50.0,grilled,0.55,7.41,0.23,1.5,4.5,71.2,31.1
Kiwi,Fruits,50.0,baked,0.55,7.29,0.23,1.5,4.5,72.6,30.4
Kiwi,Fruits,50.0,fried,0.55,7.36,0.46,1.5,4.5,58.2,33.7
Kiwi,Fruits,50.0,deep_fried,0.55,7.31,0.57,1.5,4.5,49.6,35.0
Kiwi,Fruits,75.0,raw,0.83,11.12,0.38,2.25,6.75,83.8,46.8
Kiwi,Fruits,75.0,boiled,0.82,10.9,0.36,2.25,6.75,94.5,45.2
Kiwi,Fruits,75.0,steamed,0.82,10.98,0.37,2.25,6.75,86.9,45.9
Kiwi,Fruits,75.0,grilled,0.83,11.06,0.35,2.25,6.75,70.8,46.4
Kiwi,Fruits,75.0,baked,0.83,11.15,0.36,2.25,6.75,74.0,46.9
Kiwi,Fruits,75.0,fried,0.82,11.02,0.69,2.25,6.75,58.1,50.4
Kiwi,Fruits,75.0,deep_fried,0.82,10.98,0.86,2.25,6.75,49.7,52.5
Kiwi,Fruits,100.0,raw,1.12,14.91,0.51,3.0,9.0,84.3,62.9
Kiwi,Fruits,100.0,boiled,1.09,14.54,0.48,3.0,9.0,94.5,60.3
Kiwi,Fruits,100.0,steamed,1.08,14.46,0.48,3.0,9.0,85.8,60.0
Kiwi,Fruits,100.0,grilled,1.1,14.75,0.46,3.0,9.0,70.9,61.8
Kiwi,Fruits,100.0,baked,1.1,14.64,0.47,3.0,9.0,72.9,61.2
Kiwi,Fruits,100.0,fried,1.09,14.59,0.91,3.0,9.0,57.7,66.6
Kiwi,Fruits,100.0,deep_fried,1.11,14.78,1.16,3.0,9.0,50.1,71.0
Kiwi,Fruits,150.0,raw,1.65,22.09,0.75,4.5,13.5,83.3,92.7
Kiwi,Fruits,150.0,boiled,1.64,21.96,0.73,4.5,13.5,95.2,91.4
Kiwi,Fruits,150.0,steamed,1.63,21.84,0.73,4.5,13.5,86.4,91.0
Kiwi,Fruits,150.0,grilled,1.66,22.19,0.7,4.5,13.5,71.1,93.2
Kiwi,Fruits,150.0,baked,1.66,22.16,0.72,4.5,13.5,73.5,93.1
Kiwi,Fruits,150.0,fried,1.65,22.03,1.39,4.5,13.5,58.1,101.0
Kiwi,Fruits,150.0,deep_fried,1.67,22.36,1.77,4.5,13.5,50.6,107.8
Kiwi,Fruits,200.0,raw,2.18,29.16,0.98,6.0,18.0,82.4,121.8
Kiwi,Fruits,200.0,boiled,2.17,29.06,0.96,6.0,18.0,94.5,120.6
Kiwi,Fruits,200.0,steamed,2.19,29.25,0.98,6.0,18.0,86.8,122.1
Kiwi,Fruits,200.0,grilled,2.2,29.39,0.92,6.0,18.0,70.6,123.1
Kiwi,Fruits,200.0,baked,2.2,29.45,0.95,6.0,18.0,73.3,123.4
Kiwi,Fruits,200.0,fried,2.2,29.35,1.84,6.0,18.0,58.1,134.4
Kiwi,Fruits,200.0,deep_fried,2.21,29.48,2.31,6.0,18.0,50.0,141.4
Kiwi,Fruits,250.0,raw,2.72,36.41,1.23,7.5,22.5,82.3,152.0
Kiwi,Fruits,250.0,boiled,2.78,37.15,1.25,7.5,22.5,96.6,155.8
Kiwi,Fruits,250.0,steamed,2.75,36.73,1.24,7.5,22.5,87.2,153.7
Kiwi,Fruits,250.0,grilled,2.77,37.06,1.17,7.5,22.5,71.2,155.8
Kiwi,Fruits,250.0,baked,2.76,36.84,1.19,7.5,22.5,73.3,154.5
Kiwi,Fruits,250.0,fried,2.76,36.88,2.33,7.5,22.5,58.4,169.3
Kiwi,Fruits,250.0,deep_fried,2.76,36.91,2.9,7.5,22.5,50.1,177.2
Kiwi,Fruits,300.0,raw,3.31,44.25,1.51,9.0,27.0,83.4,185.9
Kiwi,Fruits,300.0,boiled,3.32,44.31,1.48,9.0,27.0,96.0,185.2
Kiwi,Fruits,300.0,steamed,3.33,44.54,1.51,9.0,27.0,88.1,187.2
Kiwi,Fruits,300.0,grilled,3.3,44.16,1.38,9.0,27.0,70.7,185.0
Kiwi,Fruits,300.0,baked,3.32,44.33,1.44,9.0,27.0,73.5,186.2
Kiwi,Fruits,300.0,fried,3.3,44.07,2.77,9.0,27.0,58.1,201.9
Kiwi,Fruits,300.0,deep_fried,3.34,44.58,3.52,9.0,27.0,50.4,214.7
Kiwi,Fruits,400.0,raw,4.38,58.5,1.98,12.0,36.0,82.7,244.7
Kiwi,Fruits,400.0,boiled,4.46,59.59,2.01,12.0,36.0,96.9,250.2
Kiwi,Fruits,400.0,steamed,4.4,58.78,1.98,12.0,36.0,87.2,245.9
Kiwi,Fruits,400.0,grilled,4.35,58.17,1.8,12.0,36.0,69.9,242.3
Kiwi,Fruits,400.0,baked,4.4,58.86,1.9,12.0,36.0,73.2,246.6
Kiwi,Fruits,400.0,fried,4.38,58.5,3.66,12.0,36.0,57.9,267.4
Kiwi,Fruits,400.0,deep_fried,4.43,59.17,4.66,12.0,36.0,50.2,284.5
Kiwi,Fruits,500.0,raw,5.47,73.14,2.48,15.0,45.0,82.7,306.0
Kiwi,Fruits,500.0,boiled,5.48,73.25,2.43,15.0,45.0,95.2,305.0
Kiwi,Fruits,500.0,steamed,5.42,72.46,2.4,15.0,45.0,86.0,301.1
Kiwi,Fruits,500.0,grilled,5.48,73.25,2.28,15.0,45.0,70.4,306.2
Kiwi,Fruits,500.0,baked,5.4,72.16,2.29,15.0,45.0,71.8,299.7
Kiwi,Fruits,500.0,fried,5.43,72.63,4.52,15.0,45.0,57.5,330.9
Kiwi,Fruits,500.0,deep_fried,5.53,73.92,5.82,15.0,45.0,50.1,355.3
Cherries,Fruits,30.0,raw,0.33,4.83,0.06,0.63,3.84,82.7,19.9
Cherries,Fruits,30.0,boiled,0.33,4.82,0.06,0.63,3.84,94.8,19.8
Cherries,Fruits,30.0,steamed,0.33,4.77,0.06,0.63,3.84,85.7,19.5
Cherries,Fruits,30.0,grilled,0.33,4.8,0.06,0.63,3.84,69.8,19.8
Cherries,Fruits,30.0,baked,0.33,4.8,0.06,0.63,3.84,72.3,19.8
Cherries,Fruits,30.0,fried,0.33,4.76,0.11,0.63,3.84,57.0,20.6
Cherries,Fruits,30.0,deep_fried,0.33,4.85,0.14,0.63,3.84,49.9,21.7
Cherries,Fruits,50.0,raw,0.55,8.05,0.1,1.05,6.4,82.7,33.2
Cherries,Fruits,50.0,boiled,0.55,7.99,0.1,1.05,6.4,94.4,32.7
Cherries,Fruits,50.0,steamed,0.55,8.0,0.1,1.05,6.4,86.3,32.8
Cherries,Fruits,50.0,grilled,0.55,8.01,0.09,1.05,6.4,70.0,33.0
Cherries,Fruits,50.0,baked,0.54,7.88,0.09,1.05,6.4,71.2,32.2
Cherries,Fruits,50.0,fried,0.55,7.99,0.18,1.05,6.4,57.4,34.6
Cherries,Fruits,50.0,deep_fried,0.55,7.96,0.23,1.05,6.4,49.1,35.5
Cherries,Fruits,75.0,raw,0.82,11.91,0.15,1.58,9.6,81.6,48.8
Cherries,Fruits,75.0,boiled,0.82,11.97,0.15,1.58,9.6,94.3,49.0
Cherries,Fruits,75.0,steamed,0.84,12.16,0.15,1.58,9.6,87.5,50.1
Cherries,Fruits,75.0,grilled,0.83,12.06,0.14,1.58,9.6,70.2,49.8
Cherries,Fruits,75.0,baked,0.82,11.95,0.14,1.58,9.6,72.0,49.1
Cherries,Fruits,75.0,fried,0.83,12.05,0.28,1.58,9.6,57.8,52.4
Cherries,Fruits,75.0,deep_fried,0.83,12.13,0.35,1.58,9.6,49.8,54.3
Cherries,Fruits,100.0,raw,1.11,16.11,0.2,2.1,12.8,82.8,66.4
Cherries,Fruits,100.0,boiled,1.1,16.01,0.2,2.1,12.8,94.6,65.6
Cherries,Fruits,100.0,steamed,1.09,15.92,0.2,2.1,12.8,85.9,65.2
Cherries,Fruits,100.0,grilled,1.11,16.08,0.19,2.1,12.8,70.2,66.4
Cherries,Fruits,100.0,baked,1.1,16.05,0.19,2.1,12.8,72.5,66.1
Cherries,Fruits,100.0,fried,1.11,16.11,0.37,2.1,12.8,57.9,70.1
Cherries,Fruits,100.0,deep_fried,1.11,16.08,0.46,2.1,12.8,49.6,71.9
Cherries,Fruits,150.0,raw,1.66,24.19,0.3,3.15,19.2,82.8,99.7
Cherries,Fruits,150.0,boiled,1.64,23.9,0.29,3.15,19.2,94.2,97.6
Cherries,Fruits,150.0,steamed,1.67,24.24,0.3,3.15,19.2,87.2,99.8
Cherries,Fruits,150.0,grilled,1.65,24.04,0.28,3.15,19.2,70.0,99.1
Cherries,Fruits,150.0,baked,1.68,24.37,0.29,3.15,19.2,73.5,100.9
Cherries,Fruits,150.0,fried,1.64,23.88,0.55,3.15,19.2,57.2,103.4
Cherries,Fruits,150.0,deep_fried,1.67,24.31,0.71,3.15,19.2,50.0,109.1
Cherries,Fruits,200.0,raw,2.2,32.05,0.4,4.2,25.6,82.3,131.8
Cherries,Fruits,200.0,boiled,2.19,31.84,0.39,4.2,25.6,94.1,130.1
Cherries,Fruits,200.0,steamed,2.19,31.88,0.39,4.2,25.6,86.0,130.6
Cherries,Fruits,200.0,grilled,2.19,31.92,0.37,4.2,25.6,69.7,131.3
Cherries,Fruits,200.0,baked,2.21,32.1,0.38,4.2,25.6,72.6,132.2
Cherries,Fruits,200.0,fried,2.21,32.13,0.75,4.2,25.6,57.8,139.7
Cherries,Fruits,200.0,deep_fried,2.19,31.86,0.91,4.2,25.6,49.1,142.0
Cherries,Fruits,250.0,raw,2.75,39.99,0.5,5.25,32.0,82.2,164.4
Cherries,Fruits,250.0,boiled,2.79,40.64,0.51,5.25,32.0,96.0,167.4
Cherries,Fruits,250.0,steamed,2.79,40.52,0.51,5.25,32.0,87.4,167.2
Cherries,Fruits,250.0,grilled,2.76,40.13,0.46,5.25,32.0,70.1,165.4
Cherries,Fruits,250.0,baked,2.75,40.01,0.48,5.25,32.0,72.4,164.7
Cherries,Fruits,250.0,fried,2.75,40.04,0.93,5.25,32.0,57.6,173.8
Cherries,Fruits,250.0,deep_fried,2.76,40.18,1.16,5.25,32.0,49.5,179.7
Cherries,Fruits,300.0,raw,3.27,47.63,0.59,6.3,38.4,81.6,195.1
Cherries,Fruits,300.0,boiled,3.29,47.91,0.59,6.3,38.4,94.3,195.9
Cherries,Fruits,300.0,steamed,3.26,47.4,0.58,6.3,38.4,85.2,193.5
Cherries,Fruits,300.0,grilled,3.31,48.14,0.56,6.3,38.4,70.1,198.5
Cherries,Fruits,300.0,baked,3.32,48.23,0.58,6.3,38.4,72.7,198.9
Cherries,Fruits,300.0,fried,3.29,47.83,1.1,6.3,38.4,57.3,207.3
Cherries,Fruits,300.0,deep_fried,3.34,48.57,1.41,6.3,38.4,49.9,217.8
Cherries,Fruits,400.0,raw,4.36,63.41,0.79,8.4,51.2,81.4,259.7
Cherries,Fruits,400.0,boiled,4.35,63.3,0.77,8.4,51.2,93.5,257.9
Cherries,Fruits,400.0,steamed,4.41,64.11,0.79,8.4,51.2,86.5,263.2
Cherries,Fruits,400.0,grilled,4.43,64.5,0.75,8.4,51.2,70.4,266.4
Cherries,Fruits,400.0,baked,4.46,64.81,0.78,8.4,51.2,73.2,268.0
Cherries,Fruits,400.0,fried,4.38,63.78,1.47,8.4,51.2,57.3,276.4
Cherries,Fruits,400.0,deep_fried,4.44,64.52,1.87,8.4,51.2,49.7,289.0
Cherries,Fruits,500.0,raw,5.5,79.98,1.0,10.5,64.0,82.2,328.7
Cherries,Fruits,500.0,boiled,5.49,79.9,0.98,10.5,64.0,94.4,326.8
Cherries,Fruits,500.0,steamed,5.54,80.53,1.0,10.5,64.0,86.9,331.3
Cherries,Fruits,500.0,grilled,5.53,80.39,0.93,10.5,64.0,70.2,331.7
Cherries,Fruits,500.0,baked,5.43,79.05,0.93,10.5,64.0,71.5,323.7
Cherries,Fruits,500.0,fried,5.56,80.89,1.89,10.5,64.0,58.2,352.6
Cherries,Fruits,500.0,deep_fried,5.56,80.83,2.35,10.5,64.0,49.8,362.4
Broccoli,Vegetables,30.0,raw,0.84,1.97,0.12,0.78,0.51,88.9,10.7
Broccoli,Vegetables,30.0,boiled,0.84,1.99,0.12,0.78,0.51,99.0,10.8
Broccoli,Vegetables,30.0,steamed,0.84,1.99,0.12,0.78,0.51,94.1,10.8
Broccoli,Vegetables,30.0,grilled,0.84,1.98,0.11,0.78,0.51,76.1,10.7
Broccoli,Vegetables,30.0,baked,0.84,1.97,0.11,0.78,0.51,78.3,10.6
Broccoli,Vegetables,30.0,fried,0.84,1.97,0.22,0.78,0.51,62.2,11.9
Broccoli,Vegetables,30.0,deep_fried,0.84,1.98,0.28,0.78,0.51,53.6,12.6
Broccoli,Vegetables,50.0,raw,1.41,3.33,0.2,1.3,0.85,90.1,18.1
Broccoli,Vegetables,50.0,boiled,1.41,3.31,0.2,1.3,0.85,99.0,18.0
Broccoli,Vegetables,50.0,steamed,1.4,3.29,0.2,1.3,0.85,93.5,17.8
Broccoli,Vegetables,50.0,grilled,1.41,3.32,0.19,1.3,0.85,76.3,18.1
Broccoli,Vegetables,50.0,baked,1.37,3.23,0.18,1.3,0.85,76.9,17.3
Broccoli,Vegetables,50.0,fried,1.41,3.33,0.38,1.3,0.85,63.0,20.2
Broccoli,Vegetables,50.0,deep_fried,1.38,3.26,0.45,1.3,0.85,52.9,20.6
Broccoli,Vegetables,75.0,raw,2.09,4.94,0.3,1.95,1.27,89.1,26.8
Broccoli,Vegetables,75.0,boiled,2.08,4.91,0.29,1.95,1.27,99.0,26.4
Broccoli,Vegetables,75.0,steamed,2.08,4.9,0.29,1.95,1.27,92.9,26.4
Broccoli,Vegetables,75.0,grilled,2.12,4.99,0.28,1.95,1.27,76.6,27.1
Broccoli,Vegetables,75.0,baked,2.09,4.93,0.28,1.95,1.27,78.3,26.6
Broccoli,Vegetables,75.0,fried,2.11,4.96,0.56,1.95,1.27,62.7,30.1
Broccoli,Vegetables,75.0,deep_fried,2.1,4.95,0.69,1.95,1.27,53.6,31.5
Broccoli,Vegetables,100.0,raw,2.81,6.62,0.4,2.6,1.7,89.6,36.0
Broccoli,Vegetables,100.0,boiled,2.8,6.6,0.39,2.6,1.7,99.0,35.6
Broccoli,Vegetables,100.0,steamed,2.77,6.54,0.39,2.6,1.7,92.9,35.2
Broccoli,Vegetables,100.0,grilled,2.82,6.65,0.37,2.6,1.7,76.5,36.1
Broccoli,Vegetables,100.0,baked,2.79,6.58,0.38,2.6,1.7,78.3,35.6
Broccoli,Vegetables,100.0,fried,2.77,6.52,0.72,2.6,1.7,61.8,39.1
Broccoli,Vegetables,100.0,deep_fried,2.79,6.58,0.91,2.6,1.7,53.4,41.8
Broccoli,Vegetables,150.0,raw,4.25,10.01,0.61,3.9,2.55,90.3,54.7
Broccoli,Vegetables,150.0,boiled,4.23,9.96,0.6,3.9,2.55,99.0,54.0
Broccoli,Vegetables,150.0,steamed,4.19,9.87,0.59,3.9,2.55,93.5,53.4
Broccoli,Vegetables,150.0,grilled,4.19,9.87,0.55,3.9,2.55,75.7,53.3
Broccoli,Vegetables,150.0,baked,4.19,9.88,0.57,3.9,2.55,78.4,53.5
Broccoli,Vegetables,150.0,fried,4.27,10.05,1.14,3.9,2.55,63.5,61.3
Broccoli,Vegetables,150.0,deep_fried,4.21,9.93,1.39,3.9,2.55,53.7,63.4
Broccoli,Vegetables,200.0,raw,5.62,13.24,0.81,5.2,3.4,89.6,72.1
Broccoli,Vegetables,200.0,boiled,5.64,13.3,0.8,5.2,3.4,99.0,72.1
Broccoli,Vegetables,200.0,steamed,5.61,13.22,0.79,5.2,3.4,93.9,71.7
Broccoli,Vegetables,200.0,grilled,5.59,13.17,0.73,5.2,3.4,75.8,71.2
Broccoli,Vegetables,200.0,baked,5.59,13.18,0.76,5.2,3.4,78.5,71.4
Broccoli,Vegetables,200.0,fried,5.6,13.19,1.48,5.2,3.4,62.5,79.7
Broccoli,Vegetables,200.0,deep_fried,5.6,13.2,1.84,5.2,3.4,53.6,84.1
Broccoli,Vegetables,250.0,raw,7.04,16.59,1.01,6.5,4.25,89.8,90.4
Broccoli,Vegetables,250.0,boiled,7.0,16.51,0.98,6.5,4.25,99.0,89.1
Broccoli,Vegetables,250.0,steamed,7.04,16.59,1.0,6.5,4.25,94.3,90.1
Broccoli,Vegetables,250.0,grilled,7.0,16.49,0.92,6.5,4.25,75.9,89.2
Broccoli,Vegetables,250.0,baked,7.0,16.51,0.95,6.5,4.25,78.6,89.4
Broccoli,Vegetables,250.0,fried,6.9,16.25,1.79,6.5,4.25,61.6,97.3
Broccoli,Vegetables,250.0,deep_fried,7.05,16.61,2.33,6.5,4.25,53.9,106.3
Broccoli,Vegetables,300.0,raw,8.42,19.85,1.21,7.8,5.1,89.5,108.0
Broccoli,Vegetables,300.0,boiled,8.46,19.95,1.19,7.8,5.1,99.0,108.1
Broccoli,Vegetables,300.0,steamed,8.22,19.37,1.14,7.8,5.1,91.7,103.7
Broccoli,Vegetables,300.0,grilled,8.53,20.11,1.14,7.8,5.1,77.1,109.7
Broccoli,Vegetables,300.0,baked,8.39,19.78,1.14,7.8,5.1,78.5,107.1
Broccoli,Vegetables,300.0,fried,8.47,19.96,2.26,7.8,5.1,63.0,121.2
Broccoli,Vegetables,300.0,deep_fried,8.33,19.65,2.72,7.8,5.1,53.2,124.6
Broccoli,Vegetables,400.0,raw,11.25,26.52,1.61,10.4,6.8,89.7,144.3
Broccoli,Vegetables,400.0,boiled,11.11,26.19,1.54,10.4,6.8,99.0,140.8
Broccoli,Vegetables,400.0,steamed,11.15,26.28,1.57,10.4,6.8,93.3,142.0
Broccoli,Vegetables,400.0,grilled,11.36,26.78,1.51,10.4,6.8,77.0,146.0
Broccoli,Vegetables,400.0,baked,11.18,26.36,1.52,10.4,6.8,78.5,142.7
Broccoli,Vegetables,400.0,fried,11.22,26.44,2.97,10.4,6.8,62.6,159.9
Broccoli,Vegetables,400.0,deep_fried,11.27,26.57,3.73,10.4,6.8,53.9,169.9
Broccoli,Vegetables,500.0,raw,14.05,33.12,2.01,13.0,8.5,89.6,180.2
Broccoli,Vegetables,500.0,boiled,14.02,33.04,1.96,13.0,8.5,99.0,178.5
Broccoli,Vegetables,500.0,steamed,14.04,33.09,1.99,13.0,8.5,94.0,179.5
Broccoli,Vegetables,500.0,grilled,14.25,33.59,1.91,13.0,8.5,77.3,183.5
Broccoli,Vegetables,500.0,baked,13.99,32.99,1.9,13.0,8.5,78.6,178.7
Broccoli,Vegetables,500.0,fried,14.02,33.05,3.71,13.0,8.5,62.6,199.9
Broccoli,Vegetables,500.0,deep_fried,14.11,33.26,4.67,13.0,8.5,54.0,212.9
Spinach,Vegetables,30.0,raw,0.88,1.09,0.12,0.66,0.12,92.2,7.6
Spinach,Vegetables,30.0,boiled,0.88,1.09,0.12,0.66,0.12,99.0,7.6
Spinach,Vegetables,30.0,steamed,0.87,1.09,0.12,0.66,0.12,96.4,7.5
Spinach,Vegetables,30.0,grilled,0.86,1.07,0.11,0.66,0.12,77.0,7.4
Spinach,Vegetables,30.0,baked,0.88,1.09,0.12,0.66,0.12,81.4,7.6
Spinach,Vegetables,30.0,fried,0.86,1.07,0.22,0.66,0.12,63.4,8.5
Spinach,Vegetables,30.0,deep_fried,0.87,1.08,0.28,0.66,0.12,55.0,9.2
Spinach,Vegetables,50.0,raw,1.44,1.79,0.2,1.1,0.2,90.9,12.4
Spinach,Vegetables,50.0,boiled,1.45,1.8,0.2,1.1,0.2,99.0,12.5
Spinach,Vegetables,50.0,steamed,1.45,1.8,0.2,1.1,0.2,96.2,12.5
Spinach,Vegetables,50.0,grilled,1.45,1.8,0.18,1.1,0.2,77.9,12.4
Spinach,Vegetables,50.0,baked,1.45,1.81,0.19,1.1,0.2,80.7,12.5
Spinach,Vegetables,50.0,fried,1.47,1.82,0.38,1.1,0.2,64.8,14.6
Spinach,Vegetables,50.0,deep_fried,1.45,1.81,0.46,1.1,0.2,55.0,15.4
Spinach,Vegetables,75.0,raw,2.17,2.7,0.3,1.65,0.3,91.2,18.7
Spinach,Vegetables,75.0,boiled,2.19,2.72,0.3,1.65,0.3,99.0,18.9
Spinach,Vegetables,75.0,steamed,2.19,2.72,0.3,1.65,0.3,96.8,18.9
Spinach,Vegetables,75.0,grilled,2.15,2.68,0.27,1.65,0.3,77.0,18.4
Spinach,Vegetables,75.0,baked,2.18,2.71,0.29,1.65,0.3,80.8,18.8
Spinach,Vegetables,75.0,fried,2.19,2.71,0.56,1.65,0.3,64.3,21.7
Spinach,Vegetables,75.0,deep_fried,2.17,2.69,0.69,1.65,0.3,54.7,22.9
Spinach,Vegetables,100.0,raw,2.93,3.64,0.41,2.2,0.4,92.3,25.5
Spinach,Vegetables,100.0,boiled,2.9,3.6,0.39,2.2,0.4,99.0,24.8
Spinach,Vegetables,100.0,steamed,2.9,3.6,0.4,2.2,0.4,96.1,25.0
Spinach,Vegetables,100.0,grilled,2.9,3.6,0.37,2.2,0.4,77.6,24.9
Spinach,Vegetables,100.0,baked,2.9,3.6,0.38,2.2,0.4,80.4,24.9
Spinach,Vegetables,100.0,fried,2.88,3.57,0.73,2.2,0.4,63.5,28.3
Spinach,Vegetables,100.0,deep_fried,2.87,3.56,0.9,2.2,0.4,54.2,30.1
Spinach,Vegetables,150.0,raw,4.4,5.46,0.61,3.3,0.6,92.5,38.2
Spinach,Vegetables,150.0,boiled,4.32,5.37,0.58,3.3,0.6,99.0,36.9
Spinach,Vegetables,150.0,steamed,4.32,5.36,0.59,3.3,0.6,95.3,37.0
Spinach,Vegetables,150.0,grilled,4.28,5.31,0.53,3.3,0.6,76.4,36.3
Spinach,Vegetables,150.0,baked,4.33,5.37,0.56,3.3,0.6,80.0,37.0
Spinach,Vegetables,150.0,fried,4.31,5.35,1.09,3.3,0.6,63.3,42.3
Spinach,Vegetables,150.0,deep_fried,4.4,5.47,1.41,3.3,0.6,55.5,46.8
Spinach,Vegetables,200.0,raw,5.84,7.25,0.81,4.4,0.8,92.1,50.6
Spinach,Vegetables,200.0,boiled,5.77,7.16,0.78,4.4,0.8,99.0,49.3
Spinach,Vegetables,200.0,steamed,5.9,7.32,0.82,4.4,0.8,97.6,51.3
Spinach,Vegetables,200.0,grilled,5.84,7.25,0.75,4.4,0.8,78.3,50.3
Spinach,Vegetables,200.0,baked,5.79,7.18,0.76,4.4,0.8,80.2,49.7
Spinach,Vegetables,200.0,fried,5.69,7.07,1.42,4.4,0.8,62.8,55.5
Spinach,Vegetables,200.0,deep_fried,5.9,7.32,1.9,4.4,0.8,55.8,63.0
Spinach,Vegetables,250.0,raw,7.17,8.91,0.98,5.5,1.0,90.4,61.5
Spinach,Vegetables,250.0,boiled,7.16,8.89,0.96,5.5,1.0,99.0,61.0
Spinach,Vegetables,250.0,steamed,7.31,9.07,1.01,5.5,1.0,96.7,63.2
Spinach,Vegetables,250.0,grilled,7.38,9.16,0.95,5.5,1.0,79.1,63.9
Spinach,Vegetables,250.0,baked,7.33,9.09,0.97,5.5,1.0,81.3,63.3
Spinach,Vegetables,250.0,fried,7.28,9.04,1.87,5.5,1.0,64.3,72.2
Spinach,Vegetables,250.0,deep_fried,7.28,9.04,2.32,5.5,1.0,55.1,77.1
Spinach,Vegetables,300.0,raw,8.76,10.87,1.22,6.6,1.2,92.0,75.9
Spinach,Vegetables,300.0,boiled,8.75,10.86,1.19,6.6,1.2,99.0,75.3
Spinach,Vegetables,300.0,steamed,8.72,10.82,1.19,6.6,1.2,96.2,75.1
Spinach,Vegetables,300.0,grilled,8.71,10.81,1.11,6.6,1.2,77.8,74.7
Spinach,Vegetables,300.0,baked,8.7,10.79,1.14,6.6,1.2,80.4,74.7
Spinach,Vegetables,300.0,fried,8.65,10.74,2.19,6.6,1.2,63.6,85.2
Spinach,Vegetables,300.0,deep_fried,8.68,10.78,2.75,6.6,1.2,54.7,91.5
Spinach,Vegetables,400.0,raw,11.45,14.22,1.56,8.8,1.6,90.2,98.0
Spinach,Vegetables,400.0,boiled,11.59,14.39,1.57,8.8,1.6,99.0,99.4
Spinach,Vegetables,400.0,steamed,11.51,14.29,1.56,8.8,1.6,95.3,98.6
Spinach,Vegetables,400.0,grilled,11.5,14.28,1.45,8.8,1.6,77.0,98.1
Spinach,Vegetables,400.0,baked,11.62,14.42,1.52,8.8,1.6,80.5,99.9
Spinach,Vegetables,400.0,fried,11.72,14.55,3.02,8.8,1.6,64.6,116.6
Spinach,Vegetables,400.0,deep_fried,11.68,14.5,3.73,8.8,1.6,55.2,123.9
Spinach,Vegetables,500.0,raw,14.33,17.79,1.95,11.0,2.0,90.3,122.7
Spinach,Vegetables,500.0,boiled,14.39,17.87,1.93,11.0,2.0,99.0,122.8
Spinach,Vegetables,500.0,steamed,14.6,18.13,2.01,11.0,2.0,96.6,126.2
Spinach,Vegetables,500.0,grilled,14.39,17.87,1.81,11.0,2.0,77.1,122.8
Spinach,Vegetables,500.0,baked,14.48,17.97,1.89,11.0,2.0,80.3,124.2
Spinach,Vegetables,500.0,fried,14.56,18.07,3.73,11.0,2.0,64.2,144.3
Spinach,Vegetables,500.0,deep_fried,14.39,17.87,4.53,11.0,2.0,54.4,151.2
Carrot,Vegetables,30.0,raw,0.27,2.88,0.06,0.84,1.41,88.4,11.5
Carrot,Vegetables,30.0,boiled,0.27,2.85,0.06,0.84,1.41,99.0,11.3
Carrot,Vegetables,30.0,steamed,0.27,2.87,0.06,0.84,1.41,92.3,11.5
Carrot,Vegetables,30.0,grilled,0.27,2.89,0.06,0.84,1.41,75.2,11.6
Carrot,Vegetables,30.0,baked,0.27,2.85,0.06,0.84,1.41,76.8,11.4
Carrot,Vegetables,30.0,fried,0.27,2.89,0.11,0.84,1.41,62.0,12.4
Carrot,Vegetables,30.0,deep_fried,0.27,2.88,0.14,0.84,1.41,53.0,12.9
Carrot,Vegetables,50.0,raw,0.45,4.82,0.1,1.4,2.35,88.7,19.3
Carrot,Vegetables,50.0,boiled,0.45,4.81,0.1,1.4,2.35,99.0,19.2
Carrot,Vegetables,50.0,steamed,0.45,4.85,0.1,1.4,2.35,93.7,19.4
Carrot,Vegetables,50.0,grilled,0.45,4.8,0.09,1.4,2.35,75.1,19.2
Carrot,Vegetables,50.0,baked,0.45,4.78,0.09,1.4,2.35,77.5,19.1
Carrot,Vegetables,50.0,fried,0.45,4.8,0.19,1.4,2.35,61.9,20.7
Carrot,Vegetables,50.0,deep_fried,0.45,4.82,0.23,1.4,2.35,53.2,21.5
Carrot,Vegetables,75.0,raw,0.68,7.2,0.15,2.1,3.53,88.3,28.8
Carrot,Vegetables,75.0,boiled,0.68,7.2,0.15,2.1,3.53,99.0,28.7
Carrot,Vegetables,75.0,steamed,0.67,7.16,0.15,2.1,3.53,92.2,28.5
Carrot,Vegetables,75.0,grilled,0.67,7.16,0.14,2.1,3.53,74.7,28.6
Carrot,Vegetables,75.0,baked,0.67,7.12,0.14,2.1,3.53,76.9,28.4
Carrot,Vegetables,75.0,fried,0.68,7.29,0.28,2.1,3.53,62.6,31.5
Carrot,Vegetables,75.0,deep_fried,0.67,7.13,0.34,2.1,3.53,52.5,31.7
Carrot,Vegetables,100.0,raw,0.9,9.55,0.2,2.8,4.7,87.8,38.2
Carrot,Vegetables,100.0,boiled,0.9,9.55,0.19,2.8,4.7,99.0,37.9
Carrot,Vegetables,100.0,steamed,0.91,9.66,0.2,2.8,4.7,93.3,38.7
Carrot,Vegetables,100.0,grilled,0.9,9.58,0.18,2.8,4.7,74.9,38.3
Carrot,Vegetables,100.0,baked,0.91,9.69,0.19,2.8,4.7,78.4,39.0
Carrot,Vegetables,100.0,fried,0.9,9.55,0.37,2.8,4.7,61.5,41.0
Carrot,Vegetables,100.0,deep_fried,0.9,9.62,0.46,2.8,4.7,53.1,43.0
Carrot,Vegetables,150.0,raw,1.34,14.31,0.3,4.2,7.05,87.7,57.1
Carrot,Vegetables,150.0,boiled,1.37,14.63,0.3,4.2,7.05,99.0,58.7
Carrot,Vegetables,150.0,steamed,1.34,14.27,0.29,4.2,7.05,91.9,56.7
Carrot,Vegetables,150.0,grilled,1.35,14.43,0.28,4.2,7.05,75.2,57.9
Carrot,Vegetables,150.0,baked,1.36,14.47,0.29,4.2,7.05,78.1,58.1
Carrot,Vegetables,150.0,fried,1.35,14.44,0.56,4.2,7.05,62.0,62.2
Carrot,Vegetables,150.0,deep_fried,1.35,14.38,0.69,4.2,7.05,52.9,64.2
Carrot,Vegetables,200.0,raw,1.8,19.18,0.4,5.6,9.4,88.2,76.7
Carrot,Vegetables,200.0,boiled,1.8,19.21,0.39,5.6,9.4,99.0,76.5
Carrot,Vegetables,200.0,steamed,1.8,19.18,0.4,5.6,9.4,92.6,76.6
Carrot,Vegetables,200.0,grilled,1.81,19.34,0.37,5.6,9.4,75.6,77.7
Carrot,Vegetables,200.0,baked,1.83,19.52,0.39,5.6,9.4,79.0,78.8
Carrot,Vegetables,200.0,fried,1.79,19.12,0.73,5.6,9.4,61.6,82.1
Carrot,Vegetables,200.0,deep_fried,1.78,19.0,0.9,5.6,9.4,52.4,84.4
Carrot,Vegetables,250.0,raw,2.25,23.98,0.5,7.0,11.75,88.2,96.0
Carrot,Vegetables,250.0,boiled,2.29,24.46,0.51,7.0,11.75,99.0,98.3
Carrot,Vegetables,250.0,steamed,2.24,23.86,0.49,7.0,11.75,92.2,95.0
Carrot,Vegetables,250.0,grilled,2.28,24.3,0.47,7.0,11.75,76.0,97.9
Carrot,Vegetables,250.0,baked,2.28,24.3,0.49,7.0,11.75,78.7,97.9
Carrot,Vegetables,250.0,fried,2.24,23.9,0.92,7.0,11.75,61.6,102.7
Carrot,Vegetables,250.0,deep_fried,2.26,24.1,1.16,7.0,11.75,53.2,107.9
Carrot,Vegetables,300.0,raw,2.73,29.15,0.61,8.4,14.1,89.4,117.3
Carrot,Vegetables,300.0,boiled,2.69,28.72,0.58,8.4,14.1,99.0,114.2
Carrot,Vegetables,300.0,steamed,2.7,28.76,0.59,8.4,14.1,92.6,114.8
Carrot,Vegetables,300.0,grilled,2.69,28.67,0.55,8.4,14.1,74.7,114.6
Carrot,Vegetables,300.0,baked,2.68,28.58,0.56,8.4,14.1,77.1,114.0
Carrot,Vegetables,300.0,fried,2.69,28.66,1.1,8.4,14.1,61.5,123.0
Carrot,Vegetables,300.0,deep_fried,2.68,28.54,1.35,8.4,14.1,52.5,126.9
Carrot,Vegetables,400.0,raw,3.6,38.41,0.8,11.2,18.8,88.3,153.7
Carrot,Vegetables,400.0,boiled,3.58,38.18,0.77,11.2,18.8,99.0,151.6
Carrot,Vegetables,400.0,steamed,3.61,38.47,0.79,11.2,18.8,92.9,153.8
Carrot,Vegetables,400.0,grilled,3.56,37.95,0.72,11.2,18.8,74.2,151.2
Carrot,Vegetables,400.0,baked,3.61,38.5,0.76,11.2,18.8,77.9,154.3
Carrot,Vegetables,400.0,fried,3.62,38.64,1.5,11.2,18.8,62.2,166.8
Carrot,Vegetables,400.0,deep_fried,3.55,37.83,1.78,11.2,18.8,52.2,167.7
Carrot,Vegetables,500.0,raw,4.51,48.13,1.01,14.0,23.5,88.5,192.9
Carrot,Vegetables,500.0,boiled,4.54,48.44,1.0,14.0,23.5,99.0,193.8
Carrot,Vegetables,500.0,steamed,4.46,47.56,0.97,14.0,23.5,91.9,189.1
Carrot,Vegetables,500.0,grilled,4.56,48.6,0.94,14.0,23.5,76.0,195.8
Carrot,Vegetables,500.0,baked,4.51,48.15,0.96,14.0,23.5,77.9,193.1
Carrot,Vegetables,500.0,fried,4.48,47.75,1.83,14.0,23.5,61.5,204.9
Carrot,Vegetables,500.0,deep_fried,4.5,47.98,2.3,14.0,23.5,53.0,214.3
Tomato,Vegetables,30.0,raw,0.27,1.17,0.06,0.36,0.78,94.9,5.6
Tomato,Vegetables,30.0,boiled,0.27,1.17,0.06,0.36,0.78,99.0,5.5
Tomato,Vegetables,30.0,steamed,0.27,1.17,0.06,0.36,0.78,99.0,5.6
Tomato,Vegetables,30.0,grilled,0.27,1.16,0.05,0.36,0.78,79.8,5.5
Tomato,Vegetables,30.0,baked,0.27,1.17,0.06,0.36,0.78,83.3,5.6
Tomato,Vegetables,30.0,fried,0.27,1.16,0.11,0.36,0.78,65.4,6.1
Tomato,Vegetables,30.0,deep_fried,0.27,1.17,0.14,0.36,0.78,56.7,6.5
Tomato,Vegetables,50.0,raw,0.45,1.94,0.1,0.6,1.3,93.9,9.2
Tomato,Vegetables,50.0,boiled,0.45,1.94,0.1,0.6,1.3,99.0,9.2
Tomato,Vegetables,50.0,steamed,0.45,1.97,0.1,0.6,1.3,99.0,9.4
Tomato,Vegetables,50.0,grilled,0.45,1.97,0.09,0.6,1.3,81.0,9.3
Tomato,Vegetables,50.0,baked,0.45,1.96,0.1,0.6,1.3,83.5,9.4
Tomato,Vegetables,50.0,fried,0.45,1.93,0.18,0.6,1.3,65.6,10.2
Tomato,Vegetables,50.0,deep_fried,0.45,1.95,0.23,0.6,1.3,56.6,10.8
Tomato,Vegetables,75.0,raw,0.68,2.95,0.15,0.9,1.95,95.4,14.1
Tomato,Vegetables,75.0,boiled,0.68,2.93,0.15,0.9,1.95,99.0,13.9
Tomato,Vegetables,75.0,steamed,0.69,2.98,0.15,0.9,1.95,99.0,14.2
Tomato,Vegetables,75.0,grilled,0.68,2.93,0.14,0.9,1.95,80.6,13.9
Tomato,Vegetables,75.0,baked,0.68,2.93,0.14,0.9,1.95,83.3,13.9
Tomato,Vegetables,75.0,fried,0.67,2.92,0.28,0.9,1.95,66.0,15.4
Tomato,Vegetables,75.0,deep_fried,0.68,2.93,0.35,0.9,1.95,56.8,16.4
Tomato,Vegetables,100.0,raw,0.9,3.9,0.2,1.2,2.6,94.4,18.5
Tomato,Vegetables,100.0,boiled,0.9,3.92,0.2,1.2,2.6,99.0,18.6
Tomato,Vegetables,100.0,steamed,0.91,3.93,0.2,1.2,2.6,99.0,18.7
Tomato,Vegetables,100.0,grilled,0.89,3.88,0.18,1.2,2.6,79.9,18.3
Tomato,Vegetables,100.0,baked,0.89,3.86,0.19,1.2,2.6,82.3,18.3
Tomato,Vegetables,100.0,fried,0.89,3.85,0.36,1.2,2.6,65.2,20.2
Tomato,Vegetables,100.0,deep_fried,0.9,3.91,0.46,1.2,2.6,56.9,21.8
Tomato,Vegetables,150.0,raw,1.34,5.8,0.3,1.8,3.9,93.7,27.5
Tomato,Vegetables,150.0,boiled,1.33,5.76,0.28,1.8,3.9,99.0,27.0
Tomato,Vegetables,150.0,steamed,1.35,5.87,0.3,1.8,3.9,99.0,27.9
Tomato,Vegetables,150.0,grilled,1.38,5.96,0.29,1.8,3.9,81.8,28.6
Tomato,Vegetables,150.0,baked,1.35,5.85,0.28,1.8,3.9,83.2,27.7
Tomato,Vegetables,150.0,fried,1.36,5.89,0.56,1.8,3.9,66.6,31.2
Tomato,Vegetables,150.0,deep_fried,1.35,5.85,0.69,1.8,3.9,56.7,32.6
Tomato,Vegetables,200.0,raw,1.8,7.79,0.4,2.4,5.2,94.4,37.1
Tomato,Vegetables,200.0,boiled,1.81,7.85,0.4,2.4,5.2,99.0,37.3
Tomato,Vegetables,200.0,steamed,1.8,7.78,0.39,2.4,5.2,99.0,36.9
Tomato,Vegetables,200.0,grilled,1.8,7.82,0.37,2.4,5.2,80.5,37.1
Tomato,Vegetables,200.0,baked,1.8,7.82,0.38,2.4,5.2,83.4,37.1
Tomato,Vegetables,200.0,fried,1.79,7.76,0.73,2.4,5.2,65.8,40.9
Tomato,Vegetables,200.0,deep_fried,1.81,7.86,0.93,2.4,5.2,57.1,43.9
Tomato,Vegetables,250.0,raw,2.25,9.74,0.5,3.0,6.5,94.4,46.3
Tomato,Vegetables,250.0,boiled,2.24,9.69,0.48,3.0,6.5,99.0,45.7
Tomato,Vegetables,250.0,steamed,2.26,9.79,0.5,3.0,6.5,99.0,46.6
Tomato,Vegetables,250.0,grilled,2.23,9.68,0.45,3.0,6.5,79.8,45.7
Tomato,Vegetables,250.0,baked,2.25,9.75,0.48,3.0,6.5,83.2,46.3
Tomato,Vegetables,250.0,fried,2.25,9.75,0.92,3.0,6.5,66.1,51.5
Tomato,Vegetables,250.0,deep_fried,2.27,9.83,1.17,3.0,6.5,57.2,55.0
Tomato,Vegetables,300.0,raw,2.71,11.74,0.6,3.6,7.8,94.8,55.9
Tomato,Vegetables,300.0,boiled,2.7,11.7,0.59,3.6,7.8,99.0,55.4
Tomato,Vegetables,300.0,steamed,2.72,11.77,0.6,3.6,7.8,99.0,56.0
Tomato,Vegetables,300.0,grilled,2.73,11.82,0.56,3.6,7.8,81.2,56.3
Tomato,Vegetables,300.0,baked,2.71,11.75,0.57,3.6,7.8,83.5,55.9
Tomato,Vegetables,300.0,fried,2.7,11.7,1.11,3.6,7.8,66.2,61.8
Tomato,Vegetables,300.0,deep_fried,2.67,11.58,1.35,3.6,7.8,56.1,64.1
Tomato,Vegetables,400.0,raw,3.57,15.48,0.79,4.8,10.4,93.7,73.3
Tomato,Vegetables,400.0,boiled,3.59,15.56,0.78,4.8,10.4,99.0,73.5
Tomato,Vegetables,400.0,steamed,3.58,15.53,0.78,4.8,10.4,98.8,73.5
Tomato,Vegetables,400.0,grilled,3.59,15.58,0.73,4.8,10.4,80.2,73.8
Tomato,Vegetables,400.0,baked,3.6,15.61,0.76,4.8,10.4,83.2,74.1
Tomato,Vegetables,400.0,fried,3.61,15.66,1.49,4.8,10.4,66.4,82.9
Tomato,Vegetables,400.0,deep_fried,3.6,15.59,1.84,4.8,10.4,56.7,86.8
Tomato,Vegetables,500.0,raw,4.52,19.57,1.01,6.0,13.0,94.8,93.3
Tomato,Vegetables,500.0,boiled,4.5,19.51,0.98,6.0,13.0,99.0,92.3
Tomato,Vegetables,500.0,steamed,4.43,19.21,0.96,6.0,13.0,97.8,90.4
Tomato,Vegetables,500.0,grilled,4.47,19.36,0.91,6.0,13.0,79.8,91.5
Tomato,Vegetables,500.0,baked,4.5,19.48,0.95,6.0,13.0,83.1,92.4
Tomato,Vegetables,500.0,fried,4.46,19.32,1.82,6.0,13.0,65.5,101.6
Tomato,Vegetables,500.0,deep_fried,4.52,19.59,2.32,6.0,13.0,57.0,109.3
Cucumber,Vegetables,30.0,raw,0.21,1.09,0.03,0.15,0.51,96.3,5.1
Cucumber,Vegetables,30.0,boiled,0.21,1.09,0.03,0.15,0.51,99.0,5.1
Cucumber,Vegetables,30.0,steamed,0.21,1.08,0.03,0.15,0.51,99.0,5.1
Cucumber,Vegetables,30.0,grilled,0.21,1.09,0.03,0.15,0.51,81.8,5.2
Cucumber,Vegetables,30.0,baked,0.21,1.08,0.03,0.15,0.51,83.9,5.1
Cucumber,Vegetables,30.0,fried,0.21,1.08,0.06,0.15,0.51,66.5,5.5
Cucumber,Vegetables,30.0,deep_fried,0.21,1.08,0.07,0.15,0.51,56.9,5.7
Cucumber,Vegetables,50.0,raw,0.35,1.8,0.05,0.25,0.85,95.0,8.5
Cucumber,Vegetables,50.0,boiled,0.35,1.79,0.05,0.25,0.85,99.0,8.4
Cucumber,Vegetables,50.0,steamed,0.35,1.8,0.05,0.25,0.85,99.0,8.5
Cucumber,Vegetables,50.0,grilled,0.35,1.8,0.05,0.25,0.85,81.0,8.5
Cucumber,Vegetables,50.0,baked,0.35,1.8,0.05,0.25,0.85,83.8,8.5
Cucumber,Vegetables,50.0,fried,0.35,1.81,0.09,0.25,0.85,66.9,9.1
Cucumber,Vegetables,50.0,deep_fried,0.35,1.82,0.12,0.25,0.85,57.6,9.6
Cucumber,Vegetables,75.0,raw,0.53,2.72,0.08,0.38,1.27,95.9,12.9
Cucumber,Vegetables,75.0,boiled,0.52,2.67,0.07,0.38,1.27,99.0,12.4
Cucumber,Vegetables,75.0,steamed,0.51,2.65,0.07,0.38,1.27,98.0,12.3
Cucumber,Vegetables,75.0,grilled,0.53,2.72,0.07,0.38,1.27,81.5,12.8
Cucumber,Vegetables,75.0,baked,0.52,2.67,0.07,0.38,1.27,82.9,12.5
Cucumber,Vegetables,75.0,fried,0.52,2.7,0.14,0.38,1.27,66.5,13.6
Cucumber,Vegetables,75.0,deep_fried,0.52,2.68,0.17,0.38,1.27,56.6,14.0
Cucumber,Vegetables,100.0,raw,0.69,3.55,0.1,0.5,1.7,93.9,16.6
Cucumber,Vegetables,100.0,boiled,0.7,3.61,0.1,0.5,1.7,99.0,16.9
Cucumber,Vegetables,100.0,steamed,0.7,3.62,0.1,0.5,1.7,99.0,17.0
Cucumber,Vegetables,100.0,grilled,0.7,3.58,0.09,0.5,1.7,80.6,16.8
Cucumber,Vegetables,100.0,baked,0.69,3.53,0.09,0.5,1.7,82.1,16.5
Cucumber,Vegetables,100.0,fried,0.7,3.59,0.18,0.5,1.7,66.4,18.1
Cucumber,Vegetables,100.0,deep_fried,0.7,3.61,0.23,0.5,1.7,57.3,18.9
Cucumber,Vegetables,150.0,raw,1.04,5.34,0.15,0.75,2.55,94.1,25.0
Cucumber,Vegetables,150.0,boiled,1.05,5.41,0.15,0.75,2.55,99.0,25.4
Cucumber,Vegetables,150.0,steamed,1.05,5.4,0.15,0.75,2.55,99.0,25.4
Cucumber,Vegetables,150.0,grilled,1.05,5.42,0.14,0.75,2.55,81.3,25.5
Cucumber,Vegetables,150.0,baked,1.05,5.4,0.14,0.75,2.55,83.9,25.4
Cucumber,Vegetables,150.0,fried,1.04,5.36,0.27,0.75,2.55,66.2,26.9
Cucumber,Vegetables,150.0,deep_fried,1.06,5.45,0.35,0.75,2.55,57.6,28.6
Cucumber,Vegetables,200.0,raw,1.4,7.19,0.2,1.0,3.4,95.1,33.8
Cucumber,Vegetables,200.0,boiled,1.4,7.2,0.2,1.0,3.4,99.0,33.7
Cucumber,Vegetables,200.0,steamed,1.39,7.15,0.2,1.0,3.4,99.0,33.5
Cucumber,Vegetables,200.0,grilled,1.4,7.18,0.18,1.0,3.4,80.7,33.7
Cucumber,Vegetables,200.0,baked,1.39,7.15,0.19,1.0,3.4,83.2,33.5
Cucumber,Vegetables,200.0,fried,1.4,7.19,0.37,1.0,3.4,66.6,36.3
Cucumber,Vegetables,200.0,deep_fried,1.42,7.29,0.47,1.0,3.4,57.9,38.4
Cucumber,Vegetables,250.0,raw,1.73,8.91,0.24,1.25,4.25,94.2,41.7
Cucumber,Vegetables,250.0,boiled,1.73,8.89,0.24,1.25,4.25,99.0,41.4
Cucumber,Vegetables,250.0,steamed,1.77,9.1,0.25,1.25,4.25,99.0,42.9
Cucumber,Vegetables,250.0,grilled,1.75,8.99,0.23,1.25,4.25,80.8,42.3
Cucumber,Vegetables,250.0,baked,1.74,8.95,0.24,1.25,4.25,83.4,42.0
Cucumber,Vegetables,250.0,fried,1.76,9.07,0.47,1.25,4.25,67.2,45.9
Cucumber,Vegetables,250.0,deep_fried,1.74,8.96,0.57,1.25,4.25,56.9,46.8
Cucumber,Vegetables,300.0,raw,2.13,10.95,0.31,1.5,5.1,96.5,51.8
Cucumber,Vegetables,300.0,boiled,2.11,10.85,0.3,1.5,5.1,99.0,50.9
Cucumber,Vegetables,300.0,steamed,2.09,10.76,0.29,1.5,5.1,99.0,50.4
Cucumber,Vegetables,300.0,grilled,2.13,10.97,0.28,1.5,5.1,82.2,51.9
Cucumber,Vegetables,300.0,baked,2.09,10.75,0.28,1.5,5.1,83.4,50.4
Cucumber,Vegetables,300.0,fried,2.11,10.86,0.56,1.5,5.1,67.0,54.9
Cucumber,Vegetables,300.0,deep_fried,2.1,10.82,0.69,1.5,5.1,57.2,56.7
Cucumber,Vegetables,400.0,raw,2.83,14.54,0.41,2.0,6.8,96.1,68.7
Cucumber,Vegetables,400.0,boiled,2.83,14.57,0.4,2.0,6.8,99.0,68.5
Cucumber,Vegetables,400.0,steamed,2.8,14.4,0.4,2.0,6.8,99.0,67.6
Cucumber,Vegetables,400.0,grilled,2.78,14.32,0.36,2.0,6.8,80.5,67.1
Cucumber,Vegetables,400.0,baked,2.81,14.45,0.38,2.0,6.8,84.1,68.0
Cucumber,Vegetables,400.0,fried,2.79,14.33,0.73,2.0,6.8,66.3,72.2
Cucumber,Vegetables,400.0,deep_fried,2.84,14.62,0.95,2.0,6.8,58.0,77.1
Cucumber,Vegetables,500.0,raw,3.5,18.02,0.5,2.5,8.5,95.3,84.8
Cucumber,Vegetables,500.0,boiled,3.49,17.95,0.49,2.5,8.5,99.0,84.0
Cucumber,Vegetables,500.0,steamed,3.5,18.02,0.5,2.5,8.5,99.0,84.7
Cucumber,Vegetables,500.0,grilled,3.46,17.82,0.45,2.5,8.5,80.1,83.4
Cucumber,Vegetables,500.0,baked,3.47,17.87,0.47,2.5,8.5,83.2,83.8
Cucumber,Vegetables,500.0,fried,3.53,18.16,0.94,2.5,8.5,67.2,92.0
Cucumber,Vegetables,500.0,deep_fried,3.48,17.91,1.14,2.5,8.5,56.8,93.6
Bell Pepper,Vegetables,30.0,raw,0.3,1.79,0.09,0.63,1.26,91.5,8.0
Bell Pepper,Vegetables,30.0,boiled,0.3,1.81,0.09,0.63,1.26,99.0,8.1
Bell Pepper,Vegetables,30.0,steamed,0.3,1.82,0.09,0.63,1.26,97.7,8.1
Bell Pepper,Vegetables,30.0,grilled,0.3,1.81,0.08,0.63,1.26,78.8,8.1
Bell Pepper,Vegetables,30.0,baked,0.3,1.81,0.09,0.63,1.26,81.7,8.1
Bell Pepper,Vegetables,30.0,fried,0.3,1.79,0.16,0.63,1.26,64.2,8.9
Bell Pepper,Vegetables,30.0,deep_fried,0.3,1.78,0.2,0.63,1.26,54.7,9.4
Bell Pepper,Vegetables,50.0,raw,0.51,3.03,0.15,1.05,2.1,93.2,13.6
Bell Pepper,Vegetables,50.0,boiled,0.5,2.99,0.15,1.05,2.1,99.0,13.3
Bell Pepper,Vegetables,50.0,steamed,0.5,2.99,0.15,1.05,2.1,96.6,13.4
Bell Pepper,Vegetables,50.0,grilled,0.5,3.03,0.14,1.05,2.1,79.2,13.6
Bell Pepper,Vegetables,50.0,baked,0.5,3.01,0.14,1.05,2.1,81.5,13.4
Bell Pepper,Vegetables,50.0,fried,0.5,3.01,0.28,1.05,2.1,64.8,15.1
Bell Pepper,Vegetables,50.0,deep_fried,0.51,3.05,0.36,1.05,2.1,56.2,16.4
Bell Pepper,Vegetables,75.0,raw,0.75,4.48,0.22,1.58,3.15,91.8,20.0
Bell Pepper,Vegetables,75.0,boiled,0.76,4.53,0.22,1.58,3.15,99.0,20.2
Bell Pepper,Vegetables,75.0,steamed,0.75,4.5,0.22,1.58,3.15,96.9,20.1
Bell Pepper,Vegetables,75.0,grilled,0.75,4.51,0.21,1.58,3.15,78.5,20.2
Bell Pepper,Vegetables,75.0,baked,0.76,4.55,0.22,1.58,3.15,82.1,20.5
Bell Pepper,Vegetables,75.0,fried,0.75,4.52,0.42,1.58,3.15,64.8,22.7
Bell Pepper,Vegetables,75.0,deep_fried,0.75,4.52,0.52,1.58,3.15,55.5,24.0
Bell Pepper,Vegetables,100.0,raw,1.01,6.05,0.3,2.1,4.2,92.9,27.2
Bell Pepper,Vegetables,100.0,boiled,1.0,5.98,0.29,2.1,4.2,99.0,26.6
Bell Pepper,Vegetables,100.0,steamed,0.99,5.96,0.29,2.1,4.2,96.2,26.5
Bell Pepper,Vegetables,100.0,grilled,0.99,5.95,0.27,2.1,4.2,77.8,26.4
Bell Pepper,Vegetables,100.0,baked,0.99,5.91,0.28,2.1,4.2,79.9,26.2
Bell Pepper,Vegetables,100.0,fried,1.02,6.09,0.57,2.1,4.2,65.5,30.8
Bell Pepper,Vegetables,100.0,deep_fried,0.99,5.95,0.68,2.1,4.2,54.9,31.4
Bell Pepper,Vegetables,150.0,raw,1.5,8.99,0.45,3.15,6.3,92.0,40.2
Bell Pepper,Vegetables,150.0,boiled,1.5,8.98,0.44,3.15,6.3,99.0,39.9
Bell Pepper,Vegetables,150.0,steamed,1.5,9.02,0.45,3.15,6.3,97.0,40.3
Bell Pepper,Vegetables,150.0,grilled,1.51,9.06,0.42,3.15,6.3,78.8,40.6
Bell Pepper,Vegetables,150.0,baked,1.51,9.06,0.43,3.15,6.3,81.7,40.6
Bell Pepper,Vegetables,150.0,fried,1.49,8.96,0.83,3.15,6.3,64.3,44.8
Bell Pepper,Vegetables,150.0,deep_fried,1.5,8.99,1.03,3.15,6.3,55.3,47.6
Bell Pepper,Vegetables,200.0,raw,2.0,12.03,0.6,4.2,8.4,92.4,53.9
Bell Pepper,Vegetables,200.0,boiled,2.0,11.98,0.59,4.2,8.4,99.0,53.3
Bell Pepper,Vegetables,200.0,steamed,2.02,12.14,0.61,4.2,8.4,98.0,54.6
Bell Pepper,Vegetables,200.0,grilled,2.01,12.04,0.56,4.2,8.4,78.7,53.9
Bell Pepper,Vegetables,200.0,baked,2.01,12.07,0.58,4.2,8.4,81.6,54.1
Bell Pepper,Vegetables,200.0,fried,2.01,12.06,1.12,4.2,8.4,64.9,60.6
Bell Pepper,Vegetables,200.0,deep_fried,2.02,12.11,1.4,4.2,8.4,55.8,64.5
Bell Pepper,Vegetables,250.0,raw,2.5,15.02,0.75,5.25,10.5,92.3,67.3
Bell Pepper,Vegetables,250.0,boiled,2.48,14.85,0.72,5.25,10.5,99.0,65.7
Bell Pepper,Vegetables,250.0,steamed,2.51,15.04,0.75,5.25,10.5,97.1,67.3
Bell Pepper,Vegetables,250.0,grilled,2.49,14.93,0.68,5.25,10.5,78.0,66.5
Bell Pepper,Vegetables,250.0,baked,2.49,14.94,0.71,5.25,10.5,80.8,66.6
Bell Pepper,Vegetables,250.0,fried,2.51,15.07,1.4,5.25,10.5,64.8,75.7
Bell Pepper,Vegetables,250.0,deep_fried,2.52,15.14,1.76,5.25,10.5,55.8,80.7
Bell Pepper,Vegetables,300.0,raw,3.0,18.0,0.9,6.3,12.6,92.2,80.6
Bell Pepper,Vegetables,300.0,boiled,3.01,18.04,0.89,6.3,12.6,99.0,80.4
Bell Pepper,Vegetables,300.0,steamed,3.04,18.23,0.91,6.3,12.6,98.0,81.9
Bell Pepper,Vegetables,300.0,grilled,3.01,18.03,0.83,6.3,12.6,78.5,80.6
Bell Pepper,Vegetables,300.0,baked,3.06,18.35,0.89,6.3,12.6,82.7,82.9
Bell Pepper,Vegetables,300.0,fried,3.01,18.08,1.68,6.3,12.6,64.8,90.9
Bell Pepper,Vegetables,300.0,deep_fried,2.96,17.76,2.02,6.3,12.6,54.6,93.5
Bell Pepper,Vegetables,400.0,raw,4.02,24.14,1.21,8.4,16.8,92.7,108.4
Bell Pepper,Vegetables,400.0,boiled,4.01,24.07,1.18,8.4,16.8,99.0,107.2
Bell Pepper,Vegetables,400.0,steamed,4.04,24.23,1.21,8.4,16.8,97.7,108.7
Bell Pepper,Vegetables,400.0,grilled,4.02,24.12,1.12,8.4,16.8,78.8,108.0
Bell Pepper,Vegetables,400.0,baked,4.0,23.98,1.14,8.4,16.8,81.1,107.1
Bell Pepper,Vegetables,400.0,fried,3.96,23.78,2.18,8.4,16.8,63.9,118.6
Bell Pepper,Vegetables,400.0,deep_fried,3.99,23.96,2.75,8.4,16.8,55.2,127.0
Bell Pepper,Vegetables,500.0,raw,4.97,29.81,1.48,10.5,21.0,91.6,133.0
Bell Pepper,Vegetables,500.0,boiled,4.98,29.87,1.46,10.5,21.0,99.0,132.6
Bell Pepper,Vegetables,500.0,steamed,5.02,30.13,1.5,10.5,21.0,97.2,134.8
Bell Pepper,Vegetables,500.0,grilled,5.06,30.38,1.41,10.5,21.0,79.4,136.5
Bell Pepper,Vegetables,500.0,baked,5.01,30.09,1.43,10.5,21.0,81.4,134.6
Bell Pepper,Vegetables,500.0,fried,4.96,29.73,2.73,10.5,21.0,64.0,148.4
Bell Pepper,Vegetables,500.0,deep_fried,5.02,30.1,3.47,10.5,21.0,55.5,159.9
Potato (Boiled),Vegetables,30.0,raw,0.58,6.08,0.03,0.54,0.27,77.7,25.9
Potato (Boiled),Vegetables,30.0,boiled,0.57,6.0,0.03,0.54,0.27,88.1,25.4
Potato (Boiled),Vegetables,30.0,steamed,0.57,6.02,0.03,0.54,0.27,80.8,25.5
Potato (Boiled),Vegetables,30.0,grilled,0.57,6.03,0.03,0.54,0.27,65.5,25.7
Potato (Boiled),Vegetables,30.0,baked,0.57,5.99,0.03,0.54,0.27,67.4,25.5
Potato (Boiled),Vegetables,30.0,fried,0.57,6.06,0.06,0.54,0.27,54.2,27.0
Potato (Boiled),Vegetables,30.0,deep_fried,0.57,6.02,0.07,0.54,0.27,46.2,27.4
Potato (Boiled),Vegetables,50.0,raw,0.95,10.08,0.05,0.9,0.45,77.2,42.9
Potato (Boiled),Vegetables,50.0,boiled,0.94,9.98,0.05,0.9,0.45,88.0,42.1
Potato (Boiled),Vegetables,50.0,steamed,0.95,10.02,0.05,0.9,0.45,80.6,42.5
Potato (Boiled),Vegetables,50.0,grilled,0.96,10.1,0.05,0.9,0.45,65.8,43.2
Potato (Boiled),Vegetables,50.0,baked,0.95,10.02,0.05,0.9,0.45,67.6,42.7
Potato (Boiled),Vegetables,50.0,fried,0.96,10.18,0.09,0.9,0.45,54.6,45.4
Potato (Boiled),Vegetables,50.0,deep_fried,0.95,10.02,0.11,0.9,0.45,46.1,45.5
Potato (Boiled),Vegetables,75.0,raw,1.43,15.1,0.08,1.35,0.68,77.1,64.3
Potato (Boiled),Vegetables,75.0,boiled,1.43,15.18,0.07,1.35,0.68,89.2,64.4
Potato (Boiled),Vegetables,75.0,steamed,1.41,14.91,0.07,1.35,0.68,80.0,63.0
Potato (Boiled),Vegetables,75.0,grilled,1.41,14.88,0.07,1.35,0.68,64.6,63.2
Potato (Boiled),Vegetables,75.0,baked,1.41,14.9,0.07,1.35,0.68,67.0,63.2
Potato (Boiled),Vegetables,75.0,fried,1.44,15.22,0.14,1.35,0.68,54.4,67.8
Potato (Boiled),Vegetables,75.0,deep_fried,1.42,15.01,0.17,1.35,0.68,46.0,68.1
Potato (Boiled),Vegetables,100.0,raw,1.94,20.49,0.1,1.8,0.9,78.5,87.7
Potato (Boiled),Vegetables,100.0,boiled,1.89,20.01,0.1,1.8,0.9,88.2,84.6
Potato (Boiled),Vegetables,100.0,steamed,1.9,20.13,0.1,1.8,0.9,81.0,85.5
Potato (Boiled),Vegetables,100.0,grilled,1.92,20.33,0.09,1.8,0.9,66.2,87.0
Potato (Boiled),Vegetables,100.0,baked,1.93,20.4,0.1,1.8,0.9,68.8,87.4
Potato (Boiled),Vegetables,100.0,fried,1.93,20.41,0.19,1.8,0.9,54.7,91.1
Potato (Boiled),Vegetables,100.0,deep_fried,1.92,20.28,0.23,1.8,0.9,46.6,92.5
Potato (Boiled),Vegetables,150.0,raw,2.87,30.38,0.15,2.7,1.35,77.6,129.5
Potato (Boiled),Vegetables,150.0,boiled,2.86,30.28,0.15,2.7,1.35,88.9,128.4
Potato (Boiled),Vegetables,150.0,steamed,2.87,30.33,0.15,2.7,1.35,81.3,129.0
Potato (Boiled),Vegetables,150.0,grilled,2.84,30.03,0.14,2.7,1.35,65.2,127.9
Potato (Boiled),Vegetables,150.0,baked,2.83,29.96,0.14,2.7,1.35,67.3,127.3
Potato (Boiled),Vegetables,150.0,fried,2.85,30.15,0.28,2.7,1.35,53.9,133.9
Potato (Boiled),Vegetables,150.0,deep_fried,2.85,30.11,0.34,2.7,1.35,46.1,136.8
Potato (Boiled),Vegetables,200.0,raw,3.79,40.06,0.2,3.6,1.8,76.7,170.1
Potato (Boiled),Vegetables,200.0,boiled,3.82,40.41,0.2,3.6,1.8,89.0,171.4
Potato (Boiled),Vegetables,200.0,steamed,3.83,40.49,0.2,3.6,1.8,81.4,172.3
Potato (Boiled),Vegetables,200.0,grilled,3.8,40.23,0.18,3.6,1.8,65.5,171.6
Potato (Boiled),Vegetables,200.0,baked,3.84,40.65,0.19,3.6,1.8,68.5,173.8
Potato (Boiled),Vegetables,200.0,fried,3.77,39.86,0.36,3.6,1.8,53.4,176.5
Potato (Boiled),Vegetables,200.0,deep_fried,3.79,40.14,0.46,3.6,1.8,46.1,182.4
Potato (Boiled),Vegetables,250.0,raw,4.72,49.98,0.25,4.5,2.25,76.6,212.0
Potato (Boiled),Vegetables,250.0,boiled,4.68,49.55,0.24,4.5,2.25,87.3,208.6
Potato (Boiled),Vegetables,250.0,steamed,4.75,50.22,0.25,4.5,2.25,80.8,213.1
Potato (Boiled),Vegetables,250.0,grilled,4.75,50.2,0.23,4.5,2.25,65.4,214.0
Potato (Boiled),Vegetables,250.0,baked,4.8,50.82,0.24,4.5,2.25,68.5,217.3
Potato (Boiled),Vegetables,250.0,fried,4.77,50.49,0.47,4.5,2.25,54.2,224.6
Potato (Boiled),Vegetables,250.0,deep_fried,4.71,49.86,0.57,4.5,2.25,45.8,226.1
Potato (Boiled),Vegetables,300.0,raw,5.78,61.14,0.31,5.4,2.7,78.1,261.2
Potato (Boiled),Vegetables,300.0,boiled,5.75,60.85,0.3,5.4,2.7,89.4,258.4
Potato (Boiled),Vegetables,300.0,steamed,5.72,60.56,0.3,5.4,2.7,81.2,257.4
Potato (Boiled),Vegetables,300.0,grilled,5.69,60.2,0.28,5.4,2.7,65.3,256.6
Potato (Boiled),Vegetables,300.0,baked,5.66,59.87,0.28,5.4,2.7,67.3,254.3
Potato (Boiled),Vegetables,300.0,fried,5.68,60.13,0.55,5.4,2.7,53.7,266.8
Potato (Boiled),Vegetables,300.0,deep_fried,5.75,60.79,0.7,5.4,2.7,46.6,277.1
Potato (Boiled),Vegetables,400.0,raw,7.71,81.54,0.41,7.2,3.6,78.1,348.4
Potato (Boiled),Vegetables,400.0,boiled,7.69,81.33,0.4,7.2,3.6,89.6,345.7
Potato (Boiled),Vegetables,400.0,steamed,7.57,80.11,0.39,7.2,3.6,80.6,339.4
Potato (Boiled),Vegetables,400.0,grilled,7.54,79.72,0.36,7.2,3.6,64.9,338.9
Potato (Boiled),Vegetables,400.0,baked,7.61,80.48,0.38,7.2,3.6,67.8,342.9
Potato (Boiled),Vegetables,400.0,fried,7.5,79.33,0.72,7.2,3.6,53.2,350.7
Potato (Boiled),Vegetables,400.0,deep_fried,7.62,80.59,0.92,7.2,3.6,46.3,366.7
Potato (Boiled),Vegetables,500.0,raw,9.49,100.39,0.5,9.0,4.5,76.9,426.5
Potato (Boiled),Vegetables,500.0,boiled,9.47,100.15,0.49,9.0,4.5,88.2,423.4
Potato (Boiled),Vegetables,500.0,steamed,9.39,99.3,0.48,9.0,4.5,79.9,419.5
Potato (Boiled),Vegetables,500.0,grilled,9.54,100.89,0.46,9.0,4.5,65.7,430.8
Potato (Boiled),Vegetables,500.0,baked,9.46,100.1,0.47,9.0,4.5,67.5,425.7
Potato (Boiled),Vegetables,500.0,fried,9.42,99.62,0.91,9.0,4.5,53.4,441.1
Potato (Boiled),Vegetables,500.0,deep_fried,9.3,98.34,1.1,9.0,4.5,45.2,444.0
Sweet Potato,Vegetables,30.0,raw,0.48,6.03,0.03,0.9,1.26,77.3,24.6
Sweet Potato,Vegetables,30.0,boiled,0.49,6.11,0.03,0.9,1.26,90.1,25.0
Sweet Potato,Vegetables,30.0,steamed,0.49,6.11,0.03,0.9,1.26,82.2,25.0
Sweet Potato,Vegetables,30.0,grilled,0.48,6.01,0.03,0.9,1.26,65.5,24.6
Sweet Potato,Vegetables,30.0,baked,0.48,6.0,0.03,0.9,1.26,67.7,24.5
Sweet Potato,Vegetables,30.0,fried,0.48,6.05,0.06,0.9,1.26,54.3,25.9
Sweet Potato,Vegetables,30.0,deep_fried,0.48,5.98,0.07,0.9,1.26,46.0,26.1
Sweet Potato,Vegetables,50.0,raw,0.8,10.07,0.05,1.5,2.1,77.5,41.1
Sweet Potato,Vegetables,50.0,boiled,0.8,10.11,0.05,1.5,2.1,89.4,41.2
Sweet Potato,Vegetables,50.0,steamed,0.81,10.14,0.05,1.5,2.1,81.9,41.5
Sweet Potato,Vegetables,50.0,grilled,0.8,10.04,0.05,1.5,2.1,65.7,41.1
Sweet Potato,Vegetables,50.0,baked,0.8,10.03,0.05,1.5,2.1,67.9,41.0
Sweet Potato,Vegetables,50.0,fried,0.79,9.98,0.09,1.5,2.1,53.8,42.5
Sweet Potato,Vegetables,50.0,deep_fried,0.8,9.99,0.11,1.5,2.1,46.1,43.6
Sweet Potato,Vegetables,75.0,raw,1.2,15.05,0.07,2.25,3.15,77.2,61.4
Sweet Potato,Vegetables,75.0,boiled,1.2,15.12,0.07,2.25,3.15,89.1,61.5
Sweet Potato,Vegetables,75.0,steamed,1.21,15.18,0.08,2.25,3.15,81.7,62.1
Sweet Potato,Vegetables,75.0,grilled,1.19,14.98,0.07,2.25,3.15,65.3,61.2
Sweet Potato,Vegetables,75.0,baked,1.21,15.24,0.07,2.25,3.15,68.8,62.6
Sweet Potato,Vegetables,75.0,fried,1.2,15.04,0.14,2.25,3.15,54.0,64.2
Sweet Potato,Vegetables,75.0,deep_fried,1.2,15.07,0.17,2.25,3.15,46.4,65.9
Sweet Potato,Vegetables,100.0,raw,1.59,19.99,0.1,3.0,4.2,76.9,81.4
Sweet Potato,Vegetables,100.0,boiled,1.57,19.73,0.09,3.0,4.2,87.3,79.6
Sweet Potato,Vegetables,100.0,steamed,1.61,20.23,0.1,3.0,4.2,81.7,82.6
Sweet Potato,Vegetables,100.0,grilled,1.61,20.21,0.09,3.0,4.2,66.1,82.9
Sweet Potato,Vegetables,100.0,baked,1.6,20.06,0.09,3.0,4.2,67.9,82.0
Sweet Potato,Vegetables,100.0,fried,1.6,20.11,0.19,3.0,4.2,54.1,85.9
Sweet Potato,Vegetables,100.0,deep_fried,1.61,20.18,0.23,3.0,4.2,46.6,88.4
Sweet Potato,Vegetables,150.0,raw,2.37,29.8,0.15,4.5,6.3,76.4,121.1
Sweet Potato,Vegetables,150.0,boiled,2.39,30.03,0.15,4.5,6.3,88.5,121.9
Sweet Potato,Vegetables,150.0,steamed,2.41,30.33,0.15,4.5,6.3,81.6,123.9
Sweet Potato,Vegetables,150.0,grilled,2.38,29.87,0.14,4.5,6.3,65.1,121.9
Sweet Potato,Vegetables,150.0,baked,2.41,30.22,0.14,4.5,6.3,68.2,123.7
Sweet Potato,Vegetables,150.0,fried,2.38,29.84,0.27,4.5,6.3,53.6,127.0
Sweet Potato,Vegetables,150.0,deep_fried,2.41,30.26,0.35,4.5,6.3,46.5,132.6
Sweet Potato,Vegetables,200.0,raw,3.2,40.19,0.2,6.0,8.4,77.3,164.0
Sweet Potato,Vegetables,200.0,boiled,3.16,39.71,0.19,6.0,8.4,87.8,160.6
Sweet Potato,Vegetables,200.0,steamed,3.23,40.55,0.2,6.0,8.4,81.9,165.8
Sweet Potato,Vegetables,200.0,grilled,3.18,39.98,0.18,6.0,8.4,65.3,163.4
Sweet Potato,Vegetables,200.0,baked,3.18,39.96,0.19,6.0,8.4,67.6,163.1
Sweet Potato,Vegetables,200.0,fried,3.2,40.26,0.37,6.0,8.4,54.2,172.0
Sweet Potato,Vegetables,200.0,deep_fried,3.23,40.55,0.47,6.0,8.4,46.8,178.0
Sweet Potato,Vegetables,250.0,raw,3.97,49.87,0.25,7.5,10.5,76.7,203.0
Sweet Potato,Vegetables,250.0,boiled,4.0,50.27,0.25,7.5,10.5,88.9,204.4
Sweet Potato,Vegetables,250.0,steamed,4.01,50.41,0.25,7.5,10.5,81.4,205.7
Sweet Potato,Vegetables,250.0,grilled,4.02,50.51,0.23,7.5,10.5,66.0,207.3
Sweet Potato,Vegetables,250.0,baked,4.01,50.32,0.24,7.5,10.5,68.1,205.9
Sweet Potato,Vegetables,250.0,fried,3.99,50.11,0.46,7.5,10.5,54.0,213.8
Sweet Potato,Vegetables,250.0,deep_fried,3.98,49.94,0.57,7.5,10.5,46.1,218.0
Sweet Potato,Vegetables,300.0,raw,4.8,60.34,0.3,9.0,12.6,77.3,246.3
Sweet Potato,Vegetables,300.0,boiled,4.76,59.82,0.29,9.0,12.6,88.2,242.3
Sweet Potato,Vegetables,300.0,steamed,4.69,58.98,0.28,9.0,12.6,79.4,238.2
Sweet Potato,Vegetables,300.0,grilled,4.82,60.5,0.28,9.0,12.6,65.9,248.1
Sweet Potato,Vegetables,300.0,baked,4.83,60.71,0.29,9.0,12.6,68.5,249.0
Sweet Potato,Vegetables,300.0,fried,4.71,59.23,0.54,9.0,12.6,53.2,251.3
Sweet Potato,Vegetables,300.0,deep_fried,4.76,59.84,0.68,9.0,12.6,46.0,261.1
Sweet Potato,Vegetables,400.0,raw,6.43,80.77,0.4,12.0,16.8,77.7,330.3
Sweet Potato,Vegetables,400.0,boiled,6.5,81.64,0.4,12.0,16.8,90.3,333.8
Sweet Potato,Vegetables,400.0,steamed,6.4,80.41,0.4,12.0,16.8,81.2,327.7
Sweet Potato,Vegetables,400.0,grilled,6.37,79.96,0.36,12.0,16.8,65.3,326.8
Sweet Potato,Vegetables,400.0,baked,6.39,80.29,0.38,12.0,16.8,67.9,328.2
Sweet Potato,Vegetables,400.0,fried,6.47,81.23,0.76,12.0,16.8,54.7,348.3
Sweet Potato,Vegetables,400.0,deep_fried,6.37,80.01,0.91,12.0,16.8,46.2,349.4
Sweet Potato,Vegetables,500.0,raw,7.95,99.9,0.49,15.0,21.0,76.8,406.8
Sweet Potato,Vegetables,500.0,boiled,7.97,100.14,0.49,15.0,21.0,88.6,406.4
Sweet Potato,Vegetables,500.0,steamed,7.94,99.78,0.49,15.0,21.0,80.6,405.4
Sweet Potato,Vegetables,500.0,grilled,8.01,100.59,0.46,15.0,21.0,65.8,412.1
Sweet Potato,Vegetables,500.0,baked,8.1,101.72,0.49,15.0,21.0,68.9,418.1
Sweet Potato,Vegetables,500.0,fried,8.02,100.74,0.93,15.0,21.0,54.2,430.6
Sweet Potato,Vegetables,500.0,deep_fried,7.98,100.31,1.15,15.0,21.0,46.3,438.6
Cauliflower,Vegetables,30.0,raw,0.57,1.5,0.09,0.6,0.57,91.9,7.9
Cauliflower,Vegetables,30.0,boiled,0.56,1.48,0.09,0.6,0.57,99.0,7.7
Cauliflower,Vegetables,30.0,steamed,0.57,1.51,0.09,0.6,0.57,97.3,7.9
Cauliflower,Vegetables,30.0,grilled,0.57,1.5,0.08,0.6,0.57,78.2,7.8
Cauliflower,Vegetables,30.0,baked,0.57,1.5,0.09,0.6,0.57,80.9,7.9
Cauliflower,Vegetables,30.0,fried,0.58,1.54,0.17,0.6,0.57,66.0,9.1
Cauliflower,Vegetables,30.0,deep_fried,0.57,1.5,0.21,0.6,0.57,55.4,9.3
Cauliflower,Vegetables,50.0,raw,0.94,2.49,0.15,1.0,0.95,91.6,13.0
Cauliflower,Vegetables,50.0,boiled,0.95,2.49,0.15,1.0,0.95,99.0,13.0
Cauliflower,Vegetables,50.0,steamed,0.96,2.52,0.15,1.0,0.95,97.5,13.2
Cauliflower,Vegetables,50.0,grilled,0.95,2.5,0.14,1.0,0.95,78.4,13.1
Cauliflower,Vegetables,50.0,baked,0.94,2.47,0.14,1.0,0.95,80.2,12.8
Cauliflower,Vegetables,50.0,fried,0.96,2.52,0.28,1.0,0.95,64.9,14.8
Cauliflower,Vegetables,50.0,deep_fried,0.95,2.49,0.34,1.0,0.95,55.0,15.3
Cauliflower,Vegetables,75.0,raw,1.45,3.8,0.23,1.5,1.42,93.4,20.1
Cauliflower,Vegetables,75.0,boiled,1.44,3.78,0.22,1.5,1.42,99.0,19.8
Cauliflower,Vegetables,75.0,steamed,1.42,3.74,0.22,1.5,1.42,96.4,19.5
Cauliflower,Vegetables,75.0,grilled,1.44,3.79,0.21,1.5,1.42,79.0,19.9
Cauliflower,Vegetables,75.0,baked,1.43,3.75,0.21,1.5,1.42,81.1,19.6
Cauliflower,Vegetables,75.0,fried,1.43,3.77,0.42,1.5,1.42,64.9,22.1
Cauliflower,Vegetables,75.0,deep_fried,1.43,3.76,0.52,1.5,1.42,55.5,23.2
Cauliflower,Vegetables,100.0,raw,1.89,4.97,0.3,2.0,1.9,91.5,26.0
Cauliflower,Vegetables,100.0,boiled,1.89,4.98,0.29,2.0,1.9,99.0,25.9
Cauliflower,Vegetables,100.0,steamed,1.91,5.04,0.3,2.0,1.9,97.5,26.4
Cauliflower,Vegetables,100.0,grilled,1.9,4.99,0.27,2.0,1.9,78.1,26.0
Cauliflower,Vegetables,100.0,baked,1.89,4.98,0.28,2.0,1.9,80.8,25.9
Cauliflower,Vegetables,100.0,fried,1.89,4.96,0.55,2.0,1.9,64.0,28.9
Cauliflower,Vegetables,100.0,deep_fried,1.91,5.02,0.69,2.0,1.9,55.4,31.0
Cauliflower,Vegetables,150.0,raw,2.89,7.62,0.46,3.0,2.85,93.5,40.2
Cauliflower,Vegetables,150.0,boiled,2.83,7.44,0.43,3.0,2.85,99.0,38.6
Cauliflower,Vegetables,150.0,steamed,2.85,7.5,0.45,3.0,2.85,96.7,39.2
Cauliflower,Vegetables,150.0,grilled,2.88,7.58,0.42,3.0,2.85,79.1,39.8
Cauliflower,Vegetables,150.0,baked,2.85,7.5,0.43,3.0,2.85,81.0,39.2
Cauliflower,Vegetables,150.0,fried,2.86,7.53,0.84,3.0,2.85,64.7,44.1
Cauliflower,Vegetables,150.0,deep_fried,2.83,7.44,1.02,3.0,2.85,54.8,45.7
Cauliflower,Vegetables,200.0,raw,3.81,10.03,0.6,4.0,3.8,92.4,52.6
Cauliflower,Vegetables,200.0,boiled,3.79,9.99,0.59,4.0,3.8,99.0,52.0
Cauliflower,Vegetables,200.0,steamed,3.83,10.07,0.6,4.0,3.8,97.4,52.8
Cauliflower,Vegetables,200.0,grilled,3.83,10.09,0.56,4.0,3.8,79.0,52.9
Cauliflower,Vegetables,200.0,baked,3.87,10.19,0.59,4.0,3.8,82.6,53.8
Cauliflower,Vegetables,200.0,fried,3.82,10.04,1.12,4.0,3.8,64.8,58.8
Cauliflower,Vegetables,200.0,deep_fried,3.81,10.02,1.39,4.0,3.8,55.4,61.9
Cauliflower,Vegetables,250.0,raw,4.76,12.52,0.75,5.0,4.75,92.2,65.6
Cauliflower,Vegetables,250.0,boiled,4.74,12.47,0.73,5.0,4.75,99.0,64.9
Cauliflower,Vegetables,250.0,steamed,4.76,12.53,0.75,5.0,4.75,97.0,65.6
Cauliflower,Vegetables,250.0,grilled,4.74,12.47,0.69,5.0,4.75,78.1,65.0
Cauliflower,Vegetables,250.0,baked,4.76,12.52,0.71,5.0,4.75,81.2,65.5
Cauliflower,Vegetables,250.0,fried,4.8,12.62,1.41,5.0,4.75,65.1,74.1
Cauliflower,Vegetables,250.0,deep_fried,4.71,12.41,1.7,5.0,4.75,54.8,76.1
Cauliflower,Vegetables,300.0,raw,5.75,15.13,0.92,6.0,5.7,92.9,79.7
Cauliflower,Vegetables,300.0,boiled,5.76,15.15,0.9,6.0,5.7,99.0,79.4
Cauliflower,Vegetables,300.0,steamed,5.69,14.99,0.89,6.0,5.7,96.6,78.3
Cauliflower,Vegetables,300.0,grilled,5.61,14.76,0.8,6.0,5.7,77.0,76.4
Cauliflower,Vegetables,300.0,baked,5.67,14.93,0.85,6.0,5.7,80.7,77.8
Cauliflower,Vegetables,300.0,fried,5.76,15.15,1.7,6.0,5.7,65.1,89.0
Cauliflower,Vegetables,300.0,deep_fried,5.7,15.0,2.07,6.0,5.7,55.3,92.5
Cauliflower,Vegetables,400.0,raw,7.54,19.85,1.18,8.0,7.6,91.4,103.5
Cauliflower,Vegetables,400.0,boiled,7.57,19.92,1.17,8.0,7.6,99.0,103.6
Cauliflower,Vegetables,400.0,steamed,7.65,20.13,1.2,8.0,7.6,97.3,105.6
Cauliflower,Vegetables,400.0,grilled,7.63,20.08,1.11,8.0,7.6,78.6,105.0
Cauliflower,Vegetables,400.0,baked,7.59,19.96,1.14,8.0,7.6,80.9,104.3
Cauliflower,Vegetables,400.0,fried,7.58,19.94,2.21,8.0,7.6,64.3,116.3
Cauliflower,Vegetables,400.0,deep_fried,7.58,19.94,2.74,8.0,7.6,55.1,122.7
Cauliflower,Vegetables,500.0,raw,9.43,24.83,1.48,10.0,9.5,91.5,129.6
Cauliflower,Vegetables,500.0,boiled,9.62,25.3,1.51,10.0,9.5,99.0,132.7
Cauliflower,Vegetables,500.0,steamed,9.48,24.94,1.48,10.0,9.5,96.5,130.2
Cauliflower,Vegetables,500.0,grilled,9.59,25.23,1.41,10.0,9.5,79.0,132.4
Cauliflower,Vegetables,500.0,baked,9.61,25.29,1.46,10.0,9.5,82.0,133.0
Cauliflower,Vegetables,500.0,fried,9.57,25.19,2.82,10.0,9.5,65.0,147.8
Cauliflower,Vegetables,500.0,deep_fried,9.47,24.92,3.43,10.0,9.5,55.1,153.4
Onion,Vegetables,30.0,raw,0.33,2.8,0.03,0.51,1.26,89.4,11.8
Onion,Vegetables,30.0,boiled,0.33,2.79,0.03,0.51,1.26,99.0,11.7
Onion,Vegetables,30.0,steamed,0.33,2.77,0.03,0.51,1.26,92.9,11.6
Onion,Vegetables,30.0,grilled,0.33,2.8,0.03,0.51,1.26,75.9,11.8
Onion,Vegetables,30.0,baked,0.33,2.77,0.03,0.51,1.26,77.7,11.7
Onion,Vegetables,30.0,fried,0.33,2.81,0.06,0.51,1.26,62.9,12.6
Onion,Vegetables,30.0,deep_fried,0.33,2.78,0.07,0.51,1.26,53.3,12.7
Onion,Vegetables,50.0,raw,0.55,4.66,0.05,0.85,2.1,89.2,19.6
Onion,Vegetables,50.0,boiled,0.55,4.66,0.05,0.85,2.1,99.0,19.6
Onion,Vegetables,50.0,steamed,0.55,4.64,0.05,0.85,2.1,93.4,19.5
Onion,Vegetables,50.0,grilled,0.55,4.67,0.05,0.85,2.1,76.1,19.8
Onion,Vegetables,50.0,baked,0.55,4.63,0.05,0.85,2.1,78.1,19.5
Onion,Vegetables,50.0,fried,0.55,4.68,0.09,0.85,2.1,62.8,20.8
Onion,Vegetables,50.0,deep_fried,0.54,4.6,0.11,0.85,2.1,52.9,20.9
Onion,Vegetables,75.0,raw,0.83,6.98,0.08,1.27,3.15,89.2,29.5
Onion,Vegetables,75.0,boiled,0.84,7.08,0.08,1.27,3.15,99.0,29.9
Onion,Vegetables,75.0,steamed,0.82,6.92,0.07,1.27,3.15,92.9,29.0
Onion,Vegetables,75.0,grilled,0.82,6.94,0.07,1.27,3.15,75.4,29.3
Onion,Vegetables,75.0,baked,0.83,7.0,0.07,1.27,3.15,78.7,29.6
Onion,Vegetables,75.0,fried,0.83,6.98,0.14,1.27,3.15,62.5,31.1
Onion,Vegetables,75.0,deep_fried,0.83,6.99,0.17,1.27,3.15,53.6,32.0
Onion,Vegetables,100.0,raw,1.1,9.33,0.1,1.7,4.2,89.4,39.3
Onion,Vegetables,100.0,boiled,1.11,9.34,0.1,1.7,4.2,99.0,39.3
Onion,Vegetables,100.0,steamed,1.11,9.38,0.1,1.7,4.2,94.3,39.6
Onion,Vegetables,100.0,grilled,1.1,9.33,0.09,1.7,4.2,76.0,39.4
Onion,Vegetables,100.0,baked,1.1,9.28,0.09,1.7,4.2,78.3,39.1
Onion,Vegetables,100.0,fried,1.11,9.35,0.19,1.7,4.2,62.7,41.7
Onion,Vegetables,100.0,deep_fried,1.12,9.43,0.24,1.7,4.2,54.2,43.4
Onion,Vegetables,150.0,raw,1.65,13.94,0.15,2.55,6.3,89.0,58.7
Onion,Vegetables,150.0,boiled,1.64,13.85,0.14,2.55,6.3,99.0,57.9
Onion,Vegetables,150.0,steamed,1.66,14.07,0.15,2.55,6.3,94.3,59.3
Onion,Vegetables,150.0,grilled,1.65,13.94,0.14,2.55,6.3,75.7,58.9
Onion,Vegetables,150.0,baked,1.62,13.72,0.14,2.55,6.3,77.1,57.5
Onion,Vegetables,150.0,fried,1.66,14.04,0.28,2.55,6.3,62.8,62.5
Onion,Vegetables,150.0,deep_fried,1.64,13.89,0.34,2.55,6.3,53.2,63.3
Onion,Vegetables,200.0,raw,2.2,18.59,0.2,3.4,8.4,89.0,78.3
Onion,Vegetables,200.0,boiled,2.21,18.65,0.2,3.4,8.4,99.0,78.3
Onion,Vegetables,200.0,steamed,2.2,18.63,0.2,3.4,8.4,93.7,78.4
Onion,Vegetables,200.0,grilled,2.21,18.7,0.19,3.4,8.4,76.1,79.2
Onion,Vegetables,200.0,baked,2.19,18.54,0.19,3.4,8.4,78.2,78.1
Onion,Vegetables,200.0,fried,2.21,18.67,0.37,3.4,8.4,62.6,83.1
Onion,Vegetables,200.0,deep_fried,2.2,18.56,0.46,3.4,8.4,53.4,84.8
Onion,Vegetables,250.0,raw,2.77,23.38,0.25,4.25,10.5,89.6,98.7
Onion,Vegetables,250.0,boiled,2.76,23.36,0.25,4.25,10.5,99.0,98.2
Onion,Vegetables,250.0,steamed,2.73,23.09,0.24,4.25,10.5,92.9,96.8
Onion,Vegetables,250.0,grilled,2.77,23.44,0.23,4.25,10.5,76.4,99.3
Onion,Vegetables,250.0,baked,2.74,23.16,0.24,4.25,10.5,78.1,97.6
Onion,Vegetables,250.0,fried,2.77,23.39,0.47,4.25,10.5,62.7,104.2
Onion,Vegetables,250.0,deep_fried,2.76,23.31,0.58,4.25,10.5,53.6,106.6
Onion,Vegetables,300.0,raw,3.35,28.28,0.31,5.1,12.6,90.3,119.8
Onion,Vegetables,300.0,boiled,3.29,27.85,0.29,5.1,12.6,99.0,116.7
Onion,Vegetables,300.0,steamed,3.29,27.83,0.3,5.1,12.6,93.3,116.9
Onion,Vegetables,300.0,grilled,3.3,27.9,0.28,5.1,12.6,75.7,117.8
Onion,Vegetables,300.0,baked,3.29,27.84,0.28,5.1,12.6,78.2,117.3
Onion,Vegetables,300.0,fried,3.32,28.07,0.56,5.1,12.6,62.7,125.0
Onion,Vegetables,300.0,deep_fried,3.26,27.56,0.67,5.1,12.6,52.8,125.3
Onion,Vegetables,400.0,raw,4.37,36.91,0.39,6.8,16.8,88.4,154.9
Onion,Vegetables,400.0,boiled,4.36,36.9,0.39,6.8,16.8,99.0,154.2
Onion,Vegetables,400.0,steamed,4.43,37.47,0.4,6.8,16.8,94.2,158.0
Onion,Vegetables,400.0,grilled,4.46,37.68,0.38,6.8,16.8,76.7,160.0
Onion,Vegetables,400.0,baked,4.4,37.17,0.38,6.8,16.8,78.3,156.7
Onion,Vegetables,400.0,fried,4.39,37.15,0.74,6.8,16.8,62.3,165.0
Onion,Vegetables,400.0,deep_fried,4.4,37.22,0.92,6.8,16.8,53.5,170.1
Onion,Vegetables,500.0,raw,5.55,46.91,0.51,8.5,21.0,89.9,198.3
Onion,Vegetables,500.0,boiled,5.46,46.18,0.48,8.5,21.0,99.0,193.0
Onion,Vegetables,500.0,steamed,5.51,46.58,0.5,8.5,21.0,93.7,196.0
Onion,Vegetables,500.0,grilled,5.54,46.84,0.47,8.5,21.0,76.3,198.4
Onion,Vegetables,500.0,baked,5.52,46.67,0.48,8.5,21.0,78.7,197.2
Onion,Vegetables,500.0,fried,5.51,46.57,0.93,8.5,21.0,62.5,207.0
Onion,Vegetables,500.0,deep_fried,5.54,46.85,1.17,8.5,21.0,53.9,214.7
Mushrooms,Vegetables,30.0,raw,0.91,0.97,0.09,0.3,0.6,90.5,7.6
Mushrooms,Vegetables,30.0,boiled,0.93,1.0,0.09,0.3,0.6,99.0,7.8
Mushrooms,Vegetables,30.0,steamed,0.93,0.99,0.09,0.3,0.6,96.5,7.8
Mushrooms,Vegetables,30.0,grilled,0.92,0.98,0.08,0.3,0.6,77.5,7.6
Mushrooms,Vegetables,30.0,baked,0.93,0.99,0.09,0.3,0.6,81.6,7.8
Mushrooms,Vegetables,30.0,fried,0.94,1.0,0.17,0.3,0.6,65.3,8.8
Mushrooms,Vegetables,30.0,deep_fried,0.93,0.99,0.21,0.3,0.6,55.4,9.1
Mushrooms,Vegetables,50.0,raw,1.56,1.66,0.15,0.5,1.0,93.1,13.1
Mushrooms,Vegetables,50.0,boiled,1.57,1.67,0.15,0.5,1.0,99.0,13.1
Mushrooms,Vegetables,50.0,steamed,1.57,1.67,0.15,0.5,1.0,98.0,13.2
Mushrooms,Vegetables,50.0,grilled,1.57,1.67,0.14,0.5,1.0,79.5,13.2
Mushrooms,Vegetables,50.0,baked,1.56,1.66,0.14,0.5,1.0,81.8,13.0
Mushrooms,Vegetables,50.0,fried,1.55,1.65,0.28,0.5,1.0,64.7,14.5
Mushrooms,Vegetables,50.0,deep_fried,1.53,1.63,0.34,0.5,1.0,54.8,14.9
Mushrooms,Vegetables,75.0,raw,2.32,2.47,0.22,0.75,1.5,92.2,19.4
Mushrooms,Vegetables,75.0,boiled,2.31,2.46,0.22,0.75,1.5,99.0,19.2
Mushrooms,Vegetables,75.0,steamed,2.36,2.52,0.23,0.75,1.5,98.6,19.9
Mushrooms,Vegetables,75.0,grilled,2.32,2.47,0.21,0.75,1.5,78.4,19.4
Mushrooms,Vegetables,75.0,baked,2.33,2.48,0.21,0.75,1.5,81.4,19.4
Mushrooms,Vegetables,75.0,fried,2.33,2.49,0.42,0.75,1.5,64.9,21.8
Mushrooms,Vegetables,75.0,deep_fried,2.33,2.48,0.52,0.75,1.5,55.5,22.9
Mushrooms,Vegetables,100.0,raw,3.14,3.34,0.31,1.0,2.0,93.6,26.5
Mushrooms,Vegetables,100.0,boiled,3.09,3.28,0.29,1.0,2.0,99.0,25.6
Mushrooms,Vegetables,100.0,steamed,3.1,3.3,0.3,1.0,2.0,97.2,25.9
Mushrooms,Vegetables,100.0,grilled,3.08,3.28,0.27,1.0,2.0,78.1,25.6
Mushrooms,Vegetables,100.0,baked,3.07,3.27,0.28,1.0,2.0,80.5,25.5
Mushrooms,Vegetables,100.0,fried,3.09,3.28,0.55,1.0,2.0,64.4,28.7
Mushrooms,Vegetables,100.0,deep_fried,3.1,3.3,0.69,1.0,2.0,55.4,30.4
Mushrooms,Vegetables,150.0,raw,4.64,4.93,0.45,1.5,3.0,92.1,38.8
Mushrooms,Vegetables,150.0,boiled,4.63,4.92,0.44,1.5,3.0,99.0,38.5
Mushrooms,Vegetables,150.0,steamed,4.6,4.9,0.44,1.5,3.0,96.0,38.3
Mushrooms,Vegetables,150.0,grilled,4.65,4.95,0.41,1.5,3.0,78.5,38.7
Mushrooms,Vegetables,150.0,baked,4.6,4.89,0.42,1.5,3.0,80.4,38.2
Mushrooms,Vegetables,150.0,fried,4.68,4.98,0.84,1.5,3.0,65.0,43.7
Mushrooms,Vegetables,150.0,deep_fried,4.65,4.95,1.04,1.5,3.0,55.5,45.7
Mushrooms,Vegetables,200.0,raw,6.13,6.53,0.59,2.0,4.0,91.4,51.1
Mushrooms,Vegetables,200.0,boiled,6.19,6.58,0.59,2.0,4.0,99.0,51.5
Mushrooms,Vegetables,200.0,steamed,6.17,6.56,0.59,2.0,4.0,96.5,51.4
Mushrooms,Vegetables,200.0,grilled,6.21,6.62,0.55,2.0,4.0,78.7,51.8
Mushrooms,Vegetables,200.0,baked,6.26,6.67,0.58,2.0,4.0,82.1,52.5
Mushrooms,Vegetables,200.0,fried,6.11,6.51,1.08,2.0,4.0,63.8,56.5
Mushrooms,Vegetables,200.0,deep_fried,6.21,6.61,1.38,2.0,4.0,55.5,60.9
Mushrooms,Vegetables,250.0,raw,7.74,8.24,0.75,2.5,5.0,92.3,64.8
Mushrooms,Vegetables,250.0,boiled,7.79,8.29,0.74,2.5,5.0,99.0,65.0
Mushrooms,Vegetables,250.0,steamed,7.76,8.26,0.74,2.5,5.0,97.2,64.8
Mushrooms,Vegetables,250.0,grilled,7.71,8.2,0.68,2.5,5.0,78.1,64.1
Mushrooms,Vegetables,250.0,baked,7.73,8.23,0.71,2.5,5.0,81.1,64.5
Mushrooms,Vegetables,250.0,fried,7.7,8.2,1.37,2.5,5.0,64.3,71.5
Mushrooms,Vegetables,250.0,deep_fried,7.81,8.32,1.75,2.5,5.0,55.9,77.0
Mushrooms,Vegetables,300.0,raw,9.3,9.9,0.9,3.0,6.0,92.4,77.9
Mushrooms,Vegetables,300.0,boiled,9.43,10.04,0.91,3.0,6.0,99.0,79.1
Mushrooms,Vegetables,300.0,steamed,9.3,9.9,0.89,3.0,6.0,97.0,77.7
Mushrooms,Vegetables,300.0,grilled,9.25,9.85,0.82,3.0,6.0,78.1,76.9
Mushrooms,Vegetables,300.0,baked,9.19,9.79,0.84,3.0,6.0,80.4,76.4
Mushrooms,Vegetables,300.0,fried,9.17,9.77,1.62,3.0,6.0,63.8,84.8
Mushrooms,Vegetables,300.0,deep_fried,9.19,9.78,2.02,3.0,6.0,54.8,89.6
Mushrooms,Vegetables,400.0,raw,12.42,13.23,1.2,4.0,8.0,92.6,104.1
Mushrooms,Vegetables,400.0,boiled,12.45,13.25,1.18,4.0,8.0,99.0,103.8
Mushrooms,Vegetables,400.0,steamed,12.25,13.04,1.16,4.0,8.0,95.9,101.7
Mushrooms,Vegetables,400.0,grilled,12.48,13.29,1.12,4.0,8.0,79.1,104.4
Mushrooms,Vegetables,400.0,baked,12.36,13.15,1.13,4.0,8.0,81.0,103.0
Mushrooms,Vegetables,400.0,fried,12.41,13.21,2.22,4.0,8.0,64.8,115.6
Mushrooms,Vegetables,400.0,deep_fried,12.55,13.36,2.83,4.0,8.0,56.1,124.0
Mushrooms,Vegetables,500.0,raw,15.6,16.61,1.52,5.0,10.0,93.0,131.1
Mushrooms,Vegetables,500.0,boiled,15.47,16.47,1.46,5.0,10.0,99.0,128.7
Mushrooms,Vegetables,500.0,steamed,15.4,16.39,1.47,5.0,10.0,96.4,128.2
Mushrooms,Vegetables,500.0,grilled,15.25,16.23,1.34,5.0,10.0,77.3,126.2
Mushrooms,Vegetables,500.0,baked,15.42,16.41,1.41,5.0,10.0,80.9,128.4
Mushrooms,Vegetables,500.0,fried,15.48,16.47,2.77,5.0,10.0,64.6,144.0
Mushrooms,Vegetables,500.0,deep_fried,15.39,16.38,3.4,5.0,10.0,55.0,150.4
Asparagus,Vegetables,30.0,raw,0.66,1.17,0.03,0.63,0.57,93.1,6.3
Asparagus,Vegetables,30.0,boiled,0.66,1.17,0.03,0.63,0.57,99.0,6.3
Asparagus,Vegetables,30.0,steamed,0.66,1.17,0.03,0.63,0.57,97.7,6.3
Asparagus,Vegetables,30.0,grilled,0.66,1.16,0.03,0.63,0.57,78.8,6.3
Asparagus,Vegetables,30.0,baked,0.66,1.17,0.03,0.63,0.57,82.1,6.3
Asparagus,Vegetables,30.0,fried,0.66,1.17,0.06,0.63,0.57,65.5,6.8
Asparagus,Vegetables,30.0,deep_fried,0.65,1.16,0.07,0.63,0.57,55.5,6.9
Asparagus,Vegetables,50.0,raw,1.11,1.97,0.05,1.05,0.95,94.2,10.7
Asparagus,Vegetables,50.0,boiled,1.1,1.95,0.05,1.05,0.95,99.0,10.5
Asparagus,Vegetables,50.0,steamed,1.1,1.95,0.05,1.05,0.95,97.9,10.5
Asparagus,Vegetables,50.0,grilled,1.11,1.96,0.05,1.05,0.95,79.6,10.6
Asparagus,Vegetables,50.0,baked,1.1,1.95,0.05,1.05,0.95,82.2,10.5
Asparagus,Vegetables,50.0,fried,1.11,1.96,0.09,1.05,0.95,65.7,11.3
Asparagus,Vegetables,50.0,deep_fried,1.1,1.95,0.12,1.05,0.95,56.0,11.7
Asparagus,Vegetables,75.0,raw,1.64,2.91,0.07,1.58,1.42,92.8,15.6
Asparagus,Vegetables,75.0,boiled,1.65,2.93,0.07,1.58,1.42,99.0,15.7
Asparagus,Vegetables,75.0,steamed,1.64,2.9,0.07,1.58,1.42,97.0,15.5
Asparagus,Vegetables,75.0,grilled,1.65,2.93,0.07,1.58,1.42,79.3,15.8
Asparagus,Vegetables,75.0,baked,1.65,2.92,0.07,1.58,1.42,82.0,15.7
Asparagus,Vegetables,75.0,fried,1.65,2.92,0.14,1.58,1.42,65.1,16.8
Asparagus,Vegetables,75.0,deep_fried,1.65,2.92,0.17,1.58,1.42,55.9,17.4
Asparagus,Vegetables,100.0,raw,2.17,3.84,0.1,2.1,1.9,91.9,20.6
Asparagus,Vegetables,100.0,boiled,2.19,3.88,0.1,2.1,1.9,99.0,20.8
Asparagus,Vegetables,100.0,steamed,2.2,3.9,0.1,2.1,1.9,97.9,21.0
Asparagus,Vegetables,100.0,grilled,2.2,3.9,0.09,2.1,1.9,79.3,21.0
Asparagus,Vegetables,100.0,baked,2.18,3.87,0.09,2.1,1.9,81.4,20.7
Asparagus,Vegetables,100.0,fried,2.22,3.94,0.19,2.1,1.9,65.9,22.8
Asparagus,Vegetables,100.0,deep_fried,2.19,3.87,0.23,2.1,1.9,55.6,23.0
Asparagus,Vegetables,150.0,raw,3.32,5.89,0.15,3.15,2.85,93.9,31.8
Asparagus,Vegetables,150.0,boiled,3.31,5.87,0.15,3.15,2.85,99.0,31.5
Asparagus,Vegetables,150.0,steamed,3.28,5.82,0.15,3.15,2.85,97.4,31.2
Asparagus,Vegetables,150.0,grilled,3.34,5.93,0.14,3.15,2.85,80.3,32.2
Asparagus,Vegetables,150.0,baked,3.27,5.8,0.14,3.15,2.85,81.3,31.1
Asparagus,Vegetables,150.0,fried,3.32,5.89,0.28,3.15,2.85,65.7,34.0
Asparagus,Vegetables,150.0,deep_fried,3.32,5.89,0.35,3.15,2.85,56.3,35.2
Asparagus,Vegetables,200.0,raw,4.38,7.76,0.2,4.2,3.8,92.7,41.7
Asparagus,Vegetables,200.0,boiled,4.45,7.88,0.2,4.2,3.8,99.0,42.5
Asparagus,Vegetables,200.0,steamed,4.39,7.79,0.2,4.2,3.8,97.7,41.9
Asparagus,Vegetables,200.0,grilled,4.41,7.82,0.18,4.2,3.8,79.4,42.2
Asparagus,Vegetables,200.0,baked,4.41,7.82,0.19,4.2,3.8,82.2,42.2
Asparagus,Vegetables,200.0,fried,4.4,7.79,0.37,4.2,3.8,65.2,44.8
Asparagus,Vegetables,200.0,deep_fried,4.43,7.85,0.47,4.2,3.8,56.3,46.9
Asparagus,Vegetables,250.0,raw,5.53,9.81,0.25,5.25,4.75,93.8,53.0
Asparagus,Vegetables,250.0,boiled,5.43,9.62,0.24,5.25,4.75,99.0,51.2
Asparagus,Vegetables,250.0,steamed,5.55,9.85,0.25,5.25,4.75,98.8,53.2
Asparagus,Vegetables,250.0,grilled,5.43,9.63,0.22,5.25,4.75,78.2,51.5
Asparagus,Vegetables,250.0,baked,5.54,9.83,0.24,5.25,4.75,82.7,53.2
Asparagus,Vegetables,250.0,fried,5.55,9.83,0.47,5.25,4.75,65.8,56.8
Asparagus,Vegetables,250.0,deep_fried,5.45,9.67,0.57,5.25,4.75,55.5,57.3
Asparagus,Vegetables,300.0,raw,6.58,11.66,0.3,6.3,5.7,92.9,62.7
Asparagus,Vegetables,300.0,boiled,6.55,11.6,0.29,6.3,5.7,99.0,62.0
Asparagus,Vegetables,300.0,steamed,6.59,11.68,0.3,6.3,5.7,97.7,62.8
Asparagus,Vegetables,300.0,grilled,6.58,11.67,0.27,6.3,5.7,79.0,62.8
Asparagus,Vegetables,300.0,baked,6.64,11.77,0.29,6.3,5.7,82.5,63.7
Asparagus,Vegetables,300.0,fried,6.66,11.81,0.57,6.3,5.7,65.9,68.3
Asparagus,Vegetables,300.0,deep_fried,6.67,11.82,0.7,6.3,5.7,56.5,70.7
Asparagus,Vegetables,400.0,raw,8.76,15.53,0.4,8.4,7.6,92.8,83.5
Asparagus,Vegetables,400.0,boiled,8.79,15.58,0.39,8.4,7.6,99.0,83.5
Asparagus,Vegetables,400.0,steamed,8.69,15.4,0.39,8.4,7.6,96.6,82.3
Asparagus,Vegetables,400.0,grilled,8.75,15.51,0.36,8.4,7.6,78.7,83.3
Asparagus,Vegetables,400.0,baked,8.86,15.71,0.39,8.4,7.6,82.6,85.0
Asparagus,Vegetables,400.0,fried,8.91,15.79,0.76,8.4,7.6,66.0,91.5
Asparagus,Vegetables,400.0,deep_fried,8.72,15.46,0.9,8.4,7.6,55.4,91.5
Asparagus,Vegetables,500.0,raw,10.95,19.41,0.5,10.5,9.5,92.8,104.4
Asparagus,Vegetables,500.0,boiled,11.0,19.5,0.49,10.5,9.5,99.0,104.6
Asparagus,Vegetables,500.0,steamed,11.02,19.54,0.5,10.5,9.5,98.1,105.2
Asparagus,Vegetables,500.0,grilled,10.93,19.38,0.45,10.5,9.5,78.7,104.1
Asparagus,Vegetables,500.0,baked,11.03,19.56,0.48,10.5,9.5,82.3,105.6
Asparagus,Vegetables,500.0,fried,10.96,19.43,0.92,10.5,9.5,65.0,111.6
Asparagus,Vegetables,500.0,deep_fried,11.0,19.5,1.15,10.5,9.5,55.9,116.0
Zucchini,Vegetables,30.0,raw,0.36,0.93,0.09,0.3,0.75,95.2,5.4
Zucchini,Vegetables,30.0,boiled,0.36,0.93,0.09,0.3,0.75,99.0,5.3
Zucchini,Vegetables,30.0,steamed,0.36,0.93,0.09,0.3,0.75,99.0,5.3
Zucchini,Vegetables,30.0,grilled,0.36,0.93,0.08,0.3,0.75,80.5,5.3
Zucchini,Vegetables,30.0,baked,0.36,0.93,0.09,0.3,0.75,83.4,5.4
Zucchini,Vegetables,30.0,fried,0.36,0.93,0.17,0.3,0.75,66.2,6.2
Zucchini,Vegetables,30.0,deep_fried,0.36,0.93,0.21,0.3,0.75,56.8,6.6
Zucchini,Vegetables,50.0,raw,0.61,1.57,0.15,0.5,1.25,95.9,9.1
Zucchini,Vegetables,50.0,boiled,0.6,1.56,0.15,0.5,1.25,99.0,8.9
Zucchini,Vegetables,50.0,steamed,0.6,1.55,0.15,0.5,1.25,99.0,8.9
Zucchini,Vegetables,50.0,grilled,0.6,1.56,0.14,0.5,1.25,81.0,8.9
Zucchini,Vegetables,50.0,baked,0.6,1.55,0.14,0.5,1.25,83.2,8.8
Zucchini,Vegetables,50.0,fried,0.61,1.56,0.28,0.5,1.25,66.9,10.4
Zucchini,Vegetables,50.0,deep_fried,0.6,1.55,0.35,0.5,1.25,57.0,11.1
Zucchini,Vegetables,75.0,raw,0.9,2.32,0.22,0.75,1.88,94.7,13.3
Zucchini,Vegetables,75.0,boiled,0.9,2.33,0.22,0.75,1.88,99.0,13.3
Zucchini,Vegetables,75.0,steamed,0.89,2.3,0.22,0.75,1.88,98.4,13.1
Zucchini,Vegetables,75.0,grilled,0.89,2.31,0.2,0.75,1.88,79.9,13.1
Zucchini,Vegetables,75.0,baked,0.89,2.3,0.21,0.75,1.88,82.7,13.1
Zucchini,Vegetables,75.0,fried,0.9,2.33,0.42,0.75,1.88,66.4,15.5
Zucchini,Vegetables,75.0,deep_fried,0.91,2.36,0.53,0.75,1.88,57.6,16.9
Zucchini,Vegetables,100.0,raw,1.22,3.15,0.31,1.0,2.5,96.4,18.3
Zucchini,Vegetables,100.0,boiled,1.21,3.11,0.3,1.0,2.5,99.0,17.9
Zucchini,Vegetables,100.0,steamed,1.2,3.11,0.3,1.0,2.5,99.0,17.9
Zucchini,Vegetables,100.0,grilled,1.18,3.06,0.27,1.0,2.5,79.5,17.3
Zucchini,Vegetables,100.0,baked,1.2,3.09,0.28,1.0,2.5,83.1,17.6
Zucchini,Vegetables,100.0,fried,1.19,3.08,0.55,1.0,2.5,66.0,20.4
Zucchini,Vegetables,100.0,deep_fried,1.19,3.09,0.68,1.0,2.5,56.6,21.8
Zucchini,Vegetables,150.0,raw,1.8,4.64,0.45,1.5,3.75,94.7,26.7
Zucchini,Vegetables,150.0,boiled,1.79,4.63,0.44,1.5,3.75,99.0,26.4
Zucchini,Vegetables,150.0,steamed,1.77,4.58,0.43,1.5,3.75,98.1,26.0
Zucchini,Vegetables,150.0,grilled,1.81,4.68,0.42,1.5,3.75,81.0,26.8
Zucchini,Vegetables,150.0,baked,1.79,4.61,0.42,1.5,3.75,82.8,26.3
Zucchini,Vegetables,150.0,fried,1.8,4.66,0.84,1.5,3.75,66.5,30.9
Zucchini,Vegetables,150.0,deep_fried,1.83,4.72,1.07,1.5,3.75,57.8,33.9
Zucchini,Vegetables,200.0,raw,2.38,6.16,0.59,2.0,5.0,94.1,35.3
Zucchini,Vegetables,200.0,boiled,2.35,6.08,0.57,2.0,5.0,99.0,34.4
Zucchini,Vegetables,200.0,steamed,2.39,6.19,0.59,2.0,5.0,99.0,35.4
Zucchini,Vegetables,200.0,grilled,2.42,6.25,0.56,2.0,5.0,81.2,35.8
Zucchini,Vegetables,200.0,baked,2.44,6.29,0.59,2.0,5.0,84.6,36.3
Zucchini,Vegetables,200.0,fried,2.38,6.14,1.09,2.0,5.0,65.7,40.5
Zucchini,Vegetables,200.0,deep_fried,2.41,6.22,1.39,2.0,5.0,57.1,44.3
Zucchini,Vegetables,250.0,raw,2.99,7.72,0.74,2.5,6.25,94.5,44.3
Zucchini,Vegetables,250.0,boiled,3.0,7.74,0.73,2.5,6.25,99.0,44.2
Zucchini,Vegetables,250.0,steamed,3.06,7.9,0.77,2.5,6.25,99.0,45.8
Zucchini,Vegetables,250.0,grilled,2.97,7.66,0.67,2.5,6.25,79.7,43.4
Zucchini,Vegetables,250.0,baked,3.01,7.76,0.72,2.5,6.25,83.6,44.5
Zucchini,Vegetables,250.0,fried,3.01,7.78,1.4,2.5,6.25,66.6,51.7
Zucchini,Vegetables,250.0,deep_fried,3.02,7.81,1.75,2.5,6.25,57.3,55.7
Zucchini,Vegetables,300.0,raw,3.6,9.31,0.9,3.0,7.5,94.9,53.5
Zucchini,Vegetables,300.0,boiled,3.61,9.32,0.89,3.0,7.5,99.0,53.4
Zucchini,Vegetables,300.0,steamed,3.59,9.27,0.89,3.0,7.5,99.0,53.1
Zucchini,Vegetables,300.0,grilled,3.61,9.32,0.83,3.0,7.5,80.7,53.3
Zucchini,Vegetables,300.0,baked,3.59,9.28,0.85,3.0,7.5,83.2,53.0
Zucchini,Vegetables,300.0,fried,3.62,9.34,1.68,3.0,7.5,66.7,62.1
Zucchini,Vegetables,300.0,deep_fried,3.59,9.27,2.06,3.0,7.5,56.7,65.7
Zucchini,Vegetables,400.0,raw,4.81,12.44,1.21,4.0,10.0,95.1,71.7
Zucchini,Vegetables,400.0,boiled,4.8,12.4,1.18,4.0,10.0,99.0,70.9
Zucchini,Vegetables,400.0,steamed,4.84,12.5,1.21,4.0,10.0,99.0,72.0
Zucchini,Vegetables,400.0,grilled,4.8,12.4,1.1,4.0,10.0,80.5,70.7
Zucchini,Vegetables,400.0,baked,4.74,12.24,1.11,4.0,10.0,82.3,69.5
Zucchini,Vegetables,400.0,fried,4.85,12.52,2.26,4.0,10.0,67.0,83.5
Zucchini,Vegetables,400.0,deep_fried,4.77,12.32,2.72,4.0,10.0,56.5,87.1
Zucchini,Vegetables,500.0,raw,5.97,15.42,1.49,5.0,12.5,94.3,88.5
Zucchini,Vegetables,500.0,boiled,5.97,15.43,1.46,5.0,12.5,99.0,87.9
Zucchini,Vegetables,500.0,steamed,6.06,15.66,1.52,5.0,12.5,99.0,90.4
Zucchini,Vegetables,500.0,grilled,5.9,15.25,1.34,5.0,12.5,79.3,86.3
Zucchini,Vegetables,500.0,baked,6.14,15.86,1.49,5.0,12.5,85.4,92.0
Zucchini,Vegetables,500.0,fried,6.05,15.62,2.82,5.0,12.5,66.9,104.1
Zucchini,Vegetables,500.0,deep_fried,6.01,15.53,3.46,5.0,12.5,57.0,110.3
Green Peas,Vegetables,30.0,raw,1.62,4.35,0.12,1.53,1.71,78.9,22.1
Green Peas,Vegetables,30.0,boiled,1.62,4.36,0.12,1.53,1.71,90.9,22.1
Green Peas,Vegetables,30.0,steamed,1.63,4.37,0.12,1.53,1.71,83.2,22.2
Green Peas,Vegetables,30.0,grilled,1.63,4.37,0.11,1.53,1.71,67.4,22.3
Green Peas,Vegetables,30.0,baked,1.63,4.37,0.11,1.53,1.71,69.7,22.2
Green Peas,Vegetables,30.0,fried,1.62,4.35,0.22,1.53,1.71,55.3,23.8
Green Peas,Vegetables,30.0,deep_fried,1.62,4.34,0.28,1.53,1.71,47.3,24.7
Green Peas,Vegetables,50.0,raw,2.7,7.24,0.2,2.55,2.85,78.8,36.8
Green Peas,Vegetables,50.0,boiled,2.7,7.24,0.2,2.55,2.85,90.6,36.6
Green Peas,Vegetables,50.0,steamed,2.72,7.31,0.2,2.55,2.85,83.5,37.2
Green Peas,Vegetables,50.0,grilled,2.71,7.28,0.19,2.55,2.85,67.4,37.1
Green Peas,Vegetables,50.0,baked,2.64,7.09,0.18,2.55,2.85,67.9,35.6
Green Peas,Vegetables,50.0,fried,2.71,7.29,0.37,2.55,2.85,55.5,39.9
Green Peas,Vegetables,50.0,deep_fried,2.7,7.26,0.46,2.55,2.85,47.4,41.3
Green Peas,Vegetables,75.0,raw,4.05,10.87,0.3,3.82,4.28,78.9,55.2
Green Peas,Vegetables,75.0,boiled,4.04,10.84,0.29,3.82,4.28,90.5,54.7
Green Peas,Vegetables,75.0,steamed,4.08,10.97,0.3,3.82,4.28,83.5,55.8
Green Peas,Vegetables,75.0,grilled,4.08,10.95,0.28,3.82,4.28,67.5,55.9
Green Peas,Vegetables,75.0,baked,4.03,10.81,0.28,3.82,4.28,69.0,54.8
Green Peas,Vegetables,75.0,fried,4.06,10.91,0.56,3.82,4.28,55.4,59.8
Green Peas,Vegetables,75.0,deep_fried,4.02,10.8,0.68,3.82,4.28,47.0,61.2
Green Peas,Vegetables,100.0,raw,5.34,14.35,0.39,5.1,5.7,78.1,72.5
Green Peas,Vegetables,100.0,boiled,5.37,14.43,0.39,5.1,5.7,90.3,72.7
Green Peas,Vegetables,100.0,steamed,5.43,14.59,0.4,5.1,5.7,83.4,74.1
Green Peas,Vegetables,100.0,grilled,5.44,14.6,0.37,5.1,5.7,67.5,74.4
Green Peas,Vegetables,100.0,baked,5.42,14.56,0.38,5.1,5.7,69.7,74.1
Green Peas,Vegetables,100.0,fried,5.43,14.58,0.75,5.1,5.7,55.5,80.0
Green Peas,Vegetables,100.0,deep_fried,5.42,14.56,0.93,5.1,5.7,47.5,83.0
Green Peas,Vegetables,150.0,raw,8.06,21.65,0.59,7.65,8.55,78.5,109.7
Green Peas,Vegetables,150.0,boiled,8.13,21.82,0.59,7.65,8.55,91.0,110.4
Green Peas,Vegetables,150.0,steamed,8.15,21.88,0.6,7.65,8.55,83.3,111.2
Green Peas,Vegetables,150.0,grilled,8.15,21.87,0.56,7.65,8.55,67.4,111.5
Green Peas,Vegetables,150.0,baked,8.17,21.94,0.58,7.65,8.55,70.1,111.9
Green Peas,Vegetables,150.0,fried,8.14,21.87,1.12,7.65,8.55,55.5,120.0
Green Peas,Vegetables,150.0,deep_fried,8.12,21.81,1.39,7.65,8.55,47.5,124.2
Green Peas,Vegetables,200.0,raw,10.89,29.23,0.81,10.2,11.4,79.5,149.0
Green Peas,Vegetables,200.0,boiled,10.8,28.99,0.78,10.2,11.4,90.7,146.4
Green Peas,Vegetables,200.0,steamed,10.73,28.81,0.78,10.2,11.4,82.3,145.5
Green Peas,Vegetables,200.0,grilled,10.79,28.96,0.73,10.2,11.4,67.0,147.1
Green Peas,Vegetables,200.0,baked,10.74,28.84,0.75,10.2,11.4,69.0,146.1
Green Peas,Vegetables,200.0,fried,10.75,28.85,1.47,10.2,11.4,55.0,157.6
Green Peas,Vegetables,200.0,deep_fried,10.79,28.97,1.84,10.2,11.4,47.3,164.7
Green Peas,Vegetables,250.0,raw,13.42,36.03,0.99,12.75,14.25,78.4,182.5
Green Peas,Vegetables,250.0,boiled,13.47,36.17,0.98,12.75,14.25,90.5,182.6
Green Peas,Vegetables,250.0,steamed,13.31,35.74,0.96,12.75,14.25,81.7,179.8
Green Peas,Vegetables,250.0,grilled,13.52,36.31,0.92,12.75,14.25,67.2,184.7
Green Peas,Vegetables,250.0,baked,13.5,36.25,0.95,12.75,14.25,69.4,184.2
Green Peas,Vegetables,250.0,fried,13.42,36.03,1.83,12.75,14.25,54.9,196.7
Green Peas,Vegetables,250.0,deep_fried,13.57,36.43,2.32,12.75,14.25,47.6,207.7
Green Peas,Vegetables,300.0,raw,16.31,43.81,1.22,15.3,17.1,79.5,223.3
Green Peas,Vegetables,300.0,boiled,16.0,42.98,1.15,15.3,17.1,89.6,215.8
Green Peas,Vegetables,300.0,steamed,16.11,43.25,1.17,15.3,17.1,82.4,218.5
Green Peas,Vegetables,300.0,grilled,16.11,43.25,1.09,15.3,17.1,66.7,219.2
Green Peas,Vegetables,300.0,baked,16.09,43.19,1.12,15.3,17.1,68.9,218.7
Green Peas,Vegetables,300.0,fried,16.3,43.77,2.25,15.3,17.1,55.6,240.3
Green Peas,Vegetables,300.0,deep_fried,16.18,43.44,2.75,15.3,17.1,47.3,246.9
Green Peas,Vegetables,400.0,raw,21.56,57.88,1.59,20.4,22.8,78.7,293.7
Green Peas,Vegetables,400.0,boiled,21.28,57.13,1.52,20.4,22.8,89.4,286.5
Green Peas,Vegetables,400.0,steamed,21.7,58.28,1.6,20.4,22.8,83.2,296.0
Green Peas,Vegetables,400.0,grilled,21.4,57.46,1.44,20.4,22.8,66.4,290.7
Green Peas,Vegetables,400.0,baked,21.61,58.03,1.52,20.4,22.8,69.5,294.9
Green Peas,Vegetables,400.0,fried,21.64,58.12,2.97,20.4,22.8,55.3,318.4
Green Peas,Vegetables,400.0,deep_fried,21.82,58.59,3.76,20.4,22.8,47.8,334.9
Green Peas,Vegetables,500.0,raw,26.73,71.79,1.96,25.5,28.5,78.1,362.8
Green Peas,Vegetables,500.0,boiled,26.39,70.86,1.87,25.5,28.5,88.7,354.0
Green Peas,Vegetables,500.0,steamed,27.04,72.6,1.99,25.5,28.5,83.0,368.2
Green Peas,Vegetables,500.0,grilled,27.36,73.48,1.89,25.5,28.5,68.0,375.9
Green Peas,Vegetables,500.0,baked,27.25,73.17,1.94,25.5,28.5,70.1,373.4
Green Peas,Vegetables,500.0,fried,27.04,72.61,3.71,25.5,28.5,55.3,397.7
Green Peas,Vegetables,500.0,deep_fried,26.9,72.23,4.57,25.5,28.5,47.2,410.2
White Rice (Cooked),Grains,30.0,raw,0.81,8.51,0.09,0.12,0.03,68.8,38.0
White Rice (Cooked),Grains,30.0,boiled,0.8,8.4,0.09,0.12,0.03,78.1,37.2
White Rice (Cooked),Grains,30.0,steamed,0.81,8.49,0.09,0.12,0.03,72.1,37.9
White Rice (Cooked),Grains,30.0,grilled,0.81,8.49,0.08,0.12,0.03,58.4,38.0
White Rice (Cooked),Grains,30.0,baked,0.82,8.53,0.09,0.12,0.03,60.7,38.3
White Rice (Cooked),Grains,30.0,fried,0.83,8.64,0.17,0.12,0.03,48.9,40.9
White Rice (Cooked),Grains,30.0,deep_fried,0.81,8.48,0.21,0.12,0.03,41.2,41.1
White Rice (Cooked),Grains,50.0,raw,1.34,14.05,0.15,0.2,0.05,68.1,62.6
White Rice (Cooked),Grains,50.0,boiled,1.35,14.1,0.15,0.2,0.05,78.6,62.7
White Rice (Cooked),Grains,50.0,steamed,1.33,13.91,0.14,0.2,0.05,70.9,61.6
White Rice (Cooked),Grains,50.0,grilled,1.34,14.03,0.14,0.2,0.05,57.8,62.7
White Rice (Cooked),Grains,50.0,baked,1.35,14.06,0.14,0.2,0.05,60.0,62.8
White Rice (Cooked),Grains,50.0,fried,1.34,14.04,0.28,0.2,0.05,47.7,66.0
White Rice (Cooked),Grains,50.0,deep_fried,1.35,14.12,0.35,0.2,0.05,41.1,68.3
White Rice (Cooked),Grains,75.0,raw,2.01,21.02,0.22,0.3,0.08,68.0,93.6
White Rice (Cooked),Grains,75.0,boiled,2.04,21.33,0.22,0.3,0.08,79.3,95.0
White Rice (Cooked),Grains,75.0,steamed,2.03,21.15,0.22,0.3,0.08,71.8,94.2
White Rice (Cooked),Grains,75.0,grilled,2.02,21.15,0.21,0.3,0.08,58.1,94.6
White Rice (Cooked),Grains,75.0,baked,2.02,21.1,0.21,0.3,0.08,60.0,94.2
White Rice (Cooked),Grains,75.0,fried,2.03,21.17,0.42,0.3,0.08,47.9,99.7
White Rice (Cooked),Grains,75.0,deep_fried,2.04,21.28,0.52,0.3,0.08,41.3,103.1
White Rice (Cooked),Grains,100.0,raw,2.68,28.02,0.3,0.4,0.1,68.0,124.8
White Rice (Cooked),Grains,100.0,boiled,2.69,28.06,0.29,0.4,0.1,78.3,124.5
White Rice (Cooked),Grains,100.0,steamed,2.69,28.14,0.3,0.4,0.1,71.7,125.3
White Rice (Cooked),Grains,100.0,grilled,2.67,27.92,0.27,0.4,0.1,57.6,124.5
White Rice (Cooked),Grains,100.0,baked,2.68,28.03,0.28,0.4,0.1,59.8,125.0
White Rice (Cooked),Grains,100.0,fried,2.69,28.1,0.55,0.4,0.1,47.7,132.0
White Rice (Cooked),Grains,100.0,deep_fried,2.72,28.38,0.7,0.4,0.1,41.3,137.5
White Rice (Cooked),Grains,150.0,raw,4.06,42.38,0.45,0.6,0.15,68.5,189.3
White Rice (Cooked),Grains,150.0,boiled,4.06,42.36,0.44,0.6,0.15,78.8,188.3
White Rice (Cooked),Grains,150.0,steamed,4.08,42.57,0.45,0.6,0.15,72.3,190.1
White Rice (Cooked),Grains,150.0,grilled,4.05,42.26,0.41,0.6,0.15,58.1,189.0
White Rice (Cooked),Grains,150.0,baked,4.06,42.42,0.43,0.6,0.15,60.4,189.8
White Rice (Cooked),Grains,150.0,fried,4.05,42.27,0.83,0.6,0.15,47.8,198.8
White Rice (Cooked),Grains,150.0,deep_fried,4.06,42.38,1.04,0.6,0.15,41.1,205.1
White Rice (Cooked),Grains,200.0,raw,5.38,56.15,0.59,0.8,0.2,68.1,250.2
White Rice (Cooked),Grains,200.0,boiled,5.3,55.37,0.57,0.8,0.2,77.2,244.5
White Rice (Cooked),Grains,200.0,steamed,5.39,56.34,0.59,0.8,0.2,71.7,250.9
White Rice (Cooked),Grains,200.0,grilled,5.46,57.0,0.56,0.8,0.2,58.8,255.9
White Rice (Cooked),Grains,200.0,baked,5.44,56.79,0.58,0.8,0.2,60.6,254.5
White Rice (Cooked),Grains,200.0,fried,5.44,56.81,1.13,0.8,0.2,48.2,267.9
White Rice (Cooked),Grains,200.0,deep_fried,5.45,56.92,1.41,0.8,0.2,41.4,276.1
White Rice (Cooked),Grains,250.0,raw,6.75,70.55,0.75,1.0,0.25,68.4,314.9
White Rice (Cooked),Grains,250.0,boiled,6.76,70.6,0.74,1.0,0.25,78.8,313.9
White Rice (Cooked),Grains,250.0,steamed,6.72,70.17,0.74,1.0,0.25,71.5,312.1
White Rice (Cooked),Grains,250.0,grilled,6.73,70.33,0.69,1.0,0.25,58.0,314.5
White Rice (Cooked),Grains,250.0,baked,6.78,70.83,0.72,1.0,0.25,60.5,317.1
White Rice (Cooked),Grains,250.0,fried,6.81,71.14,1.41,1.0,0.25,48.3,335.6
White Rice (Cooked),Grains,250.0,deep_fried,6.74,70.43,1.72,1.0,0.25,41.0,340.4
White Rice (Cooked),Grains,300.0,raw,8.07,84.31,0.89,1.2,0.3,68.2,375.8
White Rice (Cooked),Grains,300.0,boiled,8.1,84.6,0.88,1.2,0.3,78.7,375.9
White Rice (Cooked),Grains,300.0,steamed,8.14,84.98,0.9,1.2,0.3,72.1,379.2
White Rice (Cooked),Grains,300.0,grilled,8.01,83.68,0.81,1.2,0.3,57.5,373.1
White Rice (Cooked),Grains,300.0,baked,7.96,83.14,0.83,1.2,0.3,59.2,369.5
White Rice (Cooked),Grains,300.0,fried,8.07,84.25,1.65,1.2,0.3,47.7,395.8
White Rice (Cooked),Grains,300.0,deep_fried,8.03,83.83,2.03,1.2,0.3,40.7,404.2
White Rice (Cooked),Grains,400.0,raw,10.76,112.37,1.19,1.6,0.4,68.1,500.9
White Rice (Cooked),Grains,400.0,boiled,10.79,112.67,1.17,1.6,0.4,78.6,500.4
White Rice (Cooked),Grains,400.0,steamed,10.76,112.42,1.18,1.6,0.4,71.6,500.2
White Rice (Cooked),Grains,400.0,grilled,10.92,114.03,1.13,1.6,0.4,58.8,512.1
White Rice (Cooked),Grains,400.0,baked,10.83,113.08,1.15,1.6,0.4,60.3,505.9
White Rice (Cooked),Grains,400.0,fried,10.82,113.05,2.23,1.6,0.4,48.0,532.2
White Rice (Cooked),Grains,400.0,deep_fried,10.85,113.33,2.79,1.6,0.4,41.2,548.9
White Rice (Cooked),Grains,500.0,raw,13.38,139.8,1.47,2.0,0.5,67.8,622.1
White Rice (Cooked),Grains,500.0,boiled,13.61,142.1,1.49,2.0,0.5,79.3,633.0
White Rice (Cooked),Grains,500.0,steamed,13.49,140.92,1.48,2.0,0.5,71.8,627.6
White Rice (Cooked),Grains,500.0,grilled,13.57,141.71,1.39,2.0,0.5,58.4,635.1
White Rice (Cooked),Grains,500.0,baked,13.39,139.87,1.4,2.0,0.5,59.7,623.5
White Rice (Cooked),Grains,500.0,fried,13.34,139.36,2.71,2.0,0.5,47.3,653.0
White Rice (Cooked),Grains,500.0,deep_fried,13.58,141.86,3.49,2.0,0.5,41.3,687.3
Brown Rice (Cooked),Grains,30.0,raw,0.78,7.07,0.27,0.54,0.12,70.6,32.9
Brown Rice (Cooked),Grains,30.0,boiled,0.77,7.0,0.26,0.54,0.12,80.4,32.2
Brown Rice (Cooked),Grains,30.0,steamed,0.77,7.0,0.26,0.54,0.12,73.4,32.3
Brown Rice (Cooked),Grains,30.0,grilled,0.79,7.11,0.25,0.54,0.12,60.3,33.1
Brown Rice (Cooked),Grains,30.0,baked,0.77,6.99,0.25,0.54,0.12,61.4,32.3
Brown Rice (Cooked),Grains,30.0,fried,0.79,7.14,0.51,0.54,0.12,49.9,36.5
Brown Rice (Cooked),Grains,30.0,deep_fried,0.77,7.0,0.61,0.54,0.12,42.0,37.1
Brown Rice (Cooked),Grains,50.0,raw,1.31,11.81,0.45,0.9,0.2,70.7,54.9
Brown Rice (Cooked),Grains,50.0,boiled,1.3,11.72,0.44,0.9,0.2,80.8,54.1
Brown Rice (Cooked),Grains,50.0,steamed,1.31,11.8,0.45,0.9,0.2,74.3,54.8
Brown Rice (Cooked),Grains,50.0,grilled,1.29,11.7,0.41,0.9,0.2,59.6,54.2
Brown Rice (Cooked),Grains,50.0,baked,1.3,11.74,0.43,0.9,0.2,61.9,54.5
Brown Rice (Cooked),Grains,50.0,fried,1.3,11.75,0.83,0.9,0.2,49.3,59.7
Brown Rice (Cooked),Grains,50.0,deep_fried,1.29,11.66,1.02,0.9,0.2,41.9,61.9
Brown Rice (Cooked),Grains,75.0,raw,1.96,17.72,0.68,1.35,0.3,70.8,82.5
Brown Rice (Cooked),Grains,75.0,boiled,1.94,17.56,0.66,1.35,0.3,80.6,81.0
Brown Rice (Cooked),Grains,75.0,steamed,1.95,17.59,0.67,1.35,0.3,73.8,81.5
Brown Rice (Cooked),Grains,75.0,grilled,1.94,17.49,0.61,1.35,0.3,59.4,80.9
Brown Rice (Cooked),Grains,75.0,baked,1.91,17.29,0.62,1.35,0.3,60.8,79.6
Brown Rice (Cooked),Grains,75.0,fried,1.95,17.6,1.25,1.35,0.3,49.2,89.5
Brown Rice (Cooked),Grains,75.0,deep_fried,1.99,17.94,1.61,1.35,0.3,43.0,96.3
Brown Rice (Cooked),Grains,100.0,raw,2.62,23.64,0.91,1.8,0.4,70.8,110.1
Brown Rice (Cooked),Grains,100.0,boiled,2.6,23.5,0.88,1.8,0.4,80.9,108.5
Brown Rice (Cooked),Grains,100.0,steamed,2.59,23.45,0.89,1.8,0.4,73.8,108.6
Brown Rice (Cooked),Grains,100.0,grilled,2.6,23.5,0.83,1.8,0.4,59.9,109.0
Brown Rice (Cooked),Grains,100.0,baked,2.61,23.6,0.86,1.8,0.4,62.2,109.7
Brown Rice (Cooked),Grains,100.0,fried,2.58,23.29,1.64,1.8,0.4,48.8,118.0
Brown Rice (Cooked),Grains,100.0,deep_fried,2.62,23.7,2.1,1.8,0.4,42.6,126.6
Brown Rice (Cooked),Grains,150.0,raw,3.92,35.44,1.36,2.7,0.6,70.8,164.9
Brown Rice (Cooked),Grains,150.0,boiled,3.92,35.44,1.34,2.7,0.6,81.4,164.1
Brown Rice (Cooked),Grains,150.0,steamed,3.91,35.37,1.35,2.7,0.6,74.2,164.1
Brown Rice (Cooked),Grains,150.0,grilled,3.9,35.26,1.24,2.7,0.6,59.8,163.5
Brown Rice (Cooked),Grains,150.0,baked,3.92,35.43,1.3,2.7,0.6,62.3,164.8
Brown Rice (Cooked),Grains,150.0,fried,3.92,35.41,2.52,2.7,0.6,49.5,180.4
Brown Rice (Cooked),Grains,150.0,deep_fried,3.89,35.16,3.09,2.7,0.6,42.1,187.0
Brown Rice (Cooked),Grains,200.0,raw,5.18,46.8,1.78,3.6,0.8,70.1,216.9
Brown Rice (Cooked),Grains,200.0,boiled,5.2,47.04,1.77,3.6,0.8,81.0,217.4
Brown Rice (Cooked),Grains,200.0,steamed,5.26,47.55,1.82,3.6,0.8,74.8,221.4
Brown Rice (Cooked),Grains,200.0,grilled,5.15,46.56,1.63,3.6,0.8,59.3,215.2
Brown Rice (Cooked),Grains,200.0,baked,5.14,46.48,1.67,3.6,0.8,61.3,214.7
Brown Rice (Cooked),Grains,200.0,fried,5.21,47.06,3.34,3.6,0.8,49.3,239.5
Brown Rice (Cooked),Grains,200.0,deep_fried,5.2,47.02,4.14,3.6,0.8,42.3,250.3
Brown Rice (Cooked),Grains,250.0,raw,6.51,58.83,2.26,4.5,1.0,70.5,273.4
Brown Rice (Cooked),Grains,250.0,boiled,6.51,58.86,2.21,4.5,1.0,81.1,272.1
Brown Rice (Cooked),Grains,250.0,steamed,6.49,58.65,2.22,4.5,1.0,73.8,271.6
Brown Rice (Cooked),Grains,250.0,grilled,6.57,59.41,2.12,4.5,1.0,60.5,276.8
Brown Rice (Cooked),Grains,250.0,baked,6.42,58.04,2.09,4.5,1.0,61.2,268.0
Brown Rice (Cooked),Grains,250.0,fried,6.46,58.38,4.11,4.5,1.0,49.0,296.1
Brown Rice (Cooked),Grains,250.0,deep_fried,6.49,58.7,5.17,4.5,1.0,42.2,312.4
Brown Rice (Cooked),Grains,300.0,raw,7.7,69.63,2.63,5.4,1.2,69.5,321.7
Brown Rice (Cooked),Grains,300.0,boiled,7.79,70.41,2.64,5.4,1.2,80.9,325.1
Brown Rice (Cooked),Grains,300.0,steamed,7.9,71.38,2.74,5.4,1.2,74.8,332.5
Brown Rice (Cooked),Grains,300.0,grilled,7.8,70.51,2.48,5.4,1.2,59.8,327.0
Brown Rice (Cooked),Grains,300.0,baked,7.81,70.62,2.57,5.4,1.2,62.1,327.9
Brown Rice (Cooked),Grains,300.0,fried,7.73,69.83,4.9,5.4,1.2,48.8,353.7
Brown Rice (Cooked),Grains,300.0,deep_fried,7.76,70.17,6.15,5.4,1.2,42.0,372.8
Brown Rice (Cooked),Grains,400.0,raw,10.37,93.74,3.58,7.2,1.6,70.2,434.9
Brown Rice (Cooked),Grains,400.0,boiled,10.38,93.78,3.51,7.2,1.6,80.8,432.8
Brown Rice (Cooked),Grains,400.0,steamed,10.5,94.9,3.63,7.2,1.6,74.6,441.5
Brown Rice (Cooked),Grains,400.0,grilled,10.44,94.39,3.34,7.2,1.6,60.1,438.5
Brown Rice (Cooked),Grains,400.0,baked,10.31,93.22,3.36,7.2,1.6,61.4,431.0
Brown Rice (Cooked),Grains,400.0,fried,10.42,94.17,6.68,7.2,1.6,49.4,479.3
Brown Rice (Cooked),Grains,400.0,deep_fried,10.44,94.35,8.34,7.2,1.6,42.4,503.1
Brown Rice (Cooked),Grains,500.0,raw,13.11,118.5,4.58,9.0,2.0,71.0,552.4
Brown Rice (Cooked),Grains,500.0,boiled,13.15,118.89,4.51,9.0,2.0,81.9,551.9
Brown Rice (Cooked),Grains,500.0,steamed,12.9,116.61,4.39,9.0,2.0,73.4,538.6
Brown Rice (Cooked),Grains,500.0,grilled,12.92,116.79,4.09,9.0,2.0,59.5,540.4
Brown Rice (Cooked),Grains,500.0,baked,12.88,116.39,4.19,9.0,2.0,61.4,538.0
Brown Rice (Cooked),Grains,500.0,fried,12.98,117.29,8.3,9.0,2.0,49.2,596.1
Brown Rice (Cooked),Grains,500.0,deep_fried,13.05,117.91,10.42,9.0,2.0,42.4,628.7
Rolled Oats (Dry),Grains,30.0,raw,4.08,20.04,2.1,3.18,0.24,8.9,110.0
Rolled Oats (Dry),Grains,30.0,boiled,4.05,19.88,2.03,3.18,0.24,10.1,107.9
Rolled Oats (Dry),Grains,30.0,steamed,4.04,19.84,2.04,3.18,0.24,9.2,108.0
Rolled Oats (Dry),Grains,30.0,grilled,4.05,19.91,1.91,3.18,0.24,7.5,108.0
Rolled Oats (Dry),Grains,30.0,baked,4.02,19.77,1.94,3.18,0.24,7.7,107.1
Rolled Oats (Dry),Grains,30.0,fried,4.11,20.2,3.95,3.18,0.24,6.3,130.7
Rolled Oats (Dry),Grains,30.0,deep_fried,4.0,19.65,4.65,3.18,0.24,5.2,134.9
Rolled Oats (Dry),Grains,50.0,raw,6.76,33.2,3.46,5.3,0.4,8.8,181.6
Rolled Oats (Dry),Grains,50.0,boiled,6.85,33.65,3.48,5.3,0.4,10.3,184.0
Rolled Oats (Dry),Grains,50.0,steamed,6.75,33.15,3.42,5.3,0.4,9.2,180.7
Rolled Oats (Dry),Grains,50.0,grilled,6.74,33.1,3.16,5.3,0.4,7.5,179.3
Rolled Oats (Dry),Grains,50.0,baked,6.73,33.06,3.26,5.3,0.4,7.7,179.5
Rolled Oats (Dry),Grains,50.0,fried,6.74,33.11,6.37,5.3,0.4,6.2,212.1
Rolled Oats (Dry),Grains,50.0,deep_fried,6.82,33.49,8.1,5.3,0.4,5.3,233.1
Rolled Oats (Dry),Grains,75.0,raw,9.96,48.9,5.0,7.95,0.6,8.7,264.9
Rolled Oats (Dry),Grains,75.0,boiled,10.24,50.3,5.19,7.95,0.6,10.2,274.6
Rolled Oats (Dry),Grains,75.0,steamed,10.02,49.19,5.01,7.95,0.6,9.1,266.5
Rolled Oats (Dry),Grains,75.0,grilled,10.1,49.63,4.74,7.95,0.6,7.5,268.7
Rolled Oats (Dry),Grains,75.0,baked,10.09,49.56,4.88,7.95,0.6,7.7,269.0
Rolled Oats (Dry),Grains,75.0,fried,10.17,49.94,9.66,7.95,0.6,6.2,321.0
Rolled Oats (Dry),Grains,75.0,deep_fried,10.0,49.13,11.62,7.95,0.6,5.2,337.2
Rolled Oats (Dry),Grains,100.0,raw,13.55,66.53,6.95,10.6,0.8,8.8,364.4
Rolled Oats (Dry),Grains,100.0,boiled,13.7,67.31,6.97,10.6,0.8,10.3,368.1
Rolled Oats (Dry),Grains,100.0,steamed,13.36,65.62,6.69,10.6,0.8,9.1,355.6
Rolled Oats (Dry),Grains,100.0,grilled,13.52,66.39,6.37,10.6,0.8,7.5,360.2
Rolled Oats (Dry),Grains,100.0,baked,13.43,65.97,6.49,10.6,0.8,7.7,357.8
Rolled Oats (Dry),Grains,100.0,fried,13.54,66.51,12.85,10.6,0.8,6.2,427.1
Rolled Oats (Dry),Grains,100.0,deep_fried,13.5,66.31,15.87,10.6,0.8,5.3,458.5
Rolled Oats (Dry),Grains,150.0,raw,20.15,98.97,10.25,15.9,1.2,8.8,539.6
Rolled Oats (Dry),Grains,150.0,boiled,20.32,99.81,10.22,15.9,1.2,10.2,542.6
Rolled Oats (Dry),Grains,150.0,steamed,20.52,100.8,10.52,15.9,1.2,9.4,553.0
Rolled Oats (Dry),Grains,150.0,grilled,20.22,99.31,9.49,15.9,1.2,7.5,537.9
Rolled Oats (Dry),Grains,150.0,baked,20.36,99.99,9.94,15.9,1.2,7.8,545.2
Rolled Oats (Dry),Grains,150.0,fried,20.05,98.49,18.78,15.9,1.2,6.1,627.7
Rolled Oats (Dry),Grains,150.0,deep_fried,20.1,98.74,23.46,15.9,1.2,5.2,679.7
Rolled Oats (Dry),Grains,200.0,raw,27.1,133.07,13.9,21.2,1.6,8.8,728.8
Rolled Oats (Dry),Grains,200.0,boiled,27.3,134.08,13.83,21.2,1.6,10.2,731.8
Rolled Oats (Dry),Grains,200.0,steamed,27.07,132.95,13.73,21.2,1.6,9.3,725.3
Rolled Oats (Dry),Grains,200.0,grilled,26.94,132.29,12.64,21.2,1.6,7.5,716.3
Rolled Oats (Dry),Grains,200.0,baked,27.0,132.6,13.11,21.2,1.6,7.7,721.0
Rolled Oats (Dry),Grains,200.0,fried,26.75,131.36,25.05,21.2,1.6,6.1,837.3
Rolled Oats (Dry),Grains,200.0,deep_fried,27.12,133.2,32.03,21.2,1.6,5.3,923.7
Rolled Oats (Dry),Grains,250.0,raw,33.97,166.85,17.48,26.5,2.0,8.9,915.2
Rolled Oats (Dry),Grains,250.0,boiled,33.64,165.19,16.79,26.5,2.0,10.1,894.7
Rolled Oats (Dry),Grains,250.0,steamed,33.63,165.17,16.96,26.5,2.0,9.2,898.2
Rolled Oats (Dry),Grains,250.0,grilled,33.82,166.08,15.93,26.5,2.0,7.5,901.2
Rolled Oats (Dry),Grains,250.0,baked,33.64,165.21,16.28,26.5,2.0,7.7,896.8
Rolled Oats (Dry),Grains,250.0,fried,33.73,165.67,31.88,26.5,2.0,6.2,1061.6
Rolled Oats (Dry),Grains,250.0,deep_fried,34.28,168.36,40.92,26.5,2.0,5.4,1175.4
Rolled Oats (Dry),Grains,300.0,raw,40.42,198.53,20.62,31.8,2.4,8.8,1084.1
Rolled Oats (Dry),Grains,300.0,boiled,40.39,198.37,20.18,31.8,2.4,10.1,1074.8
Rolled Oats (Dry),Grains,300.0,steamed,40.3,197.93,20.29,31.8,2.4,9.2,1075.6
Rolled Oats (Dry),Grains,300.0,grilled,40.73,200.01,19.26,31.8,2.4,7.5,1087.3
Rolled Oats (Dry),Grains,300.0,baked,40.44,198.63,19.61,31.8,2.4,7.7,1079.2
Rolled Oats (Dry),Grains,300.0,fried,40.3,197.93,37.92,31.8,2.4,6.1,1265.1
Rolled Oats (Dry),Grains,300.0,deep_fried,40.9,200.87,48.55,31.8,2.4,5.3,1397.4
Rolled Oats (Dry),Grains,400.0,raw,54.57,268.02,28.19,42.4,3.2,8.9,1473.3
Rolled Oats (Dry),Grains,400.0,boiled,53.76,264.01,26.8,42.4,3.2,10.1,1429.0
Rolled Oats (Dry),Grains,400.0,steamed,53.24,261.49,26.56,42.4,3.2,9.1,1414.1
Rolled Oats (Dry),Grains,400.0,grilled,54.41,267.2,25.78,42.4,3.2,7.5,1454.1
Rolled Oats (Dry),Grains,400.0,baked,53.72,263.84,25.95,42.4,3.2,7.7,1430.7
Rolled Oats (Dry),Grains,400.0,fried,54.32,266.77,51.67,42.4,3.2,6.2,1716.0
Rolled Oats (Dry),Grains,400.0,deep_fried,53.2,261.28,61.6,42.4,3.2,5.2,1790.3
Rolled Oats (Dry),Grains,500.0,raw,67.95,333.72,34.96,53.0,4.0,8.9,1830.6
Rolled Oats (Dry),Grains,500.0,boiled,66.89,328.49,33.2,53.0,4.0,10.0,1773.7
Rolled Oats (Dry),Grains,500.0,steamed,67.87,333.32,34.53,53.0,4.0,9.3,1821.2
Rolled Oats (Dry),Grains,500.0,grilled,67.51,331.54,31.75,53.0,4.0,7.5,1797.3
Rolled Oats (Dry),Grains,500.0,baked,67.02,329.13,32.31,53.0,4.0,7.7,1783.0
Rolled Oats (Dry),Grains,500.0,fried,67.29,330.49,63.44,53.0,4.0,6.1,2114.6
Rolled Oats (Dry),Grains,500.0,deep_fried,67.85,333.21,80.17,53.0,4.0,5.3,2311.5
Quinoa (Cooked),Grains,30.0,raw,1.32,6.4,0.57,0.84,0.27,71.7,34.5
Quinoa (Cooked),Grains,30.0,boiled,1.33,6.42,0.56,0.84,0.27,82.7,34.4
Quinoa (Cooked),Grains,30.0,steamed,1.34,6.48,0.58,0.84,0.27,76.3,35.1
Quinoa (Cooked),Grains,30.0,grilled,1.3,6.32,0.51,0.84,0.27,60.1,33.6
Quinoa (Cooked),Grains,30.0,baked,1.34,6.47,0.55,0.84,0.27,63.8,34.9
Quinoa (Cooked),Grains,30.0,fried,1.32,6.4,1.06,0.84,0.27,50.2,39.8
Quinoa (Cooked),Grains,30.0,deep_fried,1.31,6.35,1.29,0.84,0.27,42.7,42.1
Quinoa (Cooked),Grains,50.0,raw,2.18,10.54,0.93,1.4,0.45,70.9,56.5
Quinoa (Cooked),Grains,50.0,boiled,2.2,10.63,0.93,1.4,0.45,82.2,56.9
Quinoa (Cooked),Grains,50.0,steamed,2.22,10.72,0.95,1.4,0.45,75.7,57.8
Quinoa (Cooked),Grains,50.0,grilled,2.2,10.64,0.87,1.4,0.45,60.8,56.9
Quinoa (Cooked),Grains,50.0,baked,2.22,10.77,0.92,1.4,0.45,63.7,58.1
Quinoa (Cooked),Grains,50.0,fried,2.18,10.53,1.72,1.4,0.45,49.6,65.1
Quinoa (Cooked),Grains,50.0,deep_fried,2.2,10.65,2.18,1.4,0.45,43.0,70.9
Quinoa (Cooked),Grains,75.0,raw,3.27,15.82,1.4,2.1,0.68,70.9,84.9
Quinoa (Cooked),Grains,75.0,boiled,3.31,16.02,1.4,2.1,0.68,82.6,85.8
Quinoa (Cooked),Grains,75.0,steamed,3.32,16.08,1.43,2.1,0.68,75.7,86.7
Quinoa (Cooked),Grains,75.0,grilled,3.29,15.92,1.3,2.1,0.68,60.7,85.0
Quinoa (Cooked),Grains,75.0,baked,3.24,15.66,1.3,2.1,0.68,61.8,83.2
Quinoa (Cooked),Grains,75.0,fried,3.3,16.0,2.64,2.1,0.68,50.2,99.5
Quinoa (Cooked),Grains,75.0,deep_fried,3.31,16.03,3.3,2.1,0.68,43.1,107.0
Quinoa (Cooked),Grains,100.0,raw,4.41,21.36,1.91,2.8,0.9,71.8,115.2
Quinoa (Cooked),Grains,100.0,boiled,4.44,21.5,1.9,2.8,0.9,83.1,115.6
Quinoa (Cooked),Grains,100.0,steamed,4.36,21.13,1.85,2.8,0.9,74.6,113.0
Quinoa (Cooked),Grains,100.0,grilled,4.42,21.41,1.77,2.8,0.9,61.2,114.9
Quinoa (Cooked),Grains,100.0,baked,4.44,21.49,1.84,2.8,0.9,63.6,115.8
Quinoa (Cooked),Grains,100.0,fried,4.34,21.02,3.42,2.8,0.9,49.5,129.7
Quinoa (Cooked),Grains,100.0,deep_fried,4.41,21.35,4.39,2.8,0.9,43.1,142.5
Quinoa (Cooked),Grains,150.0,raw,6.58,31.83,2.83,4.2,1.35,71.3,171.2
Quinoa (Cooked),Grains,150.0,boiled,6.6,31.93,2.79,4.2,1.35,82.3,170.8
Quinoa (Cooked),Grains,150.0,steamed,6.62,32.03,2.84,4.2,1.35,75.4,172.3
Quinoa (Cooked),Grains,150.0,grilled,6.58,31.83,2.6,4.2,1.35,60.6,170.0
Quinoa (Cooked),Grains,150.0,baked,6.57,31.79,2.68,4.2,1.35,62.7,170.1
Quinoa (Cooked),Grains,150.0,fried,6.6,31.96,5.28,4.2,1.35,50.1,198.8
Quinoa (Cooked),Grains,150.0,deep_fried,6.55,31.69,6.45,4.2,1.35,42.6,210.2
Quinoa (Cooked),Grains,200.0,raw,8.73,42.25,3.74,5.6,1.8,71.0,226.7
Quinoa (Cooked),Grains,200.0,boiled,8.84,42.82,3.76,5.6,1.8,82.8,229.6
Quinoa (Cooked),Grains,200.0,steamed,8.72,42.23,3.7,5.6,1.8,74.5,225.9
Quinoa (Cooked),Grains,200.0,grilled,8.84,42.81,3.53,5.6,1.8,61.2,229.6
Quinoa (Cooked),Grains,200.0,baked,8.83,42.75,3.64,5.6,1.8,63.2,229.7
Quinoa (Cooked),Grains,200.0,fried,8.69,42.05,6.85,5.6,1.8,49.5,259.6
Quinoa (Cooked),Grains,200.0,deep_fried,8.76,42.38,8.65,5.6,1.8,42.7,281.6
Quinoa (Cooked),Grains,250.0,raw,11.1,53.73,4.84,7.0,2.25,72.2,290.8
Quinoa (Cooked),Grains,250.0,boiled,10.92,52.86,4.59,7.0,2.25,81.7,281.8
Quinoa (Cooked),Grains,250.0,steamed,10.96,53.06,4.67,7.0,2.25,74.9,284.5
Quinoa (Cooked),Grains,250.0,grilled,11.04,53.43,4.4,7.0,2.25,61.1,286.4
Quinoa (Cooked),Grains,250.0,baked,11.06,53.56,4.57,7.0,2.25,63.4,288.2
Quinoa (Cooked),Grains,250.0,fried,10.98,53.15,8.75,7.0,2.25,50.0,330.1
Quinoa (Cooked),Grains,250.0,deep_fried,10.95,53.01,10.83,7.0,2.25,42.8,352.3
Quinoa (Cooked),Grains,300.0,raw,13.34,64.58,5.82,8.4,2.7,72.4,349.8
Quinoa (Cooked),Grains,300.0,boiled,13.37,64.73,5.73,8.4,2.7,83.4,348.6
Quinoa (Cooked),Grains,300.0,steamed,13.3,64.37,5.73,8.4,2.7,75.7,347.1
Quinoa (Cooked),Grains,300.0,grilled,13.21,63.94,5.25,8.4,2.7,60.9,342.3
Quinoa (Cooked),Grains,300.0,baked,13.12,63.51,5.35,8.4,2.7,62.6,339.7
Quinoa (Cooked),Grains,300.0,fried,13.12,63.5,10.41,8.4,2.7,49.8,393.5
Quinoa (Cooked),Grains,300.0,deep_fried,13.25,64.15,13.21,8.4,2.7,43.1,428.4
Quinoa (Cooked),Grains,400.0,raw,17.66,85.47,7.65,11.2,3.6,71.8,461.2
Quinoa (Cooked),Grains,400.0,boiled,17.79,86.1,7.6,11.2,3.6,83.2,463.1
Quinoa (Cooked),Grains,400.0,steamed,17.69,85.62,7.6,11.2,3.6,75.5,461.0
Quinoa (Cooked),Grains,400.0,grilled,17.4,84.24,6.83,11.2,3.6,60.2,448.3
Quinoa (Cooked),Grains,400.0,baked,17.74,85.87,7.33,11.2,3.6,63.5,462.4
Quinoa (Cooked),Grains,400.0,fried,17.47,84.56,13.85,11.2,3.6,49.7,523.6
Quinoa (Cooked),Grains,400.0,deep_fried,17.55,84.95,17.38,11.2,3.6,42.8,565.1
Quinoa (Cooked),Grains,500.0,raw,22.04,106.7,9.54,14.0,4.5,71.7,575.4
Quinoa (Cooked),Grains,500.0,boiled,22.33,108.09,9.59,14.0,4.5,83.6,582.7
Quinoa (Cooked),Grains,500.0,steamed,22.51,108.98,9.84,14.0,4.5,76.9,592.1
Quinoa (Cooked),Grains,500.0,grilled,22.1,106.98,8.82,14.0,4.5,61.1,573.7
Quinoa (Cooked),Grains,500.0,baked,21.97,106.35,9.0,14.0,4.5,62.9,570.1
Quinoa (Cooked),Grains,500.0,fried,22.09,106.93,17.72,14.0,4.5,50.3,666.4
Quinoa (Cooked),Grains,500.0,deep_fried,22.15,107.21,22.14,14.0,4.5,43.2,717.1
Whole Wheat Bread,Grains,30.0,raw,3.68,12.9,1.02,1.8,1.29,37.6,72.0
Whole Wheat Bread,Grains,30.0,boiled,3.74,13.1,1.03,1.8,1.29,43.9,73.2
Whole Wheat Bread,Grains,30.0,steamed,3.7,12.95,1.01,1.8,1.29,39.7,72.2
Whole Wheat Bread,Grains,30.0,grilled,3.7,12.98,0.95,1.8,1.29,32.2,72.3
Whole Wheat Bread,Grains,30.0,baked,3.71,12.99,0.98,1.8,1.29,33.3,72.5
Whole Wheat Bread,Grains,30.0,fried,3.7,12.97,1.9,1.8,1.29,26.5,82.5
Whole Wheat Bread,Grains,30.0,deep_fried,3.71,13.01,2.38,1.8,1.29,22.8,88.2
Whole Wheat Bread,Grains,50.0,raw,6.12,21.45,1.68,3.0,2.15,37.5,119.5
Whole Wheat Bread,Grains,50.0,boiled,6.12,21.46,1.65,3.0,2.15,43.2,118.8
Whole Wheat Bread,Grains,50.0,steamed,6.1,21.37,1.66,3.0,2.15,39.3,118.6
Whole Wheat Bread,Grains,50.0,grilled,6.17,21.62,1.57,3.0,2.15,32.2,120.3
Whole Wheat Bread,Grains,50.0,baked,6.19,21.68,1.63,3.0,2.15,33.4,121.0
Whole Wheat Bread,Grains,50.0,fried,6.17,21.62,3.17,3.0,2.15,26.5,137.5
Whole Wheat Bread,Grains,50.0,deep_fried,6.23,21.82,4.01,3.0,2.15,22.9,148.4
Whole Wheat Bread,Grains,75.0,raw,9.22,32.32,2.55,4.5,3.22,37.7,180.5
Whole Wheat Bread,Grains,75.0,boiled,9.27,32.49,2.52,4.5,3.22,43.6,180.7
Whole Wheat Bread,Grains,75.0,steamed,9.15,32.06,2.48,4.5,3.22,39.3,177.8
Whole Wheat Bread,Grains,75.0,grilled,9.2,32.23,2.33,4.5,3.22,32.0,178.8
Whole Wheat Bread,Grains,75.0,baked,9.27,32.49,2.45,4.5,3.22,33.3,181.3
Whole Wheat Bread,Grains,75.0,fried,9.28,32.53,4.78,4.5,3.22,26.6,207.2
Whole Wheat Bread,Grains,75.0,deep_fried,9.2,32.25,5.84,4.5,3.22,22.6,217.6
Whole Wheat Bread,Grains,100.0,raw,12.29,43.08,3.4,6.0,4.3,37.7,240.6
Whole Wheat Bread,Grains,100.0,boiled,12.16,42.61,3.26,6.0,4.3,42.9,235.2
Whole Wheat Bread,Grains,100.0,steamed,12.27,42.98,3.35,6.0,4.3,39.5,239.1
Whole Wheat Bread,Grains,100.0,grilled,12.38,43.39,3.17,6.0,4.3,32.3,241.8
Whole Wheat Bread,Grains,100.0,baked,12.35,43.29,3.26,6.0,4.3,33.3,241.5
Whole Wheat Bread,Grains,100.0,fried,12.35,43.26,6.34,6.0,4.3,26.5,275.2
Whole Wheat Bread,Grains,100.0,deep_fried,12.3,43.12,7.83,6.0,4.3,22.6,291.4
Whole Wheat Bread,Grains,150.0,raw,18.45,64.65,5.1,9.0,6.45,37.7,361.1
Whole Wheat Bread,Grains,150.0,boiled,18.36,64.33,4.95,9.0,6.45,43.1,356.2
Whole Wheat Bread,Grains,150.0,steamed,18.55,64.99,5.1,9.0,6.45,39.8,362.9
Whole Wheat Bread,Grains,150.0,grilled,18.51,64.85,4.72,9.0,6.45,32.1,360.9
Whole Wheat Bread,Grains,150.0,baked,18.52,64.89,4.88,9.0,6.45,33.3,361.9
Whole Wheat Bread,Grains,150.0,fried,18.38,64.39,9.36,9.0,6.45,26.3,407.9
Whole Wheat Bread,Grains,150.0,deep_fried,18.15,63.61,11.35,9.0,6.45,22.3,425.9
Whole Wheat Bread,Grains,200.0,raw,24.8,86.91,6.91,12.0,8.6,38.0,487.3
Whole Wheat Bread,Grains,200.0,boiled,24.51,85.89,6.62,12.0,8.6,43.2,475.9
Whole Wheat Bread,Grains,200.0,steamed,24.44,85.64,6.64,12.0,8.6,39.3,475.5
Whole Wheat Bread,Grains,200.0,grilled,24.73,86.65,6.32,12.0,8.6,32.2,482.6
Whole Wheat Bread,Grains,200.0,baked,24.53,85.95,6.42,12.0,8.6,33.1,477.8
Whole Wheat Bread,Grains,200.0,fried,24.8,86.89,12.78,12.0,8.6,26.6,553.8
Whole Wheat Bread,Grains,200.0,deep_fried,24.71,86.6,15.78,12.0,8.6,22.7,586.5
Whole Wheat Bread,Grains,250.0,raw,30.91,108.3,8.59,15.0,10.75,37.9,606.5
Whole Wheat Bread,Grains,250.0,boiled,30.43,106.65,8.16,15.0,10.75,42.9,588.9
Whole Wheat Bread,Grains,250.0,steamed,31.03,108.73,8.57,15.0,10.75,39.9,608.3
Whole Wheat Bread,Grains,250.0,grilled,30.81,107.96,7.85,15.0,10.75,32.1,600.4
Whole Wheat Bread,Grains,250.0,baked,30.66,107.45,8.03,15.0,10.75,33.1,597.4
Whole Wheat Bread,Grains,250.0,fried,30.78,107.87,15.76,15.0,10.75,26.4,685.0
Whole Wheat Bread,Grains,250.0,deep_fried,30.34,106.31,19.03,15.0,10.75,22.3,713.0
Whole Wheat Bread,Grains,300.0,raw,37.01,129.7,10.26,18.0,12.9,37.8,725.5
Whole Wheat Bread,Grains,300.0,boiled,36.62,128.3,9.84,18.0,12.9,43.0,709.4
Whole Wheat Bread,Grains,300.0,steamed,36.53,127.99,9.89,18.0,12.9,39.2,709.4
Whole Wheat Bread,Grains,300.0,grilled,36.48,127.82,9.17,18.0,12.9,31.7,706.4
Whole Wheat Bread,Grains,300.0,baked,37.21,130.38,9.85,18.0,12.9,33.5,728.7
Whole Wheat Bread,Grains,300.0,fried,36.73,128.69,18.69,18.0,12.9,26.3,814.8
Whole Wheat Bread,Grains,300.0,deep_fried,37.32,130.79,24.0,18.0,12.9,22.9,889.1
Whole Wheat Bread,Grains,400.0,raw,49.0,171.71,13.49,24.0,17.2,37.5,957.2
Whole Wheat Bread,Grains,400.0,boiled,48.57,170.19,12.99,24.0,17.2,42.8,938.7
Whole Wheat Bread,Grains,400.0,steamed,48.79,170.96,13.24,24.0,17.2,39.3,948.4
Whole Wheat Bread,Grains,400.0,grilled,49.66,174.0,12.74,24.0,17.2,32.3,971.0
Whole Wheat Bread,Grains,400.0,baked,49.14,172.2,12.89,24.0,17.2,33.1,958.1
Whole Wheat Bread,Grains,400.0,fried,49.0,171.69,24.95,24.0,17.2,26.3,1087.4
Whole Wheat Bread,Grains,400.0,deep_fried,49.26,172.61,31.36,24.0,17.2,22.6,1166.9
Whole Wheat Bread,Grains,500.0,raw,61.73,216.31,17.13,30.0,21.5,37.8,1210.4
Whole Wheat Bread,Grains,500.0,boiled,62.02,217.31,16.94,30.0,21.5,43.7,1210.9
Whole Wheat Bread,Grains,500.0,steamed,62.17,217.84,17.2,30.0,21.5,40.0,1219.8
Whole Wheat Bread,Grains,500.0,grilled,61.33,214.92,15.56,30.0,21.5,32.0,1192.7
Whole Wheat Bread,Grains,500.0,baked,60.89,213.36,15.83,30.0,21.5,32.8,1182.2
Whole Wheat Bread,Grains,500.0,fried,61.31,214.83,31.25,30.0,21.5,26.3,1361.3
Whole Wheat Bread,Grains,500.0,deep_fried,61.62,215.92,39.25,30.0,21.5,22.7,1460.2
White Bread,Grains,30.0,raw,2.68,14.59,0.95,0.81,1.5,36.1,76.1
White Bread,Grains,30.0,boiled,2.68,14.59,0.93,0.81,1.5,41.6,75.6
White Bread,Grains,30.0,steamed,2.71,14.74,0.96,0.81,1.5,38.3,77.0
White Bread,Grains,30.0,grilled,2.7,14.69,0.88,0.81,1.5,30.9,76.5
White Bread,Grains,30.0,baked,2.7,14.7,0.91,0.81,1.5,32.0,76.6
White Bread,Grains,30.0,fried,2.68,14.62,1.76,0.81,1.5,25.3,85.8
White Bread,Grains,30.0,deep_fried,2.7,14.67,2.2,0.81,1.5,21.8,91.4
White Bread,Grains,50.0,raw,4.47,24.33,1.58,1.35,2.5,36.1,126.8
White Bread,Grains,50.0,boiled,4.53,24.66,1.59,1.35,2.5,42.1,128.5
White Bread,Grains,50.0,steamed,4.53,24.69,1.61,1.35,2.5,38.5,129.2
White Bread,Grains,50.0,grilled,4.44,24.16,1.43,1.35,2.5,30.5,125.0
White Bread,Grains,50.0,baked,4.47,24.33,1.5,1.35,2.5,31.8,126.5
White Bread,Grains,50.0,fried,4.45,24.23,2.89,1.35,2.5,25.2,141.7
White Bread,Grains,50.0,deep_fried,4.48,24.38,3.64,1.35,2.5,21.7,151.6
White Bread,Grains,75.0,raw,6.75,36.73,2.4,2.03,3.75,36.4,192.0
White Bread,Grains,75.0,boiled,6.68,36.35,2.3,2.03,3.75,41.4,187.9
White Bread,Grains,75.0,steamed,6.7,36.5,2.34,2.03,3.75,38.0,189.7
White Bread,Grains,75.0,grilled,6.7,36.47,2.17,2.03,3.75,30.7,189.2
White Bread,Grains,75.0,baked,6.76,36.81,2.29,2.03,3.75,32.1,192.1
White Bread,Grains,75.0,fried,6.75,36.77,4.44,2.03,3.75,25.5,216.3
White Bread,Grains,75.0,deep_fried,6.71,36.55,5.46,2.03,3.75,21.7,227.2
White Bread,Grains,100.0,raw,9.01,49.06,3.21,2.7,5.0,36.4,256.6
White Bread,Grains,100.0,boiled,8.96,48.8,3.11,2.7,5.0,41.7,253.1
White Bread,Grains,100.0,steamed,8.98,48.9,3.16,2.7,5.0,38.1,254.8
White Bread,Grains,100.0,grilled,9.11,49.61,3.02,2.7,5.0,31.3,259.7
White Bread,Grains,100.0,baked,9.09,49.49,3.1,2.7,5.0,32.4,259.1
White Bread,Grains,100.0,fried,8.91,48.52,5.8,2.7,5.0,25.2,284.0
White Bread,Grains,100.0,deep_fried,9.06,49.3,7.45,2.7,5.0,22.0,308.3
White Bread,Grains,150.0,raw,13.58,73.95,4.86,4.05,7.5,36.6,387.6
White Bread,Grains,150.0,boiled,13.38,72.87,4.62,4.05,7.5,41.5,377.1
White Bread,Grains,150.0,steamed,13.58,73.95,4.81,4.05,7.5,38.5,386.6
White Bread,Grains,150.0,grilled,13.66,74.35,4.52,4.05,7.5,31.3,389.0
White Bread,Grains,150.0,baked,13.39,72.88,4.48,4.05,7.5,31.8,378.6
White Bread,Grains,150.0,fried,13.41,72.99,8.76,4.05,7.5,25.3,428.0
White Bread,Grains,150.0,deep_fried,13.6,74.06,11.21,4.05,7.5,22.0,463.4
White Bread,Grains,200.0,raw,18.04,98.2,6.43,5.4,10.0,36.5,513.9
White Bread,Grains,200.0,boiled,18.07,98.41,6.32,5.4,10.0,42.0,512.2
White Bread,Grains,200.0,steamed,18.05,98.25,6.37,5.4,10.0,38.3,512.9
White Bread,Grains,200.0,grilled,18.05,98.29,5.92,5.4,10.0,31.0,512.3
White Bread,Grains,200.0,baked,17.82,97.03,5.96,5.4,10.0,31.7,503.7
White Bread,Grains,200.0,fried,18.14,98.77,12.03,5.4,10.0,25.7,583.2
White Bread,Grains,200.0,deep_fried,18.16,98.86,14.98,5.4,10.0,22.0,619.0
White Bread,Grains,250.0,raw,22.46,122.29,7.97,6.75,12.5,36.3,638.8
White Bread,Grains,250.0,boiled,22.49,122.46,7.83,6.75,12.5,41.8,636.1
White Bread,Grains,250.0,steamed,22.24,121.09,7.74,6.75,12.5,37.8,628.2
White Bread,Grains,250.0,grilled,22.59,122.97,7.42,6.75,12.5,31.1,641.3
White Bread,Grains,250.0,baked,22.6,123.03,7.67,6.75,12.5,32.2,642.7
White Bread,Grains,250.0,fried,22.49,122.44,14.79,6.75,12.5,25.5,720.1
White Bread,Grains,250.0,deep_fried,22.69,123.53,18.71,6.75,12.5,22.0,773.3
White Bread,Grains,300.0,raw,26.93,146.63,9.55,8.1,15.0,36.3,765.7
White Bread,Grains,300.0,boiled,27.11,147.62,9.49,8.1,15.0,42.0,768.4
White Bread,Grains,300.0,steamed,26.79,145.88,9.36,8.1,15.0,37.9,758.0
White Bread,Grains,300.0,grilled,27.0,146.97,8.83,8.1,15.0,30.9,765.1
White Bread,Grains,300.0,baked,26.96,146.81,9.1,8.1,15.0,32.0,765.0
White Bread,Grains,300.0,fried,27.05,147.25,17.82,8.1,15.0,25.5,866.9
White Bread,Grains,300.0,deep_fried,26.93,146.59,21.96,8.1,15.0,21.8,912.6
White Bread,Grains,400.0,raw,35.96,195.81,12.77,10.8,20.0,36.4,1023.2
White Bread,Grains,400.0,boiled,36.22,197.21,12.7,10.8,20.0,42.1,1027.4
White Bread,Grains,400.0,steamed,35.88,195.36,12.59,10.8,20.0,38.1,1017.1
White Bread,Grains,400.0,grilled,35.57,193.64,11.49,10.8,20.0,30.6,1002.9
White Bread,Grains,400.0,baked,36.47,198.57,12.48,10.8,20.0,32.5,1041.2
White Bread,Grains,400.0,fried,36.37,198.03,24.17,10.8,20.0,25.7,1170.6
White Bread,Grains,400.0,deep_fried,35.65,194.1,28.87,10.8,20.0,21.6,1204.1
White Bread,Grains,500.0,raw,45.23,246.27,16.17,13.5,25.0,36.6,1290.4
White Bread,Grains,500.0,boiled,44.83,244.08,15.56,13.5,25.0,41.7,1266.0
White Bread,Grains,500.0,steamed,45.09,245.48,15.9,13.5,25.0,38.3,1281.0
White Bread,Grains,500.0,grilled,45.1,245.54,14.78,13.5,25.0,31.0,1279.5
White Bread,Grains,500.0,baked,44.92,244.57,15.15,13.5,25.0,32.0,1274.2
White Bread,Grains,500.0,fried,44.74,243.56,29.25,13.5,25.0,25.3,1428.6
White Bread,Grains,500.0,deep_fried,44.77,243.73,36.42,13.5,25.0,21.7,1515.5
Pasta (Cooked),Grains,30.0,raw,1.73,9.21,0.27,0.54,0.18,61.7,45.2
Pasta (Cooked),Grains,30.0,boiled,1.73,9.21,0.26,0.54,0.18,71.0,44.9
Pasta (Cooked),Grains,30.0,steamed,1.74,9.27,0.27,0.54,0.18,65.2,45.5
Pasta (Cooked),Grains,30.0,grilled,1.73,9.22,0.25,0.54,0.18,52.5,45.3
Pasta (Cooked),Grains,30.0,baked,1.75,9.32,0.26,0.54,0.18,54.9,45.9
Pasta (Cooked),Grains,30.0,fried,1.76,9.37,0.51,0.54,0.18,44.0,49.9
Pasta (Cooked),Grains,30.0,deep_fried,1.73,9.23,0.62,0.54,0.18,37.1,50.8
Pasta (Cooked),Grains,50.0,raw,2.91,15.48,0.45,0.9,0.3,62.2,76.1
Pasta (Cooked),Grains,50.0,boiled,2.91,15.51,0.44,0.9,0.3,71.7,75.9
Pasta (Cooked),Grains,50.0,steamed,2.91,15.5,0.45,0.9,0.3,65.4,76.1
Pasta (Cooked),Grains,50.0,grilled,2.9,15.46,0.41,0.9,0.3,52.8,76.0
Pasta (Cooked),Grains,50.0,baked,2.92,15.54,0.43,0.9,0.3,55.0,76.5
Pasta (Cooked),Grains,50.0,fried,2.91,15.51,0.84,0.9,0.3,43.6,82.4
Pasta (Cooked),Grains,50.0,deep_fried,2.87,15.31,1.02,0.9,0.3,36.9,84.1
Pasta (Cooked),Grains,75.0,raw,4.38,23.33,0.68,1.35,0.45,62.5,114.9
Pasta (Cooked),Grains,75.0,boiled,4.38,23.33,0.67,1.35,0.45,71.9,114.3
Pasta (Cooked),Grains,75.0,steamed,4.33,23.04,0.66,1.35,0.45,64.8,112.7
Pasta (Cooked),Grains,75.0,grilled,4.35,23.18,0.62,1.35,0.45,52.8,113.9
Pasta (Cooked),Grains,75.0,baked,4.37,23.29,0.65,1.35,0.45,54.9,114.7
Pasta (Cooked),Grains,75.0,fried,4.34,23.14,1.24,1.35,0.45,43.4,122.6
Pasta (Cooked),Grains,75.0,deep_fried,4.39,23.36,1.58,1.35,0.45,37.6,129.2
Pasta (Cooked),Grains,100.0,raw,5.9,31.45,0.93,1.8,0.6,63.2,155.6
Pasta (Cooked),Grains,100.0,boiled,5.77,30.72,0.87,1.8,0.6,71.0,149.8
Pasta (Cooked),Grains,100.0,steamed,5.74,30.58,0.87,1.8,0.6,64.5,149.3
Pasta (Cooked),Grains,100.0,grilled,5.81,30.97,0.83,1.8,0.6,52.9,152.3
Pasta (Cooked),Grains,100.0,baked,5.83,31.07,0.86,1.8,0.6,54.9,153.0
Pasta (Cooked),Grains,100.0,fried,5.79,30.85,1.66,1.8,0.6,43.4,163.5
Pasta (Cooked),Grains,100.0,deep_fried,5.86,31.24,2.12,1.8,0.6,37.7,173.0
Pasta (Cooked),Grains,150.0,raw,8.61,45.88,1.32,2.7,0.9,61.5,224.5
Pasta (Cooked),Grains,150.0,boiled,8.75,46.59,1.34,2.7,0.9,71.8,228.3
Pasta (Cooked),Grains,150.0,steamed,8.66,46.14,1.32,2.7,0.9,64.9,225.8
Pasta (Cooked),Grains,150.0,grilled,8.81,46.95,1.27,2.7,0.9,53.5,231.8
Pasta (Cooked),Grains,150.0,baked,8.83,47.04,1.32,2.7,0.9,55.5,232.5
Pasta (Cooked),Grains,150.0,fried,8.65,46.08,2.47,2.7,0.9,43.2,243.8
Pasta (Cooked),Grains,150.0,deep_fried,8.66,46.16,3.08,2.7,0.9,37.1,254.1
Pasta (Cooked),Grains,200.0,raw,11.67,62.2,1.82,3.6,1.2,62.5,306.4
Pasta (Cooked),Grains,200.0,boiled,11.57,61.62,1.75,3.6,1.2,71.2,300.9
Pasta (Cooked),Grains,200.0,steamed,11.6,61.78,1.78,3.6,1.2,65.2,302.9
Pasta (Cooked),Grains,200.0,grilled,11.6,61.81,1.66,3.6,1.2,52.8,303.8
Pasta (Cooked),Grains,200.0,baked,11.43,60.91,1.66,3.6,1.2,53.9,297.6
Pasta (Cooked),Grains,200.0,fried,11.6,61.79,3.33,3.6,1.2,43.5,327.7
Pasta (Cooked),Grains,200.0,deep_fried,11.54,61.48,4.1,3.6,1.2,37.1,338.3
Pasta (Cooked),Grains,250.0,raw,14.45,76.96,2.23,4.5,1.5,61.9,377.6
Pasta (Cooked),Grains,250.0,boiled,14.66,78.09,2.25,4.5,1.5,72.2,383.3
Pasta (Cooked),Grains,250.0,steamed,14.36,76.52,2.19,4.5,1.5,64.6,373.8
Pasta (Cooked),Grains,250.0,grilled,14.59,77.72,2.1,4.5,1.5,53.1,382.9
Pasta (Cooked),Grains,250.0,baked,14.47,77.09,2.13,4.5,1.5,54.5,378.5
Pasta (Cooked),Grains,250.0,fried,14.47,77.09,4.15,4.5,1.5,43.4,408.5
Pasta (Cooked),Grains,250.0,deep_fried,14.59,77.71,5.24,4.5,1.5,37.5,429.5
Pasta (Cooked),Grains,300.0,raw,17.44,92.94,2.71,5.4,1.8,62.3,457.1
Pasta (Cooked),Grains,300.0,boiled,17.47,93.1,2.67,5.4,1.8,71.7,455.9
Pasta (Cooked),Grains,300.0,steamed,17.53,93.37,2.71,5.4,1.8,65.7,459.1
Pasta (Cooked),Grains,300.0,grilled,17.36,92.47,2.47,5.4,1.8,52.7,454.1
Pasta (Cooked),Grains,300.0,baked,17.32,92.27,2.54,5.4,1.8,54.4,452.6
Pasta (Cooked),Grains,300.0,fried,17.26,91.95,4.91,5.4,1.8,43.1,486.0
Pasta (Cooked),Grains,300.0,deep_fried,17.29,92.13,6.13,5.4,1.8,37.0,506.7
Pasta (Cooked),Grains,400.0,raw,23.71,126.33,3.76,7.2,2.4,63.5,626.1
Pasta (Cooked),Grains,400.0,boiled,23.42,124.75,3.59,7.2,2.4,72.1,612.1
Pasta (Cooked),Grains,400.0,steamed,22.96,122.35,3.49,7.2,2.4,64.5,597.5
Pasta (Cooked),Grains,400.0,grilled,22.97,122.37,3.25,7.2,2.4,52.3,599.2
Pasta (Cooked),Grains,400.0,baked,23.28,124.05,3.44,7.2,2.4,54.8,610.4
Pasta (Cooked),Grains,400.0,fried,23.3,124.11,6.71,7.2,2.4,43.6,659.2
Pasta (Cooked),Grains,400.0,deep_fried,23.3,124.11,8.35,7.2,2.4,37.4,685.4
Pasta (Cooked),Grains,500.0,raw,28.94,154.2,4.48,9.0,3.0,62.0,757.1
Pasta (Cooked),Grains,500.0,boiled,28.97,154.35,4.4,9.0,3.0,71.3,754.2
Pasta (Cooked),Grains,500.0,steamed,29.07,154.88,4.48,9.0,3.0,65.4,760.2
Pasta (Cooked),Grains,500.0,grilled,29.02,154.6,4.15,9.0,3.0,52.8,760.1
Pasta (Cooked),Grains,500.0,baked,28.52,151.93,4.13,9.0,3.0,53.7,741.8
Pasta (Cooked),Grains,500.0,fried,28.95,154.23,8.3,9.0,3.0,43.4,817.3
Pasta (Cooked),Grains,500.0,deep_fried,28.81,153.51,10.22,9.0,3.0,37.0,844.3
Corn Tortilla,Grains,30.0,raw,1.71,13.52,0.84,1.89,0.3,43.1,64.8
Corn Tortilla,Grains,30.0,boiled,1.75,13.8,0.86,1.89,0.3,50.6,66.4
Corn Tortilla,Grains,30.0,steamed,1.71,13.54,0.84,1.89,0.3,45.3,64.8
Corn Tortilla,Grains,30.0,grilled,1.71,13.47,0.77,1.89,0.3,36.5,64.2
Corn Tortilla,Grains,30.0,baked,1.72,13.59,0.81,1.89,0.3,38.1,65.1
Corn Tortilla,Grains,30.0,fried,1.72,13.55,1.57,1.89,0.3,30.2,73.4
Corn Tortilla,Grains,30.0,deep_fried,1.72,13.54,1.94,1.89,0.3,25.9,77.7
Corn Tortilla,Grains,50.0,raw,2.86,22.6,1.41,3.15,0.5,43.2,108.5
Corn Tortilla,Grains,50.0,boiled,2.89,22.85,1.41,3.15,0.5,50.2,109.6
Corn Tortilla,Grains,50.0,steamed,2.83,22.31,1.36,3.15,0.5,44.8,106.2
Corn Tortilla,Grains,50.0,grilled,2.86,22.58,1.3,3.15,0.5,36.7,107.9
Corn Tortilla,Grains,50.0,baked,2.83,22.34,1.31,3.15,0.5,37.6,106.4
Corn Tortilla,Grains,50.0,fried,2.86,22.59,2.61,3.15,0.5,30.2,122.3
Corn Tortilla,Grains,50.0,deep_fried,2.83,22.34,3.18,3.15,0.5,25.6,127.6
Corn Tortilla,Grains,75.0,raw,4.26,33.64,2.09,4.72,0.75,42.9,161.0
Corn Tortilla,Grains,75.0,boiled,4.27,33.68,2.05,4.72,0.75,49.3,160.2
Corn Tortilla,Grains,75.0,steamed,4.31,34.0,2.11,4.72,0.75,45.5,163.1
Corn Tortilla,Grains,75.0,grilled,4.3,33.98,1.96,4.72,0.75,36.8,162.6
Corn Tortilla,Grains,75.0,baked,4.24,33.43,1.96,4.72,0.75,37.5,159.0
Corn Tortilla,Grains,75.0,fried,4.28,33.76,3.89,4.72,0.75,30.1,182.5
Corn Tortilla,Grains,75.0,deep_fried,4.25,33.57,4.78,4.72,0.75,25.7,191.9
Corn Tortilla,Grains,100.0,raw,5.65,44.58,2.75,6.3,1.0,42.6,212.7
Corn Tortilla,Grains,100.0,boiled,5.69,44.93,2.74,6.3,1.0,49.4,213.8
Corn Tortilla,Grains,100.0,steamed,5.69,44.9,2.76,6.3,1.0,45.0,214.3
Corn Tortilla,Grains,100.0,grilled,5.8,45.82,2.67,6.3,1.0,37.2,220.4
Corn Tortilla,Grains,100.0,baked,5.72,45.15,2.68,6.3,1.0,38.0,216.0
Corn Tortilla,Grains,100.0,fried,5.64,44.54,5.07,6.3,1.0,29.8,239.3
Corn Tortilla,Grains,100.0,deep_fried,5.68,44.81,6.39,6.3,1.0,25.7,256.3
Corn Tortilla,Grains,150.0,raw,8.62,68.02,4.26,9.45,1.5,43.3,327.1
Corn Tortilla,Grains,150.0,boiled,8.68,68.56,4.24,9.45,1.5,50.2,328.9
Corn Tortilla,Grains,150.0,steamed,8.45,66.7,4.06,9.45,1.5,44.6,316.9
Corn Tortilla,Grains,150.0,grilled,8.43,66.55,3.76,9.45,1.5,36.0,315.4
Corn Tortilla,Grains,150.0,baked,8.67,68.45,4.1,9.45,1.5,38.4,329.1
Corn Tortilla,Grains,150.0,fried,8.57,67.7,7.82,9.45,1.5,30.2,366.4
Corn Tortilla,Grains,150.0,deep_fried,8.49,67.06,9.53,9.45,1.5,25.6,383.0
Corn Tortilla,Grains,200.0,raw,11.45,90.36,5.64,12.6,2.0,43.2,433.8
Corn Tortilla,Grains,200.0,boiled,11.17,88.22,5.27,12.6,2.0,48.5,416.0
Corn Tortilla,Grains,200.0,steamed,11.4,90.0,5.54,12.6,2.0,45.2,430.0
Corn Tortilla,Grains,200.0,grilled,11.43,90.22,5.18,12.6,2.0,36.6,430.8
Corn Tortilla,Grains,200.0,baked,11.48,90.62,5.39,12.6,2.0,38.1,434.3
Corn Tortilla,Grains,200.0,fried,11.31,89.32,10.2,12.6,2.0,29.9,480.7
Corn Tortilla,Grains,200.0,deep_fried,11.41,90.06,12.9,12.6,2.0,25.8,516.5
Corn Tortilla,Grains,250.0,raw,14.15,111.72,6.9,15.75,2.5,42.7,533.5
Corn Tortilla,Grains,250.0,boiled,14.28,112.72,6.89,15.75,2.5,49.5,537.3
Corn Tortilla,Grains,250.0,steamed,14.15,111.74,6.84,15.75,2.5,44.8,532.2
Corn Tortilla,Grains,250.0,grilled,14.21,112.16,6.4,15.75,2.5,36.4,534.2
Corn Tortilla,Grains,250.0,baked,14.14,111.66,6.55,15.75,2.5,37.6,531.5
Corn Tortilla,Grains,250.0,fried,14.32,113.05,13.08,15.75,2.5,30.2,612.5
Corn Tortilla,Grains,250.0,deep_fried,14.34,113.22,16.31,15.75,2.5,26.0,651.3
Corn Tortilla,Grains,300.0,raw,17.07,134.76,8.37,18.9,3.0,42.9,645.1
Corn Tortilla,Grains,300.0,boiled,17.1,135.04,8.24,18.9,3.0,49.5,643.1
Corn Tortilla,Grains,300.0,steamed,16.91,133.53,8.14,18.9,3.0,44.7,634.7
Corn Tortilla,Grains,300.0,grilled,17.06,134.7,7.69,18.9,3.0,36.5,641.7
Corn Tortilla,Grains,300.0,baked,17.09,134.95,7.97,18.9,3.0,37.8,644.5
Corn Tortilla,Grains,300.0,fried,17.44,137.65,16.15,18.9,3.0,30.7,751.4
Corn Tortilla,Grains,300.0,deep_fried,16.96,133.87,19.0,18.9,3.0,25.6,764.0
Corn Tortilla,Grains,400.0,raw,23.05,181.98,11.45,25.2,4.0,43.5,876.5
Corn Tortilla,Grains,400.0,boiled,22.97,181.35,11.14,25.2,4.0,49.8,866.6
Corn Tortilla,Grains,400.0,steamed,22.85,180.38,11.13,25.2,4.0,45.2,862.8
Corn Tortilla,Grains,400.0,grilled,23.1,182.37,10.58,25.2,4.0,37.0,875.2
Corn Tortilla,Grains,400.0,baked,22.86,180.5,10.7,25.2,4.0,37.9,863.4
Corn Tortilla,Grains,400.0,fried,22.87,180.53,20.84,25.2,4.0,30.2,977.0
Corn Tortilla,Grains,400.0,deep_fried,22.79,179.93,25.74,25.2,4.0,25.8,1031.2
Corn Tortilla,Grains,500.0,raw,28.76,227.06,14.26,31.5,5.0,43.4,1092.7
Corn Tortilla,Grains,500.0,boiled,28.73,226.85,13.95,31.5,5.0,49.9,1084.5
Corn Tortilla,Grains,500.0,steamed,28.37,223.94,13.73,31.5,5.0,44.9,1067.7
Corn Tortilla,Grains,500.0,grilled,28.22,222.77,12.63,31.5,5.0,36.2,1057.6
Corn Tortilla,Grains,500.0,baked,28.46,224.66,13.26,31.5,5.0,37.8,1072.5
Corn Tortilla,Grains,500.0,fried,28.33,223.65,25.59,31.5,5.0,29.9,1204.8
Corn Tortilla,Grains,500.0,deep_fried,28.49,224.89,32.17,31.5,5.0,25.8,1288.8
Bagel,Grains,30.0,raw,3.09,16.05,0.46,0.69,1.83,34.3,79.4
Bagel,Grains,30.0,boiled,3.05,15.85,0.44,0.69,1.83,39.0,77.7
Bagel,Grains,30.0,steamed,3.06,15.89,0.45,0.69,1.83,35.7,78.2
Bagel,Grains,30.0,grilled,3.06,15.91,0.41,0.69,1.83,28.9,78.4
Bagel,Grains,30.0,baked,3.08,16.0,0.43,0.69,1.83,30.1,79.1
Bagel,Grains,30.0,fried,3.01,15.63,0.8,0.69,1.83,23.4,82.3
Bagel,Grains,30.0,deep_fried,3.05,15.83,1.03,0.69,1.83,20.3,87.1
Bagel,Grains,50.0,raw,5.11,26.54,0.75,1.15,3.05,34.1,130.9
Bagel,Grains,50.0,boiled,5.15,26.74,0.75,1.15,3.05,39.5,131.7
Bagel,Grains,50.0,steamed,5.08,26.4,0.74,1.15,3.05,35.6,129.7
Bagel,Grains,50.0,grilled,5.03,26.13,0.67,1.15,3.05,28.5,128.2
Bagel,Grains,50.0,baked,5.12,26.62,0.72,1.15,3.05,30.1,131.5
Bagel,Grains,50.0,fried,5.08,26.37,1.37,1.15,3.05,23.7,139.6
Bagel,Grains,50.0,deep_fried,5.05,26.26,1.69,1.15,3.05,20.2,144.1
Bagel,Grains,75.0,raw,7.61,39.56,1.11,1.72,4.57,33.8,194.7
Bagel,Grains,75.0,boiled,7.64,39.69,1.1,1.72,4.57,39.0,194.7
Bagel,Grains,75.0,steamed,7.62,39.57,1.1,1.72,4.57,35.5,194.4
Bagel,Grains,75.0,grilled,7.52,39.09,1.0,1.72,4.57,28.4,191.6
Bagel,Grains,75.0,baked,7.7,40.02,1.08,1.72,4.57,30.1,197.8
Bagel,Grains,75.0,fried,7.72,40.13,2.12,1.72,4.57,24.0,213.6
Bagel,Grains,75.0,deep_fried,7.69,39.94,2.61,1.72,4.57,20.5,220.4
Bagel,Grains,100.0,raw,10.11,52.55,1.47,2.3,6.1,33.7,258.2
Bagel,Grains,100.0,boiled,10.18,52.92,1.47,2.3,6.1,39.0,259.5
Bagel,Grains,100.0,steamed,10.2,53.0,1.48,2.3,6.1,35.7,260.7
Bagel,Grains,100.0,grilled,10.25,53.24,1.39,2.3,6.1,29.0,263.0
Bagel,Grains,100.0,baked,10.25,53.27,1.44,2.3,6.1,30.1,263.1
Bagel,Grains,100.0,fried,10.14,52.71,2.74,2.3,6.1,23.7,278.9
Bagel,Grains,100.0,deep_fried,10.21,53.03,3.45,2.3,6.1,20.4,292.1
Bagel,Grains,150.0,raw,15.35,79.77,2.27,3.45,9.15,34.1,393.9
Bagel,Grains,150.0,boiled,15.47,80.37,2.25,3.45,9.15,39.5,396.0
Bagel,Grains,150.0,steamed,15.38,79.92,2.25,3.45,9.15,35.9,394.0
Bagel,Grains,150.0,grilled,15.39,79.97,2.09,3.45,9.15,29.1,395.2
Bagel,Grains,150.0,baked,15.31,79.55,2.14,3.45,9.15,29.9,392.3
Bagel,Grains,150.0,fried,15.46,80.34,4.25,3.45,9.15,24.1,427.9
Bagel,Grains,150.0,deep_fried,15.35,79.74,5.21,3.45,9.15,20.5,439.7
Bagel,Grains,200.0,raw,20.27,105.32,2.96,4.6,12.2,33.8,518.0
Bagel,Grains,200.0,boiled,20.61,107.12,3.0,4.6,12.2,39.5,527.7
Bagel,Grains,200.0,steamed,20.51,106.55,3.0,4.6,12.2,35.9,525.4
Bagel,Grains,200.0,grilled,20.33,105.65,2.74,4.6,12.2,28.8,520.3
Bagel,Grains,200.0,baked,20.33,105.62,2.83,4.6,12.2,29.8,520.1
Bagel,Grains,200.0,fried,20.45,106.24,5.57,4.6,12.2,23.9,564.0
Bagel,Grains,200.0,deep_fried,20.47,106.37,6.95,4.6,12.2,20.5,586.6
Bagel,Grains,250.0,raw,25.54,132.7,3.76,5.75,15.25,34.1,654.7
Bagel,Grains,250.0,boiled,25.56,132.81,3.69,5.75,15.25,39.2,652.2
Bagel,Grains,250.0,steamed,25.83,134.19,3.81,5.75,15.25,36.2,663.6
Bagel,Grains,250.0,grilled,25.7,133.56,3.51,5.75,15.25,29.1,660.6
Bagel,Grains,250.0,baked,25.54,132.69,3.57,5.75,15.25,30.0,654.6
Bagel,Grains,250.0,fried,25.68,133.44,7.04,5.75,15.25,24.0,709.8
Bagel,Grains,250.0,deep_fried,25.3,131.47,8.49,5.75,15.25,20.2,721.8
Bagel,Grains,300.0,raw,30.69,159.47,4.53,6.9,18.3,34.1,787.2
Bagel,Grains,300.0,boiled,31.02,161.16,4.53,6.9,18.3,39.6,794.9
Bagel,Grains,300.0,steamed,30.55,158.74,4.44,6.9,18.3,35.6,780.6
Bagel,Grains,300.0,grilled,30.41,157.99,4.09,6.9,18.3,28.7,777.3
Bagel,Grains,300.0,baked,30.45,158.22,4.23,6.9,18.3,29.8,778.6
Bagel,Grains,300.0,fried,30.35,157.7,8.19,6.9,18.3,23.6,833.8
Bagel,Grains,300.0,deep_fried,30.42,158.06,10.23,6.9,18.3,20.3,868.4
Bagel,Grains,400.0,raw,40.69,211.41,5.97,9.2,24.4,33.9,1041.3
Bagel,Grains,400.0,boiled,40.37,209.77,5.76,9.2,24.4,38.7,1025.1
Bagel,Grains,400.0,steamed,40.8,212.02,5.94,9.2,24.4,35.7,1043.3
Bagel,Grains,400.0,grilled,41.08,213.43,5.59,9.2,24.4,29.1,1055.2
Bagel,Grains,400.0,baked,40.52,210.56,5.62,9.2,24.4,29.7,1035.5
Bagel,Grains,400.0,fried,41.26,214.42,11.35,9.2,24.4,24.1,1142.4
Bagel,Grains,400.0,deep_fried,40.96,212.81,13.91,9.2,24.4,20.5,1173.7
Bagel,Grains,500.0,raw,51.39,267.05,7.62,11.5,30.5,34.3,1320.7
Bagel,Grains,500.0,boiled,50.75,263.69,7.28,11.5,30.5,38.9,1291.4
Bagel,Grains,500.0,steamed,51.33,266.7,7.52,11.5,30.5,35.9,1315.6
Bagel,Grains,500.0,grilled,50.58,262.83,6.79,11.5,30.5,28.7,1292.1
Bagel,Grains,500.0,baked,51.34,266.77,7.22,11.5,30.5,30.1,1318.7
Bagel,Grains,500.0,fried,51.07,265.34,13.91,11.5,30.5,23.8,1408.2
Bagel,Grains,500.0,deep_fried,51.21,266.1,17.39,11.5,30.5,20.5,1467.7
Barley (Cooked),Grains,30.0,raw,0.68,8.39,0.12,1.14,0.09,68.2,35.1
Barley (Cooked),Grains,30.0,boiled,0.69,8.4,0.12,1.14,0.09,78.6,35.1
Barley (Cooked),Grains,30.0,steamed,0.69,8.5,0.12,1.14,0.09,72.6,35.7
Barley (Cooked),Grains,30.0,grilled,0.69,8.4,0.11,1.14,0.09,58.1,35.3
Barley (Cooked),Grains,30.0,baked,0.69,8.49,0.11,1.14,0.09,60.8,35.7
Barley (Cooked),Grains,30.0,fried,0.68,8.37,0.22,1.14,0.09,47.7,37.2
Barley (Cooked),Grains,30.0,deep_fried,0.69,8.51,0.28,1.14,0.09,41.5,39.2
Barley (Cooked),Grains,50.0,raw,1.14,13.97,0.2,1.9,0.15,68.2,58.5
Barley (Cooked),Grains,50.0,boiled,1.15,14.16,0.2,1.9,0.15,79.4,59.3
Barley (Cooked),Grains,50.0,steamed,1.16,14.17,0.2,1.9,0.15,72.6,59.5
Barley (Cooked),Grains,50.0,grilled,1.14,14.03,0.18,1.9,0.15,58.2,58.9
Barley (Cooked),Grains,50.0,baked,1.16,14.16,0.19,1.9,0.15,60.8,59.6
Barley (Cooked),Grains,50.0,fried,1.15,14.13,0.37,1.9,0.15,48.3,63.0
Barley (Cooked),Grains,50.0,deep_fried,1.15,14.04,0.46,1.9,0.15,41.1,64.5
Barley (Cooked),Grains,75.0,raw,1.71,20.99,0.3,2.85,0.22,68.3,87.9
Barley (Cooked),Grains,75.0,boiled,1.7,20.84,0.29,2.85,0.22,78.0,86.6
Barley (Cooked),Grains,75.0,steamed,1.73,21.21,0.3,2.85,0.22,72.4,89.0
Barley (Cooked),Grains,75.0,grilled,1.7,20.9,0.27,2.85,0.22,57.8,87.5
Barley (Cooked),Grains,75.0,baked,1.73,21.17,0.29,2.85,0.22,60.6,89.1
Barley (Cooked),Grains,75.0,fried,1.72,21.11,0.55,2.85,0.22,48.1,94.0
Barley (Cooked),Grains,75.0,deep_fried,1.73,21.26,0.7,2.85,0.22,41.5,97.9
Barley (Cooked),Grains,100.0,raw,2.29,28.14,0.4,3.8,0.3,68.6,118.0
Barley (Cooked),Grains,100.0,boiled,2.29,28.13,0.39,3.8,0.3,78.9,117.4
Barley (Cooked),Grains,100.0,steamed,2.31,28.35,0.4,3.8,0.3,72.6,119.1
Barley (Cooked),Grains,100.0,grilled,2.31,28.27,0.37,3.8,0.3,58.6,119.1
Barley (Cooked),Grains,100.0,baked,2.31,28.27,0.38,3.8,0.3,60.7,118.9
Barley (Cooked),Grains,100.0,fried,2.31,28.3,0.75,3.8,0.3,48.3,126.3
Barley (Cooked),Grains,100.0,deep_fried,2.27,27.88,0.9,3.8,0.3,40.8,127.5
Barley (Cooked),Grains,150.0,raw,3.47,42.54,0.61,5.7,0.45,69.2,179.0
Barley (Cooked),Grains,150.0,boiled,3.47,42.49,0.59,5.7,0.45,79.5,177.9
Barley (Cooked),Grains,150.0,steamed,3.42,41.98,0.58,5.7,0.45,71.7,175.3
Barley (Cooked),Grains,150.0,grilled,3.44,42.22,0.55,5.7,0.45,58.4,177.5
Barley (Cooked),Grains,150.0,baked,3.45,42.29,0.57,5.7,0.45,60.5,177.7
Barley (Cooked),Grains,150.0,fried,3.45,42.26,1.11,5.7,0.45,48.1,188.2
Barley (Cooked),Grains,150.0,deep_fried,3.46,42.41,1.39,5.7,0.45,41.4,195.1
Barley (Cooked),Grains,200.0,raw,4.65,57.01,0.82,7.6,0.6,69.5,240.4
Barley (Cooked),Grains,200.0,boiled,4.64,56.86,0.8,7.6,0.6,79.8,238.4
Barley (Cooked),Grains,200.0,steamed,4.55,55.84,0.78,7.6,0.6,71.5,233.1
Barley (Cooked),Grains,200.0,grilled,4.62,56.66,0.74,7.6,0.6,58.8,238.8
Barley (Cooked),Grains,200.0,baked,4.65,56.96,0.78,7.6,0.6,61.1,240.4
Barley (Cooked),Grains,200.0,fried,4.61,56.56,1.49,7.6,0.6,48.3,252.3
Barley (Cooked),Grains,200.0,deep_fried,4.64,56.86,1.87,7.6,0.6,41.6,262.1
Barley (Cooked),Grains,250.0,raw,5.84,71.56,1.03,9.5,0.75,69.8,302.3
Barley (Cooked),Grains,250.0,boiled,5.79,71.04,1.0,9.5,0.75,79.7,297.8
Barley (Cooked),Grains,250.0,steamed,5.76,70.63,0.99,9.5,0.75,72.4,296.2
Barley (Cooked),Grains,250.0,grilled,5.8,71.05,0.93,9.5,0.75,58.9,299.8
Barley (Cooked),Grains,250.0,baked,5.76,70.58,0.95,9.5,0.75,60.6,296.8
Barley (Cooked),Grains,250.0,fried,5.75,70.51,1.85,9.5,0.75,48.2,314.2
Barley (Cooked),Grains,250.0,deep_fried,5.73,70.31,2.29,9.5,0.75,41.2,322.8
Barley (Cooked),Grains,300.0,raw,6.98,85.59,1.23,11.4,0.9,69.6,361.1
Barley (Cooked),Grains,300.0,boiled,6.86,84.08,1.16,11.4,0.9,78.6,350.5
Barley (Cooked),Grains,300.0,steamed,6.98,85.57,1.22,11.4,0.9,73.1,360.3
Barley (Cooked),Grains,300.0,grilled,6.93,84.92,1.11,11.4,0.9,58.7,357.8
Barley (Cooked),Grains,300.0,baked,6.83,83.71,1.12,11.4,0.9,59.9,350.4
Barley (Cooked),Grains,300.0,fried,6.92,84.83,2.23,11.4,0.9,48.3,378.3
Barley (Cooked),Grains,300.0,deep_fried,6.79,83.27,2.67,11.4,0.9,40.6,380.3
Barley (Cooked),Grains,400.0,raw,9.24,113.33,1.62,15.2,1.2,69.1,476.8
Barley (Cooked),Grains,400.0,boiled,9.26,113.55,1.59,15.2,1.2,79.6,475.8
Barley (Cooked),Grains,400.0,steamed,9.16,112.3,1.57,15.2,1.2,71.9,469.7
Barley (Cooked),Grains,400.0,grilled,9.21,112.9,1.47,15.2,1.2,58.5,475.1
Barley (Cooked),Grains,400.0,baked,9.33,114.45,1.56,15.2,1.2,61.4,483.8
Barley (Cooked),Grains,400.0,fried,9.17,112.37,2.94,15.2,1.2,48.0,500.0
Barley (Cooked),Grains,400.0,deep_fried,9.13,111.9,3.62,15.2,1.2,41.0,512.7
Barley (Cooked),Grains,500.0,raw,11.63,142.57,2.04,19.0,1.5,69.6,601.2
Barley (Cooked),Grains,500.0,boiled,11.67,143.08,2.02,19.0,1.5,80.3,601.5
Barley (Cooked),Grains,500.0,steamed,11.5,141.0,1.98,19.0,1.5,72.2,590.9
Barley (Cooked),Grains,500.0,grilled,11.59,142.07,1.87,19.0,1.5,58.9,599.5
Barley (Cooked),Grains,500.0,baked,11.62,142.42,1.94,19.0,1.5,61.2,601.1
Barley (Cooked),Grains,500.0,fried,11.44,140.21,3.66,19.0,1.5,47.9,623.4
Barley (Cooked),Grains,500.0,deep_fried,11.46,140.49,4.57,19.0,1.5,41.1,644.8
"Chicken Breast (Cooked, Grilled)",Meat,30.0,raw,9.39,0.0,1.1,0.0,0.0,65.9,47.8
"Chicken Breast (Cooked, Grilled)",Meat,30.0,boiled,9.42,0.0,1.09,0.0,0.0,76.0,47.7
"Chicken Breast (Cooked, Grilled)",Meat,30.0,steamed,9.34,0.0,1.08,0.0,0.0,68.9,47.3
"Chicken Breast (Cooked, Grilled)",Meat,30.0,grilled,9.24,0.0,0.98,0.0,0.0,55.1,46.2
"Chicken Breast (Cooked, Grilled)",Meat,30.0,baked,9.44,0.0,1.06,0.0,0.0,58.3,47.9
"Chicken Breast (Cooked, Grilled)",Meat,30.0,fried,9.26,0.0,1.98,0.0,0.0,45.5,56.1
"Chicken Breast (Cooked, Grilled)",Meat,30.0,deep_fried,9.28,0.0,2.47,0.0,0.0,39.1,61.3
"Chicken Breast (Cooked, Grilled)",Meat,50.0,raw,15.54,0.0,1.81,0.0,0.0,65.5,78.9
"Chicken Breast (Cooked, Grilled)",Meat,50.0,boiled,15.68,0.0,1.81,0.0,0.0,76.0,79.3
"Chicken Breast (Cooked, Grilled)",Meat,50.0,steamed,15.6,0.0,1.8,0.0,0.0,69.0,79.0
"Chicken Breast (Cooked, Grilled)",Meat,50.0,grilled,15.55,0.0,1.67,0.0,0.0,55.7,78.1
"Chicken Breast (Cooked, Grilled)",Meat,50.0,baked,15.55,0.0,1.72,0.0,0.0,57.7,78.4
"Chicken Breast (Cooked, Grilled)",Meat,50.0,fried,15.51,0.0,3.33,0.0,0.0,45.7,94.2
"Chicken Breast (Cooked, Grilled)",Meat,50.0,deep_fried,15.56,0.0,4.17,0.0,0.0,39.3,103.2
"Chicken Breast (Cooked, Grilled)",Meat,75.0,raw,22.81,0.0,2.6,0.0,0.0,64.1,114.5
"Chicken Breast (Cooked, Grilled)",Meat,75.0,boiled,23.2,0.0,2.63,0.0,0.0,74.9,116.5
"Chicken Breast (Cooked, Grilled)",Meat,75.0,steamed,23.29,0.0,2.68,0.0,0.0,68.7,117.7
"Chicken Breast (Cooked, Grilled)",Meat,75.0,grilled,23.05,0.0,2.44,0.0,0.0,55.0,115.0
"Chicken Breast (Cooked, Grilled)",Meat,75.0,baked,23.32,0.0,2.58,0.0,0.0,57.6,117.5
"Chicken Breast (Cooked, Grilled)",Meat,75.0,fried,23.21,0.0,4.98,0.0,0.0,45.6,140.9
"Chicken Breast (Cooked, Grilled)",Meat,75.0,deep_fried,23.56,0.0,6.37,0.0,0.0,39.7,157.1
"Chicken Breast (Cooked, Grilled)",Meat,100.0,raw,31.37,0.0,3.68,0.0,0.0,66.1,159.9
"Chicken Breast (Cooked, Grilled)",Meat,100.0,boiled,30.89,0.0,3.5,0.0,0.0,74.8,155.0
"Chicken Breast (Cooked, Grilled)",Meat,100.0,steamed,30.96,0.0,3.56,0.0,0.0,68.5,156.3
"Chicken Breast (Cooked, Grilled)",Meat,100.0,grilled,30.98,0.0,3.31,0.0,0.0,55.5,155.2
"Chicken Breast (Cooked, Grilled)",Meat,100.0,baked,30.89,0.0,3.4,0.0,0.0,57.3,155.2
"Chicken Breast (Cooked, Grilled)",Meat,100.0,fried,31.05,0.0,6.68,0.0,0.0,45.8,188.8
"Chicken Breast (Cooked, Grilled)",Meat,100.0,deep_fried,30.82,0.0,8.19,0.0,0.0,39.0,203.2
"Chicken Breast (Cooked, Grilled)",Meat,150.0,raw,46.11,0.0,5.31,0.0,0.0,64.7,232.7
"Chicken Breast (Cooked, Grilled)",Meat,150.0,boiled,46.72,0.0,5.34,0.0,0.0,75.4,235.4
"Chicken Breast (Cooked, Grilled)",Meat,150.0,steamed,46.72,0.0,5.4,0.0,0.0,68.9,236.5
"Chicken Breast (Cooked, Grilled)",Meat,150.0,grilled,46.22,0.0,4.91,0.0,0.0,55.2,231.0
"Chicken Breast (Cooked, Grilled)",Meat,150.0,baked,46.81,0.0,5.2,0.0,0.0,57.8,236.3
"Chicken Breast (Cooked, Grilled)",Meat,150.0,fried,46.28,0.0,9.9,0.0,0.0,45.5,280.5
"Chicken Breast (Cooked, Grilled)",Meat,150.0,deep_fried,46.59,0.0,12.47,0.0,0.0,39.3,308.6
"Chicken Breast (Cooked, Grilled)",Meat,200.0,raw,62.38,0.0,7.29,0.0,0.0,65.7,317.1
"Chicken Breast (Cooked, Grilled)",Meat,200.0,boiled,61.98,0.0,7.05,0.0,0.0,75.1,311.5
"Chicken Breast (Cooked, Grilled)",Meat,200.0,steamed,62.21,0.0,7.18,0.0,0.0,68.8,314.7
"Chicken Breast (Cooked, Grilled)",Meat,200.0,grilled,61.76,0.0,6.57,0.0,0.0,55.3,308.9
"Chicken Breast (Cooked, Grilled)",Meat,200.0,baked,61.91,0.0,6.82,0.0,0.0,57.4,311.3
"Chicken Breast (Cooked, Grilled)",Meat,200.0,fried,61.9,0.0,13.28,0.0,0.0,45.6,375.8
"Chicken Breast (Cooked, Grilled)",Meat,200.0,deep_fried,61.65,0.0,16.37,0.0,0.0,39.0,406.4
"Chicken Breast (Cooked, Grilled)",Meat,250.0,raw,77.4,0.0,8.98,0.0,0.0,65.2,392.0
"Chicken Breast (Cooked, Grilled)",Meat,250.0,boiled,76.6,0.0,8.62,0.0,0.0,74.2,382.8
"Chicken Breast (Cooked, Grilled)",Meat,250.0,steamed,77.21,0.0,8.84,0.0,0.0,68.3,389.1
"Chicken Breast (Cooked, Grilled)",Meat,250.0,grilled,77.33,0.0,8.24,0.0,0.0,55.4,387.1
"Chicken Breast (Cooked, Grilled)",Meat,250.0,baked,77.35,0.0,8.52,0.0,0.0,57.4,388.9
"Chicken Breast (Cooked, Grilled)",Meat,250.0,fried,77.36,0.0,16.59,0.0,0.0,45.6,469.6
"Chicken Breast (Cooked, Grilled)",Meat,250.0,deep_fried,77.46,0.0,20.68,0.0,0.0,39.2,512.3
"Chicken Breast (Cooked, Grilled)",Meat,300.0,raw,93.33,0.0,10.88,0.0,0.0,65.5,473.8
"Chicken Breast (Cooked, Grilled)",Meat,300.0,boiled,93.61,0.0,10.72,0.0,0.0,75.6,472.1
"Chicken Breast (Cooked, Grilled)",Meat,300.0,steamed,92.55,0.0,10.59,0.0,0.0,68.2,466.2
"Chicken Breast (Cooked, Grilled)",Meat,300.0,grilled,92.16,0.0,9.76,0.0,0.0,55.0,459.9
"Chicken Breast (Cooked, Grilled)",Meat,300.0,baked,92.27,0.0,10.1,0.0,0.0,57.0,462.5
"Chicken Breast (Cooked, Grilled)",Meat,300.0,fried,92.66,0.0,19.83,0.0,0.0,45.5,561.8
"Chicken Breast (Cooked, Grilled)",Meat,300.0,deep_fried,92.75,0.0,24.71,0.0,0.0,39.1,612.6
"Chicken Breast (Cooked, Grilled)",Meat,400.0,raw,123.28,0.0,14.23,0.0,0.0,64.9,622.9
"Chicken Breast (Cooked, Grilled)",Meat,400.0,boiled,122.79,0.0,13.84,0.0,0.0,74.4,614.2
"Chicken Breast (Cooked, Grilled)",Meat,400.0,steamed,123.58,0.0,14.16,0.0,0.0,68.3,622.9
"Chicken Breast (Cooked, Grilled)",Meat,400.0,grilled,124.17,0.0,13.28,0.0,0.0,55.6,622.7
"Chicken Breast (Cooked, Grilled)",Meat,400.0,baked,124.55,0.0,13.8,0.0,0.0,57.7,628.1
"Chicken Breast (Cooked, Grilled)",Meat,400.0,fried,123.48,0.0,26.42,0.0,0.0,45.5,748.5
"Chicken Breast (Cooked, Grilled)",Meat,400.0,deep_fried,123.62,0.0,32.91,0.0,0.0,39.1,816.2
"Chicken Breast (Cooked, Grilled)",Meat,500.0,raw,153.92,0.0,17.75,0.0,0.0,64.8,777.2
"Chicken Breast (Cooked, Grilled)",Meat,500.0,boiled,154.96,0.0,17.63,0.0,0.0,75.1,778.9
"Chicken Breast (Cooked, Grilled)",Meat,500.0,steamed,154.01,0.0,17.59,0.0,0.0,68.1,775.1
"Chicken Breast (Cooked, Grilled)",Meat,500.0,grilled,155.67,0.0,16.7,0.0,0.0,55.7,781.8
"Chicken Breast (Cooked, Grilled)",Meat,500.0,baked,152.92,0.0,16.64,0.0,0.0,56.7,764.4
"Chicken Breast (Cooked, Grilled)",Meat,500.0,fried,154.58,0.0,33.12,0.0,0.0,45.6,937.8
"Chicken Breast (Cooked, Grilled)",Meat,500.0,deep_fried,155.35,0.0,41.59,0.0,0.0,39.3,1029.2
Chicken Thigh (Cooked),Meat,30.0,raw,7.21,0.0,3.46,0.0,0.0,64.1,60.2
Chicken Thigh (Cooked),Meat,30.0,boiled,7.35,0.0,3.52,0.0,0.0,75.1,61.5
Chicken Thigh (Cooked),Meat,30.0,steamed,7.22,0.0,3.43,0.0,0.0,67.4,59.9
Chicken Thigh (Cooked),Meat,30.0,grilled,7.15,0.0,3.13,0.0,0.0,54.0,57.3
Chicken Thigh (Cooked),Meat,30.0,baked,7.19,0.0,3.27,0.0,0.0,56.3,58.7
Chicken Thigh (Cooked),Meat,30.0,fried,7.1,0.0,6.21,0.0,0.0,44.2,84.4
Chicken Thigh (Cooked),Meat,30.0,deep_fried,7.2,0.0,7.93,0.0,0.0,38.4,100.7
Chicken Thigh (Cooked),Meat,50.0,raw,11.93,0.0,5.68,0.0,0.0,63.6,99.0
Chicken Thigh (Cooked),Meat,50.0,boiled,12.08,0.0,5.71,0.0,0.0,74.1,99.9
Chicken Thigh (Cooked),Meat,50.0,steamed,11.95,0.0,5.65,0.0,0.0,66.9,98.8
Chicken Thigh (Cooked),Meat,50.0,grilled,11.99,0.0,5.28,0.0,0.0,54.4,96.6
Chicken Thigh (Cooked),Meat,50.0,baked,11.94,0.0,5.41,0.0,0.0,56.1,97.2
Chicken Thigh (Cooked),Meat,50.0,fried,12.16,0.0,10.91,0.0,0.0,45.4,148.0
Chicken Thigh (Cooked),Meat,50.0,deep_fried,11.97,0.0,13.16,0.0,0.0,38.3,167.1
Chicken Thigh (Cooked),Meat,75.0,raw,18.25,0.0,8.86,0.0,0.0,64.9,153.9
Chicken Thigh (Cooked),Meat,75.0,boiled,18.11,0.0,8.56,0.0,0.0,74.0,149.8
Chicken Thigh (Cooked),Meat,75.0,steamed,18.07,0.0,8.6,0.0,0.0,67.4,150.2
Chicken Thigh (Cooked),Meat,75.0,grilled,18.05,0.0,7.98,0.0,0.0,54.6,145.8
Chicken Thigh (Cooked),Meat,75.0,baked,18.05,0.0,8.24,0.0,0.0,56.5,147.7
Chicken Thigh (Cooked),Meat,75.0,fried,17.74,0.0,15.49,0.0,0.0,44.2,210.5
Chicken Thigh (Cooked),Meat,75.0,deep_fried,17.96,0.0,19.75,0.0,0.0,38.3,250.7
Chicken Thigh (Cooked),Meat,100.0,raw,24.15,0.0,11.65,0.0,0.0,64.4,202.6
Chicken Thigh (Cooked),Meat,100.0,boiled,23.99,0.0,11.26,0.0,0.0,73.6,197.4
Chicken Thigh (Cooked),Meat,100.0,steamed,23.75,0.0,11.15,0.0,0.0,66.5,195.3
Chicken Thigh (Cooked),Meat,100.0,grilled,23.99,0.0,10.57,0.0,0.0,54.4,193.3
Chicken Thigh (Cooked),Meat,100.0,baked,24.31,0.0,11.2,0.0,0.0,57.0,200.4
Chicken Thigh (Cooked),Meat,100.0,fried,24.22,0.0,21.67,0.0,0.0,45.2,293.9
Chicken Thigh (Cooked),Meat,100.0,deep_fried,23.99,0.0,26.43,0.0,0.0,38.4,335.5
Chicken Thigh (Cooked),Meat,150.0,raw,36.26,0.0,17.5,0.0,0.0,64.5,304.3
Chicken Thigh (Cooked),Meat,150.0,boiled,35.9,0.0,16.81,0.0,0.0,73.4,294.8
Chicken Thigh (Cooked),Meat,150.0,steamed,35.54,0.0,16.64,0.0,0.0,66.3,291.6
Chicken Thigh (Cooked),Meat,150.0,grilled,35.75,0.0,15.65,0.0,0.0,54.0,286.7
Chicken Thigh (Cooked),Meat,150.0,baked,36.42,0.0,16.77,0.0,0.0,57.0,300.1
Chicken Thigh (Cooked),Meat,150.0,fried,35.93,0.0,31.78,0.0,0.0,44.7,431.4
Chicken Thigh (Cooked),Meat,150.0,deep_fried,35.93,0.0,39.53,0.0,0.0,38.3,501.8
Chicken Thigh (Cooked),Meat,200.0,raw,47.89,0.0,22.9,0.0,0.0,63.9,398.9
Chicken Thigh (Cooked),Meat,200.0,boiled,48.69,0.0,23.18,0.0,0.0,74.7,405.2
Chicken Thigh (Cooked),Meat,200.0,steamed,48.59,0.0,23.33,0.0,0.0,68.0,406.7
Chicken Thigh (Cooked),Meat,200.0,grilled,48.8,0.0,21.86,0.0,0.0,55.3,398.3
Chicken Thigh (Cooked),Meat,200.0,baked,47.94,0.0,21.8,0.0,0.0,56.3,391.2
Chicken Thigh (Cooked),Meat,200.0,fried,48.11,0.0,42.74,0.0,0.0,44.9,579.9
Chicken Thigh (Cooked),Meat,200.0,deep_fried,47.45,0.0,51.7,0.0,0.0,38.0,656.5
Chicken Thigh (Cooked),Meat,250.0,raw,60.66,0.0,29.39,0.0,0.0,64.7,510.6
Chicken Thigh (Cooked),Meat,250.0,boiled,59.47,0.0,27.68,0.0,0.0,73.0,486.0
Chicken Thigh (Cooked),Meat,250.0,steamed,60.1,0.0,28.56,0.0,0.0,67.3,498.9
Chicken Thigh (Cooked),Meat,250.0,grilled,59.51,0.0,26.01,0.0,0.0,54.0,476.7
Chicken Thigh (Cooked),Meat,250.0,baked,59.74,0.0,27.07,0.0,0.0,56.1,486.2
Chicken Thigh (Cooked),Meat,250.0,fried,59.62,0.0,52.52,0.0,0.0,44.5,713.1
Chicken Thigh (Cooked),Meat,250.0,deep_fried,59.73,0.0,65.52,0.0,0.0,38.2,831.9
Chicken Thigh (Cooked),Meat,300.0,raw,71.71,0.0,34.22,0.0,0.0,63.7,596.4
Chicken Thigh (Cooked),Meat,300.0,boiled,71.7,0.0,33.53,0.0,0.0,73.3,588.2
Chicken Thigh (Cooked),Meat,300.0,steamed,72.45,0.0,34.58,0.0,0.0,67.6,603.6
Chicken Thigh (Cooked),Meat,300.0,grilled,71.4,0.0,31.21,0.0,0.0,53.9,571.9
Chicken Thigh (Cooked),Meat,300.0,baked,72.12,0.0,32.88,0.0,0.0,56.4,589.7
Chicken Thigh (Cooked),Meat,300.0,fried,72.66,0.0,64.99,0.0,0.0,45.2,881.4
Chicken Thigh (Cooked),Meat,300.0,deep_fried,71.72,0.0,78.74,0.0,0.0,38.3,999.6
Chicken Thigh (Cooked),Meat,400.0,raw,95.48,0.0,45.5,0.0,0.0,63.7,793.3
Chicken Thigh (Cooked),Meat,400.0,boiled,95.83,0.0,44.92,0.0,0.0,73.5,787.6
Chicken Thigh (Cooked),Meat,400.0,steamed,96.85,0.0,46.35,0.0,0.0,67.8,808.6
Chicken Thigh (Cooked),Meat,400.0,grilled,96.14,0.0,42.44,0.0,0.0,54.5,775.9
Chicken Thigh (Cooked),Meat,400.0,baked,95.62,0.0,43.35,0.0,0.0,56.1,778.5
Chicken Thigh (Cooked),Meat,400.0,fried,96.35,0.0,85.72,0.0,0.0,45.0,1163.0
Chicken Thigh (Cooked),Meat,400.0,deep_fried,95.21,0.0,104.05,0.0,0.0,38.1,1321.2
Chicken Thigh (Cooked),Meat,500.0,raw,120.61,0.0,58.09,0.0,0.0,64.3,1010.5
Chicken Thigh (Cooked),Meat,500.0,boiled,120.37,0.0,56.7,0.0,0.0,73.8,993.1
Chicken Thigh (Cooked),Meat,500.0,steamed,119.72,0.0,56.66,0.0,0.0,67.0,990.7
Chicken Thigh (Cooked),Meat,500.0,grilled,119.25,0.0,52.23,0.0,0.0,54.1,956.7
Chicken Thigh (Cooked),Meat,500.0,baked,119.2,0.0,53.9,0.0,0.0,55.9,968.5
Chicken Thigh (Cooked),Meat,500.0,fried,120.48,0.0,107.23,0.0,0.0,45.0,1454.8
Chicken Thigh (Cooked),Meat,500.0,deep_fried,121.11,0.0,134.69,0.0,0.0,38.8,1709.3
"Ground Beef (85/15, Cooked)",Meat,30.0,raw,7.76,0.0,4.46,0.0,0.0,58.7,71.3
"Ground Beef (85/15, Cooked)",Meat,30.0,boiled,7.83,0.0,4.44,0.0,0.0,68.1,71.4
"Ground Beef (85/15, Cooked)",Meat,30.0,steamed,7.68,0.0,4.32,0.0,0.0,61.0,69.5
"Ground Beef (85/15, Cooked)",Meat,30.0,grilled,7.77,0.0,4.1,0.0,0.0,49.9,68.7
"Ground Beef (85/15, Cooked)",Meat,30.0,baked,7.8,0.0,4.27,0.0,0.0,51.9,70.2
"Ground Beef (85/15, Cooked)",Meat,30.0,fried,7.75,0.0,8.21,0.0,0.0,41.0,104.9
"Ground Beef (85/15, Cooked)",Meat,30.0,deep_fried,7.75,0.0,10.2,0.0,0.0,35.2,122.8
"Ground Beef (85/15, Cooked)",Meat,50.0,raw,12.93,0.0,7.42,0.0,0.0,58.7,118.8
"Ground Beef (85/15, Cooked)",Meat,50.0,boiled,13.03,0.0,7.38,0.0,0.0,68.0,118.7
"Ground Beef (85/15, Cooked)",Meat,50.0,steamed,12.98,0.0,7.4,0.0,0.0,61.9,118.8
"Ground Beef (85/15, Cooked)",Meat,50.0,grilled,12.78,0.0,6.67,0.0,0.0,49.3,112.0
"Ground Beef (85/15, Cooked)",Meat,50.0,baked,12.79,0.0,6.9,0.0,0.0,51.1,113.8
"Ground Beef (85/15, Cooked)",Meat,50.0,fried,12.94,0.0,13.75,0.0,0.0,41.1,175.6
"Ground Beef (85/15, Cooked)",Meat,50.0,deep_fried,13.04,0.0,17.37,0.0,0.0,35.5,209.1
"Ground Beef (85/15, Cooked)",Meat,75.0,raw,19.1,0.0,10.79,0.0,0.0,57.8,173.2
"Ground Beef (85/15, Cooked)",Meat,75.0,boiled,19.43,0.0,10.94,0.0,0.0,67.6,176.1
"Ground Beef (85/15, Cooked)",Meat,75.0,steamed,19.42,0.0,11.05,0.0,0.0,61.7,177.4
"Ground Beef (85/15, Cooked)",Meat,75.0,grilled,19.7,0.0,10.57,0.0,0.0,50.7,176.5
"Ground Beef (85/15, Cooked)",Meat,75.0,baked,19.44,0.0,10.63,0.0,0.0,51.8,174.8
"Ground Beef (85/15, Cooked)",Meat,75.0,fried,19.56,0.0,20.93,0.0,0.0,41.4,267.3
"Ground Beef (85/15, Cooked)",Meat,75.0,deep_fried,19.52,0.0,25.93,0.0,0.0,35.4,312.2
"Ground Beef (85/15, Cooked)",Meat,100.0,raw,25.58,0.0,14.52,0.0,0.0,58.1,232.9
"Ground Beef (85/15, Cooked)",Meat,100.0,boiled,26.15,0.0,14.87,0.0,0.0,68.2,238.9
"Ground Beef (85/15, Cooked)",Meat,100.0,steamed,26.04,0.0,14.9,0.0,0.0,62.1,239.0
"Ground Beef (85/15, Cooked)",Meat,100.0,grilled,26.1,0.0,13.91,0.0,0.0,50.3,232.6
"Ground Beef (85/15, Cooked)",Meat,100.0,baked,26.77,0.0,15.09,0.0,0.0,53.4,246.9
"Ground Beef (85/15, Cooked)",Meat,100.0,fried,25.59,0.0,26.88,0.0,0.0,40.7,343.6
"Ground Beef (85/15, Cooked)",Meat,100.0,deep_fried,26.34,0.0,35.39,0.0,0.0,35.9,426.2
"Ground Beef (85/15, Cooked)",Meat,150.0,raw,38.92,0.0,22.4,0.0,0.0,58.9,358.4
"Ground Beef (85/15, Cooked)",Meat,150.0,boiled,39.08,0.0,22.15,0.0,0.0,68.0,356.0
"Ground Beef (85/15, Cooked)",Meat,150.0,steamed,38.99,0.0,22.26,0.0,0.0,61.9,357.1
"Ground Beef (85/15, Cooked)",Meat,150.0,grilled,38.88,0.0,20.57,0.0,0.0,50.0,344.5
"Ground Beef (85/15, Cooked)",Meat,150.0,baked,38.83,0.0,21.19,0.0,0.0,51.7,348.7
"Ground Beef (85/15, Cooked)",Meat,150.0,fried,39.1,0.0,41.83,0.0,0.0,41.4,534.3
"Ground Beef (85/15, Cooked)",Meat,150.0,deep_fried,38.56,0.0,50.57,0.0,0.0,35.0,608.8
"Ground Beef (85/15, Cooked)",Meat,200.0,raw,52.29,0.0,30.34,0.0,0.0,59.3,484.7
"Ground Beef (85/15, Cooked)",Meat,200.0,boiled,51.84,0.0,29.22,0.0,0.0,67.6,470.1
"Ground Beef (85/15, Cooked)",Meat,200.0,steamed,51.56,0.0,29.2,0.0,0.0,61.4,469.1
"Ground Beef (85/15, Cooked)",Meat,200.0,grilled,51.82,0.0,27.41,0.0,0.0,50.0,459.0
"Ground Beef (85/15, Cooked)",Meat,200.0,baked,52.49,0.0,29.04,0.0,0.0,52.4,476.6
"Ground Beef (85/15, Cooked)",Meat,200.0,fried,51.79,0.0,55.05,0.0,0.0,41.1,703.3
"Ground Beef (85/15, Cooked)",Meat,200.0,deep_fried,52.14,0.0,69.37,0.0,0.0,35.5,835.2
"Ground Beef (85/15, Cooked)",Meat,250.0,raw,64.64,0.0,37.09,0.0,0.0,58.7,593.7
"Ground Beef (85/15, Cooked)",Meat,250.0,boiled,65.37,0.0,37.17,0.0,0.0,68.2,597.2
"Ground Beef (85/15, Cooked)",Meat,250.0,steamed,65.33,0.0,37.51,0.0,0.0,62.3,601.2
"Ground Beef (85/15, Cooked)",Meat,250.0,grilled,65.9,0.0,35.46,0.0,0.0,50.8,591.9
"Ground Beef (85/15, Cooked)",Meat,250.0,baked,64.91,0.0,35.53,0.0,0.0,51.9,584.2
"Ground Beef (85/15, Cooked)",Meat,250.0,fried,65.33,0.0,70.07,0.0,0.0,41.5,894.9
"Ground Beef (85/15, Cooked)",Meat,250.0,deep_fried,65.05,0.0,86.38,0.0,0.0,35.4,1039.9
"Ground Beef (85/15, Cooked)",Meat,300.0,raw,78.76,0.0,45.87,0.0,0.0,59.6,732.5
"Ground Beef (85/15, Cooked)",Meat,300.0,boiled,77.58,0.0,43.62,0.0,0.0,67.5,702.2
"Ground Beef (85/15, Cooked)",Meat,300.0,steamed,78.44,0.0,45.05,0.0,0.0,62.3,722.1
"Ground Beef (85/15, Cooked)",Meat,300.0,grilled,77.89,0.0,41.28,0.0,0.0,50.1,691.0
"Ground Beef (85/15, Cooked)",Meat,300.0,baked,77.96,0.0,42.71,0.0,0.0,51.9,702.2
"Ground Beef (85/15, Cooked)",Meat,300.0,fried,78.05,0.0,83.36,0.0,0.0,41.3,1064.7
"Ground Beef (85/15, Cooked)",Meat,300.0,deep_fried,78.15,0.0,103.89,0.0,0.0,35.5,1250.7
"Ground Beef (85/15, Cooked)",Meat,400.0,raw,103.91,0.0,59.9,0.0,0.0,58.9,958.0
"Ground Beef (85/15, Cooked)",Meat,400.0,boiled,104.17,0.0,58.99,0.0,0.0,68.0,948.4
"Ground Beef (85/15, Cooked)",Meat,400.0,steamed,105.23,0.0,60.81,0.0,0.0,62.7,973.7
"Ground Beef (85/15, Cooked)",Meat,400.0,grilled,104.77,0.0,56.02,0.0,0.0,50.5,936.2
"Ground Beef (85/15, Cooked)",Meat,400.0,baked,104.68,0.0,57.74,0.0,0.0,52.3,948.2
"Ground Beef (85/15, Cooked)",Meat,400.0,fried,103.64,0.0,110.24,0.0,0.0,41.2,1408.3
"Ground Beef (85/15, Cooked)",Meat,400.0,deep_fried,103.31,0.0,136.16,0.0,0.0,35.2,1639.2
"Ground Beef (85/15, Cooked)",Meat,500.0,raw,130.93,0.0,76.07,0.0,0.0,59.4,1215.2
"Ground Beef (85/15, Cooked)",Meat,500.0,boiled,130.85,0.0,74.47,0.0,0.0,68.3,1196.3
"Ground Beef (85/15, Cooked)",Meat,500.0,steamed,131.44,0.0,75.89,0.0,0.0,62.6,1215.4
"Ground Beef (85/15, Cooked)",Meat,500.0,grilled,129.41,0.0,68.37,0.0,0.0,49.9,1145.3
"Ground Beef (85/15, Cooked)",Meat,500.0,baked,129.78,0.0,71.0,0.0,0.0,51.8,1167.7
"Ground Beef (85/15, Cooked)",Meat,500.0,fried,128.4,0.0,135.34,0.0,0.0,40.8,1729.6
"Ground Beef (85/15, Cooked)",Meat,500.0,deep_fried,129.62,0.0,171.48,0.0,0.0,35.3,2064.4
Lean Beef Sirloin (Cooked),Meat,30.0,raw,9.19,0.0,2.44,0.0,0.0,61.0,59.0
Lean Beef Sirloin (Cooked),Meat,30.0,boiled,9.09,0.0,2.34,0.0,0.0,69.3,57.3
Lean Beef Sirloin (Cooked),Meat,30.0,steamed,9.16,0.0,2.4,0.0,0.0,63.8,58.3
Lean Beef Sirloin (Cooked),Meat,30.0,grilled,9.11,0.0,2.2,0.0,0.0,51.4,56.7
Lean Beef Sirloin (Cooked),Meat,30.0,baked,9.14,0.0,2.29,0.0,0.0,53.4,57.5
Lean Beef Sirloin (Cooked),Meat,30.0,fried,9.04,0.0,4.36,0.0,0.0,42.0,76.0
Lean Beef Sirloin (Cooked),Meat,30.0,deep_fried,9.13,0.0,5.53,0.0,0.0,36.3,87.5
Lean Beef Sirloin (Cooked),Meat,50.0,raw,14.86,0.0,3.82,0.0,0.0,59.1,93.4
Lean Beef Sirloin (Cooked),Meat,50.0,boiled,15.18,0.0,3.91,0.0,0.0,69.5,95.7
Lean Beef Sirloin (Cooked),Meat,50.0,steamed,15.01,0.0,3.86,0.0,0.0,62.7,94.5
Lean Beef Sirloin (Cooked),Meat,50.0,grilled,15.34,0.0,3.75,0.0,0.0,51.9,96.2
Lean Beef Sirloin (Cooked),Meat,50.0,baked,15.29,0.0,3.84,0.0,0.0,53.6,96.4
Lean Beef Sirloin (Cooked),Meat,50.0,fried,15.25,0.0,7.45,0.0,0.0,42.5,129.5
Lean Beef Sirloin (Cooked),Meat,50.0,deep_fried,15.37,0.0,9.41,0.0,0.0,36.7,148.6
Lean Beef Sirloin (Cooked),Meat,75.0,raw,22.64,0.0,5.91,0.0,0.0,60.1,143.7
Lean Beef Sirloin (Cooked),Meat,75.0,boiled,23.1,0.0,6.03,0.0,0.0,70.5,147.0
Lean Beef Sirloin (Cooked),Meat,75.0,steamed,22.96,0.0,6.02,0.0,0.0,64.0,146.4
Lean Beef Sirloin (Cooked),Meat,75.0,grilled,22.76,0.0,5.5,0.0,0.0,51.3,141.7
Lean Beef Sirloin (Cooked),Meat,75.0,baked,22.99,0.0,5.8,0.0,0.0,53.7,145.4
Lean Beef Sirloin (Cooked),Meat,75.0,fried,22.61,0.0,10.92,0.0,0.0,42.0,190.2
Lean Beef Sirloin (Cooked),Meat,75.0,deep_fried,22.66,0.0,13.63,0.0,0.0,36.1,215.9
Lean Beef Sirloin (Cooked),Meat,100.0,raw,30.26,0.0,7.93,0.0,0.0,60.2,192.5
Lean Beef Sirloin (Cooked),Meat,100.0,boiled,30.28,0.0,7.78,0.0,0.0,69.3,190.6
Lean Beef Sirloin (Cooked),Meat,100.0,steamed,30.16,0.0,7.79,0.0,0.0,63.0,190.4
Lean Beef Sirloin (Cooked),Meat,100.0,grilled,30.68,0.0,7.5,0.0,0.0,51.9,192.3
Lean Beef Sirloin (Cooked),Meat,100.0,baked,30.34,0.0,7.57,0.0,0.0,53.1,190.5
Lean Beef Sirloin (Cooked),Meat,100.0,fried,30.48,0.0,14.88,0.0,0.0,42.5,258.6
Lean Beef Sirloin (Cooked),Meat,100.0,deep_fried,30.27,0.0,18.24,0.0,0.0,36.1,288.9
Lean Beef Sirloin (Cooked),Meat,150.0,raw,44.98,0.0,11.67,0.0,0.0,59.7,284.4
Lean Beef Sirloin (Cooked),Meat,150.0,boiled,45.69,0.0,11.81,0.0,0.0,69.7,288.7
Lean Beef Sirloin (Cooked),Meat,150.0,steamed,44.95,0.0,11.54,0.0,0.0,62.6,282.6
Lean Beef Sirloin (Cooked),Meat,150.0,grilled,45.58,0.0,11.03,0.0,0.0,51.4,284.0
Lean Beef Sirloin (Cooked),Meat,150.0,baked,45.13,0.0,11.17,0.0,0.0,52.7,281.9
Lean Beef Sirloin (Cooked),Meat,150.0,fried,46.28,0.0,22.86,0.0,0.0,43.0,396.4
Lean Beef Sirloin (Cooked),Meat,150.0,deep_fried,45.91,0.0,27.98,0.0,0.0,36.5,442.2
Lean Beef Sirloin (Cooked),Meat,200.0,raw,60.85,0.0,16.03,0.0,0.0,60.5,388.5
Lean Beef Sirloin (Cooked),Meat,200.0,boiled,61.38,0.0,15.98,0.0,0.0,70.2,389.8
Lean Beef Sirloin (Cooked),Meat,200.0,steamed,60.41,0.0,15.64,0.0,0.0,63.1,381.9
Lean Beef Sirloin (Cooked),Meat,200.0,grilled,61.05,0.0,14.84,0.0,0.0,51.6,381.4
Lean Beef Sirloin (Cooked),Meat,200.0,baked,60.89,0.0,15.25,0.0,0.0,53.3,383.2
Lean Beef Sirloin (Cooked),Meat,200.0,fried,60.92,0.0,29.72,0.0,0.0,42.4,516.6
Lean Beef Sirloin (Cooked),Meat,200.0,deep_fried,61.38,0.0,37.5,0.0,0.0,36.6,592.5
Lean Beef Sirloin (Cooked),Meat,250.0,raw,76.42,0.0,20.22,0.0,0.0,60.8,489.3
Lean Beef Sirloin (Cooked),Meat,250.0,boiled,76.16,0.0,19.68,0.0,0.0,69.7,481.3
Lean Beef Sirloin (Cooked),Meat,250.0,steamed,75.06,0.0,19.31,0.0,0.0,62.7,472.6
Lean Beef Sirloin (Cooked),Meat,250.0,grilled,75.45,0.0,18.14,0.0,0.0,51.1,468.1
Lean Beef Sirloin (Cooked),Meat,250.0,baked,75.93,0.0,18.97,0.0,0.0,53.2,477.1
Lean Beef Sirloin (Cooked),Meat,250.0,fried,76.05,0.0,37.05,0.0,0.0,42.4,644.2
Lean Beef Sirloin (Cooked),Meat,250.0,deep_fried,75.36,0.0,45.22,0.0,0.0,36.0,716.6
Lean Beef Sirloin (Cooked),Meat,300.0,raw,92.85,0.0,24.87,0.0,0.0,61.6,599.4
Lean Beef Sirloin (Cooked),Meat,300.0,boiled,92.24,0.0,24.05,0.0,0.0,70.4,586.4
Lean Beef Sirloin (Cooked),Meat,300.0,steamed,91.61,0.0,23.97,0.0,0.0,63.8,583.2
Lean Beef Sirloin (Cooked),Meat,300.0,grilled,91.25,0.0,22.1,0.0,0.0,51.5,568.8
Lean Beef Sirloin (Cooked),Meat,300.0,baked,91.05,0.0,22.73,0.0,0.0,53.2,571.8
Lean Beef Sirloin (Cooked),Meat,300.0,fried,90.55,0.0,43.77,0.0,0.0,42.0,762.4
Lean Beef Sirloin (Cooked),Meat,300.0,deep_fried,91.25,0.0,55.26,0.0,0.0,36.3,874.3
Lean Beef Sirloin (Cooked),Meat,400.0,raw,121.84,0.0,32.12,0.0,0.0,60.6,778.3
Lean Beef Sirloin (Cooked),Meat,400.0,boiled,120.47,0.0,30.78,0.0,0.0,68.9,755.6
Lean Beef Sirloin (Cooked),Meat,400.0,steamed,121.9,0.0,31.84,0.0,0.0,63.7,775.1
Lean Beef Sirloin (Cooked),Meat,400.0,grilled,121.46,0.0,29.37,0.0,0.0,51.4,756.3
Lean Beef Sirloin (Cooked),Meat,400.0,baked,119.86,0.0,29.53,0.0,0.0,52.5,746.6
Lean Beef Sirloin (Cooked),Meat,400.0,fried,120.82,0.0,58.44,0.0,0.0,42.1,1017.7
Lean Beef Sirloin (Cooked),Meat,400.0,deep_fried,121.22,0.0,73.14,0.0,0.0,36.2,1158.0
Lean Beef Sirloin (Cooked),Meat,500.0,raw,154.15,0.0,41.13,0.0,0.0,61.4,992.6
Lean Beef Sirloin (Cooked),Meat,500.0,boiled,152.63,0.0,39.53,0.0,0.0,69.9,965.8
Lean Beef Sirloin (Cooked),Meat,500.0,steamed,150.48,0.0,38.81,0.0,0.0,62.9,948.9
Lean Beef Sirloin (Cooked),Meat,500.0,grilled,152.55,0.0,37.07,0.0,0.0,51.6,952.9
Lean Beef Sirloin (Cooked),Meat,500.0,baked,150.24,0.0,37.12,0.0,0.0,52.6,937.4
Lean Beef Sirloin (Cooked),Meat,500.0,fried,153.23,0.0,75.2,0.0,0.0,42.7,1305.6
Lean Beef Sirloin (Cooked),Meat,500.0,deep_fried,151.46,0.0,91.35,0.0,0.0,36.2,1446.3
Pork Tenderloin (Cooked),Meat,30.0,raw,7.85,0.0,1.05,0.0,0.0,68.7,41.0
Pork Tenderloin (Cooked),Meat,30.0,boiled,7.94,0.0,1.05,0.0,0.0,79.8,41.3
Pork Tenderloin (Cooked),Meat,30.0,steamed,7.78,0.0,1.02,0.0,0.0,71.4,40.3
Pork Tenderloin (Cooked),Meat,30.0,grilled,7.78,0.0,0.95,0.0,0.0,57.8,39.9
Pork Tenderloin (Cooked),Meat,30.0,baked,7.83,0.0,0.99,0.0,0.0,60.2,40.5
Pork Tenderloin (Cooked),Meat,30.0,fried,7.92,0.0,1.97,0.0,0.0,48.5,50.6
Pork Tenderloin (Cooked),Meat,30.0,deep_fried,7.77,0.0,2.36,0.0,0.0,40.8,53.7
Pork Tenderloin (Cooked),Meat,50.0,raw,12.82,0.0,1.68,0.0,0.0,67.2,66.2
Pork Tenderloin (Cooked),Meat,50.0,boiled,13.06,0.0,1.7,0.0,0.0,78.7,67.5
Pork Tenderloin (Cooked),Meat,50.0,steamed,13.15,0.0,1.75,0.0,0.0,72.4,68.6
Pork Tenderloin (Cooked),Meat,50.0,grilled,13.22,0.0,1.64,0.0,0.0,58.9,68.5
Pork Tenderloin (Cooked),Meat,50.0,baked,13.05,0.0,1.65,0.0,0.0,60.2,67.5
Pork Tenderloin (Cooked),Meat,50.0,fried,13.06,0.0,3.22,0.0,0.0,47.9,82.9
Pork Tenderloin (Cooked),Meat,50.0,deep_fried,13.21,0.0,4.09,0.0,0.0,41.6,92.5
Pork Tenderloin (Cooked),Meat,75.0,raw,19.37,0.0,2.55,0.0,0.0,67.7,100.4
Pork Tenderloin (Cooked),Meat,75.0,boiled,19.59,0.0,2.56,0.0,0.0,78.8,101.3
Pork Tenderloin (Cooked),Meat,75.0,steamed,19.68,0.0,2.61,0.0,0.0,72.2,102.5
Pork Tenderloin (Cooked),Meat,75.0,grilled,19.72,0.0,2.43,0.0,0.0,58.6,101.8
Pork Tenderloin (Cooked),Meat,75.0,baked,19.57,0.0,2.47,0.0,0.0,60.2,101.2
Pork Tenderloin (Cooked),Meat,75.0,fried,19.66,0.0,4.86,0.0,0.0,48.1,125.0
Pork Tenderloin (Cooked),Meat,75.0,deep_fried,19.28,0.0,5.81,0.0,0.0,40.5,132.6
Pork Tenderloin (Cooked),Meat,100.0,raw,26.07,0.0,3.47,0.0,0.0,68.4,135.8
Pork Tenderloin (Cooked),Meat,100.0,boiled,26.29,0.0,3.45,0.0,0.0,79.3,136.4
Pork Tenderloin (Cooked),Meat,100.0,steamed,26.01,0.0,3.41,0.0,0.0,71.6,134.8
Pork Tenderloin (Cooked),Meat,100.0,grilled,26.21,0.0,3.22,0.0,0.0,58.4,135.2
Pork Tenderloin (Cooked),Meat,100.0,baked,26.29,0.0,3.35,0.0,0.0,60.7,136.5
Pork Tenderloin (Cooked),Meat,100.0,fried,26.13,0.0,6.44,0.0,0.0,48.0,165.9
Pork Tenderloin (Cooked),Meat,100.0,deep_fried,26.23,0.0,8.07,0.0,0.0,41.3,182.9
Pork Tenderloin (Cooked),Meat,150.0,raw,39.02,0.0,5.17,0.0,0.0,68.2,203.0
Pork Tenderloin (Cooked),Meat,150.0,boiled,39.24,0.0,5.13,0.0,0.0,78.9,203.1
Pork Tenderloin (Cooked),Meat,150.0,steamed,39.48,0.0,5.25,0.0,0.0,72.5,205.9
Pork Tenderloin (Cooked),Meat,150.0,grilled,39.35,0.0,4.84,0.0,0.0,58.5,203.0
Pork Tenderloin (Cooked),Meat,150.0,baked,39.13,0.0,4.94,0.0,0.0,60.2,202.2
Pork Tenderloin (Cooked),Meat,150.0,fried,39.37,0.0,9.75,0.0,0.0,48.2,250.7
Pork Tenderloin (Cooked),Meat,150.0,deep_fried,39.51,0.0,12.2,0.0,0.0,41.4,276.2
Pork Tenderloin (Cooked),Meat,200.0,raw,51.59,0.0,6.78,0.0,0.0,67.6,267.2
Pork Tenderloin (Cooked),Meat,200.0,boiled,52.86,0.0,6.98,0.0,0.0,79.7,275.0
Pork Tenderloin (Cooked),Meat,200.0,steamed,52.27,0.0,6.9,0.0,0.0,72.0,271.6
Pork Tenderloin (Cooked),Meat,200.0,grilled,52.57,0.0,6.48,0.0,0.0,58.6,271.5
Pork Tenderloin (Cooked),Meat,200.0,baked,52.87,0.0,6.77,0.0,0.0,61.0,275.2
Pork Tenderloin (Cooked),Meat,200.0,fried,51.86,0.0,12.68,0.0,0.0,47.6,327.7
Pork Tenderloin (Cooked),Meat,200.0,deep_fried,52.12,0.0,15.93,0.0,0.0,41.0,361.8
Pork Tenderloin (Cooked),Meat,250.0,raw,65.36,0.0,8.71,0.0,0.0,68.6,340.9
Pork Tenderloin (Cooked),Meat,250.0,boiled,65.11,0.0,8.47,0.0,0.0,78.5,336.1
Pork Tenderloin (Cooked),Meat,250.0,steamed,66.35,0.0,8.89,0.0,0.0,73.1,347.6
Pork Tenderloin (Cooked),Meat,250.0,grilled,65.08,0.0,7.95,0.0,0.0,58.0,334.5
Pork Tenderloin (Cooked),Meat,250.0,baked,65.23,0.0,8.24,0.0,0.0,60.2,337.2
Pork Tenderloin (Cooked),Meat,250.0,fried,65.6,0.0,16.24,0.0,0.0,48.2,417.6
Pork Tenderloin (Cooked),Meat,250.0,deep_fried,64.91,0.0,19.76,0.0,0.0,40.8,449.5
Pork Tenderloin (Cooked),Meat,300.0,raw,78.37,0.0,10.44,0.0,0.0,68.5,408.7
Pork Tenderloin (Cooked),Meat,300.0,boiled,78.79,0.0,10.34,0.0,0.0,79.2,408.6
Pork Tenderloin (Cooked),Meat,300.0,steamed,78.4,0.0,10.34,0.0,0.0,72.0,407.4
Pork Tenderloin (Cooked),Meat,300.0,grilled,78.54,0.0,9.65,0.0,0.0,58.4,404.9
Pork Tenderloin (Cooked),Meat,300.0,baked,78.29,0.0,9.9,0.0,0.0,60.2,404.8
Pork Tenderloin (Cooked),Meat,300.0,fried,77.71,0.0,18.98,0.0,0.0,47.5,490.7
Pork Tenderloin (Cooked),Meat,300.0,deep_fried,78.79,0.0,24.27,0.0,0.0,41.3,549.8
Pork Tenderloin (Cooked),Meat,400.0,raw,106.18,0.0,14.37,0.0,0.0,69.6,558.4
Pork Tenderloin (Cooked),Meat,400.0,boiled,104.81,0.0,13.72,0.0,0.0,79.0,542.8
Pork Tenderloin (Cooked),Meat,400.0,steamed,104.98,0.0,13.91,0.0,0.0,72.3,546.7
Pork Tenderloin (Cooked),Meat,400.0,grilled,105.34,0.0,13.01,0.0,0.0,58.7,544.6
Pork Tenderloin (Cooked),Meat,400.0,baked,103.8,0.0,13.05,0.0,0.0,59.9,535.1
Pork Tenderloin (Cooked),Meat,400.0,fried,106.14,0.0,26.56,0.0,0.0,48.7,680.3
Pork Tenderloin (Cooked),Meat,400.0,deep_fried,104.96,0.0,32.3,0.0,0.0,41.3,731.9
Pork Tenderloin (Cooked),Meat,500.0,raw,132.6,0.0,17.93,0.0,0.0,69.5,697.0
Pork Tenderloin (Cooked),Meat,500.0,boiled,130.28,0.0,16.96,0.0,0.0,78.6,672.7
Pork Tenderloin (Cooked),Meat,500.0,steamed,132.79,0.0,17.8,0.0,0.0,73.1,695.9
Pork Tenderloin (Cooked),Meat,500.0,grilled,131.76,0.0,16.29,0.0,0.0,58.7,681.4
Pork Tenderloin (Cooked),Meat,500.0,baked,131.54,0.0,16.76,0.0,0.0,60.7,682.9
Pork Tenderloin (Cooked),Meat,500.0,fried,131.23,0.0,32.49,0.0,0.0,48.2,835.5
Pork Tenderloin (Cooked),Meat,500.0,deep_fried,130.76,0.0,40.1,0.0,0.0,41.1,909.8
Turkey Breast (Cooked),Meat,30.0,raw,8.78,0.0,0.64,0.0,0.0,68.6,41.0
Turkey Breast (Cooked),Meat,30.0,boiled,8.71,0.0,0.62,0.0,0.0,78.3,40.3
Turkey Breast (Cooked),Meat,30.0,steamed,8.57,0.0,0.61,0.0,0.0,70.3,39.5
Turkey Breast (Cooked),Meat,30.0,grilled,8.63,0.0,0.57,0.0,0.0,57.3,39.7
Turkey Breast (Cooked),Meat,30.0,baked,8.69,0.0,0.6,0.0,0.0,59.8,40.3
Turkey Breast (Cooked),Meat,30.0,fried,8.72,0.0,1.17,0.0,0.0,47.7,46.5
Turkey Breast (Cooked),Meat,30.0,deep_fried,8.7,0.0,1.45,0.0,0.0,40.8,49.5
Turkey Breast (Cooked),Meat,50.0,raw,14.63,0.0,1.07,0.0,0.0,68.6,68.3
Turkey Breast (Cooked),Meat,50.0,boiled,14.29,0.0,1.0,0.0,0.0,77.1,65.6
Turkey Breast (Cooked),Meat,50.0,steamed,14.52,0.0,1.04,0.0,0.0,71.5,67.4
Turkey Breast (Cooked),Meat,50.0,grilled,14.3,0.0,0.94,0.0,0.0,57.0,65.7
Turkey Breast (Cooked),Meat,50.0,baked,14.58,0.0,1.01,0.0,0.0,60.2,67.7
Turkey Breast (Cooked),Meat,50.0,fried,14.49,0.0,1.94,0.0,0.0,47.6,77.2
Turkey Breast (Cooked),Meat,50.0,deep_fried,14.55,0.0,2.43,0.0,0.0,40.9,82.9
Turkey Breast (Cooked),Meat,75.0,raw,21.61,0.0,1.55,0.0,0.0,67.6,100.2
Turkey Breast (Cooked),Meat,75.0,boiled,21.96,0.0,1.57,0.0,0.0,79.0,101.9
Turkey Breast (Cooked),Meat,75.0,steamed,21.92,0.0,1.58,0.0,0.0,72.0,102.0
Turkey Breast (Cooked),Meat,75.0,grilled,21.85,0.0,1.46,0.0,0.0,58.1,101.2
Turkey Breast (Cooked),Meat,75.0,baked,21.73,0.0,1.49,0.0,0.0,59.8,100.6
Turkey Breast (Cooked),Meat,75.0,fried,21.84,0.0,2.94,0.0,0.0,47.8,116.7
Turkey Breast (Cooked),Meat,75.0,deep_fried,21.63,0.0,3.58,0.0,0.0,40.6,122.7
Turkey Breast (Cooked),Meat,100.0,raw,29.19,0.0,2.13,0.0,0.0,68.4,136.2
Turkey Breast (Cooked),Meat,100.0,boiled,29.36,0.0,2.11,0.0,0.0,79.2,136.4
Turkey Breast (Cooked),Meat,100.0,steamed,29.23,0.0,2.11,0.0,0.0,72.0,136.1
Turkey Breast (Cooked),Meat,100.0,grilled,28.84,0.0,1.91,0.0,0.0,57.5,133.0
Turkey Breast (Cooked),Meat,100.0,baked,29.08,0.0,2.01,0.0,0.0,60.0,134.9
Turkey Breast (Cooked),Meat,100.0,fried,28.72,0.0,3.81,0.0,0.0,47.1,152.3
Turkey Breast (Cooked),Meat,100.0,deep_fried,29.12,0.0,4.87,0.0,0.0,41.0,166.1
Turkey Breast (Cooked),Meat,150.0,raw,43.65,0.0,3.17,0.0,0.0,68.2,203.4
Turkey Breast (Cooked),Meat,150.0,boiled,42.89,0.0,3.0,0.0,0.0,77.1,197.0
Turkey Breast (Cooked),Meat,150.0,steamed,43.12,0.0,3.06,0.0,0.0,70.8,199.2
Turkey Breast (Cooked),Meat,150.0,grilled,43.41,0.0,2.89,0.0,0.0,57.7,200.5
Turkey Breast (Cooked),Meat,150.0,baked,43.4,0.0,2.98,0.0,0.0,59.7,200.9
Turkey Breast (Cooked),Meat,150.0,fried,43.11,0.0,5.72,0.0,0.0,47.2,228.7
Turkey Breast (Cooked),Meat,150.0,deep_fried,43.63,0.0,7.29,0.0,0.0,40.9,248.7
Turkey Breast (Cooked),Meat,200.0,raw,58.11,0.0,4.22,0.0,0.0,68.1,270.6
Turkey Breast (Cooked),Meat,200.0,boiled,57.92,0.0,4.1,0.0,0.0,78.1,267.5
Turkey Breast (Cooked),Meat,200.0,steamed,57.67,0.0,4.11,0.0,0.0,71.0,266.8
Turkey Breast (Cooked),Meat,200.0,grilled,58.46,0.0,3.92,0.0,0.0,58.3,271.1
Turkey Breast (Cooked),Meat,200.0,baked,58.72,0.0,4.09,0.0,0.0,60.6,273.6
Turkey Breast (Cooked),Meat,200.0,fried,57.79,0.0,7.71,0.0,0.0,47.4,307.4
Turkey Breast (Cooked),Meat,200.0,deep_fried,57.73,0.0,9.57,0.0,0.0,40.6,327.8
Turkey Breast (Cooked),Meat,250.0,raw,72.77,0.0,5.29,0.0,0.0,68.3,339.1
Turkey Breast (Cooked),Meat,250.0,boiled,72.31,0.0,5.12,0.0,0.0,78.0,333.8
Turkey Breast (Cooked),Meat,250.0,steamed,72.42,0.0,5.19,0.0,0.0,71.3,335.8
Turkey Breast (Cooked),Meat,250.0,grilled,72.9,0.0,4.88,0.0,0.0,58.1,337.8
Turkey Breast (Cooked),Meat,250.0,baked,71.46,0.0,4.84,0.0,0.0,59.0,329.0
Turkey Breast (Cooked),Meat,250.0,fried,73.22,0.0,9.9,0.0,0.0,48.1,392.1
Turkey Breast (Cooked),Meat,250.0,deep_fried,72.54,0.0,12.09,0.0,0.0,40.8,413.0
Turkey Breast (Cooked),Meat,300.0,raw,86.73,0.0,6.26,0.0,0.0,67.8,402.9
Turkey Breast (Cooked),Meat,300.0,boiled,86.94,0.0,6.17,0.0,0.0,78.1,401.7
Turkey Breast (Cooked),Meat,300.0,steamed,86.98,0.0,6.23,0.0,0.0,71.4,403.4
Turkey Breast (Cooked),Meat,300.0,grilled,85.87,0.0,5.65,0.0,0.0,57.0,394.7
Turkey Breast (Cooked),Meat,300.0,baked,87.98,0.0,6.12,0.0,0.0,60.5,409.6
Turkey Breast (Cooked),Meat,300.0,fried,87.03,0.0,11.66,0.0,0.0,47.6,463.9
Turkey Breast (Cooked),Meat,300.0,deep_fried,87.29,0.0,14.59,0.0,0.0,40.9,497.8
Turkey Breast (Cooked),Meat,400.0,raw,116.83,0.0,8.52,0.0,0.0,68.5,545.2
Turkey Breast (Cooked),Meat,400.0,boiled,115.11,0.0,8.11,0.0,0.0,77.6,530.2
Turkey Breast (Cooked),Meat,400.0,steamed,116.41,0.0,8.38,0.0,0.0,71.7,540.9
Turkey Breast (Cooked),Meat,400.0,grilled,115.77,0.0,7.7,0.0,0.0,57.7,534.7
Turkey Breast (Cooked),Meat,400.0,baked,116.74,0.0,8.08,0.0,0.0,60.2,542.4
Turkey Breast (Cooked),Meat,400.0,fried,114.15,0.0,15.04,0.0,0.0,46.8,603.4
Turkey Breast (Cooked),Meat,400.0,deep_fried,115.91,0.0,19.29,0.0,0.0,40.8,659.5
Turkey Breast (Cooked),Meat,500.0,raw,144.34,0.0,10.41,0.0,0.0,67.7,670.2
Turkey Breast (Cooked),Meat,500.0,boiled,145.47,0.0,10.36,0.0,0.0,78.5,673.3
Turkey Breast (Cooked),Meat,500.0,steamed,145.51,0.0,10.47,0.0,0.0,71.7,676.0
Turkey Breast (Cooked),Meat,500.0,grilled,144.23,0.0,9.56,0.0,0.0,57.5,665.2
Turkey Breast (Cooked),Meat,500.0,baked,144.23,0.0,9.87,0.0,0.0,59.5,666.7
Turkey Breast (Cooked),Meat,500.0,fried,144.88,0.0,19.39,0.0,0.0,47.6,771.8
Turkey Breast (Cooked),Meat,500.0,deep_fried,144.02,0.0,23.83,0.0,0.0,40.5,816.9
Bacon (Pan-fried),Meat,30.0,raw,11.17,0.42,12.76,0.0,0.0,16.1,161.7
Bacon (Pan-fried),Meat,30.0,boiled,11.07,0.42,12.28,0.0,0.0,18.3,156.1
Bacon (Pan-fried),Meat,30.0,steamed,10.86,0.41,11.93,0.0,0.0,16.4,151.6
Bacon (Pan-fried),Meat,30.0,grilled,11.07,0.42,11.53,0.0,0.0,13.6,151.2
Bacon (Pan-fried),Meat,30.0,baked,11.01,0.42,11.78,0.0,0.0,14.0,152.5
Bacon (Pan-fried),Meat,30.0,fried,10.96,0.41,22.74,0.0,0.0,11.1,247.7
Bacon (Pan-fried),Meat,30.0,deep_fried,11.0,0.42,28.44,0.0,0.0,9.5,298.5
Bacon (Pan-fried),Meat,50.0,raw,18.52,0.7,21.03,0.0,0.0,16.0,266.6
Bacon (Pan-fried),Meat,50.0,boiled,18.68,0.71,20.99,0.0,0.0,18.6,266.8
Bacon (Pan-fried),Meat,50.0,steamed,18.54,0.7,20.89,0.0,0.0,16.8,265.2
Bacon (Pan-fried),Meat,50.0,grilled,18.42,0.7,19.14,0.0,0.0,13.5,251.1
Bacon (Pan-fried),Meat,50.0,baked,18.56,0.7,20.09,0.0,0.0,14.1,259.9
Bacon (Pan-fried),Meat,50.0,fried,18.44,0.7,38.58,0.0,0.0,11.2,420.7
Bacon (Pan-fried),Meat,50.0,deep_fried,18.4,0.7,47.8,0.0,0.0,9.5,501.8
Bacon (Pan-fried),Meat,75.0,raw,27.51,1.04,30.95,0.0,0.0,15.9,392.4
Bacon (Pan-fried),Meat,75.0,boiled,27.39,1.04,30.06,0.0,0.0,18.2,382.3
Bacon (Pan-fried),Meat,75.0,steamed,27.67,1.05,31.0,0.0,0.0,16.8,393.7
Bacon (Pan-fried),Meat,75.0,grilled,27.78,1.05,29.05,0.0,0.0,13.6,380.9
Bacon (Pan-fried),Meat,75.0,baked,27.73,1.05,29.88,0.0,0.0,14.1,386.6
Bacon (Pan-fried),Meat,75.0,fried,27.66,1.05,57.91,0.0,0.0,11.2,631.4
Bacon (Pan-fried),Meat,75.0,deep_fried,27.55,1.04,71.42,0.0,0.0,9.5,749.6
Bacon (Pan-fried),Meat,100.0,raw,37.17,1.41,42.38,0.0,0.0,16.1,537.1
Bacon (Pan-fried),Meat,100.0,boiled,36.63,1.39,40.35,0.0,0.0,18.2,513.1
Bacon (Pan-fried),Meat,100.0,steamed,37.22,1.41,42.06,0.0,0.0,16.9,534.1
Bacon (Pan-fried),Meat,100.0,grilled,36.72,1.39,38.06,0.0,0.0,13.5,499.3
Bacon (Pan-fried),Meat,100.0,baked,36.79,1.39,39.45,0.0,0.0,14.0,510.6
Bacon (Pan-fried),Meat,100.0,fried,36.59,1.38,75.99,0.0,0.0,11.1,828.0
Bacon (Pan-fried),Meat,100.0,deep_fried,36.86,1.39,95.87,0.0,0.0,9.6,1006.6
Bacon (Pan-fried),Meat,150.0,raw,55.91,2.12,63.92,0.0,0.0,16.1,810.1
Bacon (Pan-fried),Meat,150.0,boiled,55.71,2.11,62.22,0.0,0.0,18.5,790.9
Bacon (Pan-fried),Meat,150.0,steamed,55.91,2.12,63.29,0.0,0.0,16.9,803.6
Bacon (Pan-fried),Meat,150.0,grilled,55.72,2.11,58.41,0.0,0.0,13.7,765.8
Bacon (Pan-fried),Meat,150.0,baked,55.04,2.08,58.86,0.0,0.0,14.0,761.9
Bacon (Pan-fried),Meat,150.0,fried,55.36,2.09,115.97,0.0,0.0,11.2,1264.5
Bacon (Pan-fried),Meat,150.0,deep_fried,55.18,2.09,143.2,0.0,0.0,9.5,1503.3
Bacon (Pan-fried),Meat,200.0,raw,74.74,2.83,85.68,0.0,0.0,16.2,1085.8
Bacon (Pan-fried),Meat,200.0,boiled,73.34,2.77,80.84,0.0,0.0,18.2,1028.0
Bacon (Pan-fried),Meat,200.0,steamed,74.5,2.82,84.27,0.0,0.0,16.9,1070.0
Bacon (Pan-fried),Meat,200.0,grilled,74.5,2.82,78.32,0.0,0.0,13.7,1026.7
Bacon (Pan-fried),Meat,200.0,baked,75.02,2.84,81.99,0.0,0.0,14.3,1060.3
Bacon (Pan-fried),Meat,200.0,fried,73.77,2.79,154.45,0.0,0.0,11.2,1684.0
Bacon (Pan-fried),Meat,200.0,deep_fried,74.4,2.81,195.26,0.0,0.0,9.7,2052.4
Bacon (Pan-fried),Meat,250.0,raw,94.08,3.56,108.59,0.0,0.0,16.3,1376.0
Bacon (Pan-fried),Meat,250.0,boiled,92.07,3.48,101.95,0.0,0.0,18.3,1296.2
Bacon (Pan-fried),Meat,250.0,steamed,91.44,3.46,101.56,0.0,0.0,16.6,1290.2
Bacon (Pan-fried),Meat,250.0,grilled,91.2,3.45,93.88,0.0,0.0,13.4,1232.3
Bacon (Pan-fried),Meat,250.0,baked,92.99,3.52,100.82,0.0,0.0,14.2,1304.2
Bacon (Pan-fried),Meat,250.0,fried,91.19,3.45,188.76,0.0,0.0,11.0,2056.4
Bacon (Pan-fried),Meat,250.0,deep_fried,92.24,3.49,240.15,0.0,0.0,9.6,2521.8
Bacon (Pan-fried),Meat,300.0,raw,111.36,4.21,126.83,0.0,0.0,16.1,1607.4
Bacon (Pan-fried),Meat,300.0,boiled,111.15,4.21,123.82,0.0,0.0,18.4,1574.0
Bacon (Pan-fried),Meat,300.0,steamed,111.35,4.21,125.54,0.0,0.0,16.9,1594.0
Bacon (Pan-fried),Meat,300.0,grilled,111.19,4.21,116.31,0.0,0.0,13.6,1525.1
Bacon (Pan-fried),Meat,300.0,baked,112.06,4.24,122.0,0.0,0.0,14.2,1577.9
Bacon (Pan-fried),Meat,300.0,fried,110.21,4.17,229.77,0.0,0.0,11.1,2504.5
Bacon (Pan-fried),Meat,300.0,deep_fried,110.44,4.18,286.86,0.0,0.0,9.6,3011.6
Bacon (Pan-fried),Meat,400.0,raw,147.14,5.57,166.05,0.0,0.0,15.9,2105.1
Bacon (Pan-fried),Meat,400.0,boiled,148.92,5.63,166.69,0.0,0.0,18.5,2118.7
Bacon (Pan-fried),Meat,400.0,steamed,149.0,5.64,168.57,0.0,0.0,16.9,2140.3
Bacon (Pan-fried),Meat,400.0,grilled,148.5,5.62,155.61,0.0,0.0,13.6,2040.1
Bacon (Pan-fried),Meat,400.0,baked,149.31,5.65,162.43,0.0,0.0,14.2,2100.9
Bacon (Pan-fried),Meat,400.0,fried,146.69,5.55,305.31,0.0,0.0,11.1,3327.4
Bacon (Pan-fried),Meat,400.0,deep_fried,149.85,5.67,396.06,0.0,0.0,9.7,4166.7
Bacon (Pan-fried),Meat,500.0,raw,187.11,7.08,214.8,0.0,0.0,16.2,2721.9
Bacon (Pan-fried),Meat,500.0,boiled,186.02,7.04,208.07,0.0,0.0,18.5,2644.7
Bacon (Pan-fried),Meat,500.0,steamed,187.47,7.09,213.46,0.0,0.0,17.0,2709.9
Bacon (Pan-fried),Meat,500.0,grilled,182.7,6.91,188.4,0.0,0.0,13.4,2472.6
Bacon (Pan-fried),Meat,500.0,baked,184.27,6.97,197.93,0.0,0.0,14.0,2561.5
Bacon (Pan-fried),Meat,500.0,fried,183.98,6.96,384.22,0.0,0.0,11.1,4188.5
Bacon (Pan-fried),Meat,500.0,deep_fried,186.0,7.04,488.23,0.0,0.0,9.7,5131.9
Lamb Chop (Grilled),Meat,30.0,raw,7.62,0.0,4.87,0.0,0.0,56.0,74.3
Lamb Chop (Grilled),Meat,30.0,boiled,7.72,0.0,4.91,0.0,0.0,65.2,75.1
Lamb Chop (Grilled),Meat,30.0,steamed,7.76,0.0,5.0,0.0,0.0,59.8,76.3
Lamb Chop (Grilled),Meat,30.0,grilled,7.72,0.0,4.6,0.0,0.0,48.2,73.2
Lamb Chop (Grilled),Meat,30.0,baked,7.7,0.0,4.72,0.0,0.0,49.7,73.9
Lamb Chop (Grilled),Meat,30.0,fried,7.62,0.0,9.02,0.0,0.0,39.2,111.4
Lamb Chop (Grilled),Meat,30.0,deep_fried,7.63,0.0,11.24,0.0,0.0,33.6,131.3
Lamb Chop (Grilled),Meat,50.0,raw,12.92,0.0,8.4,0.0,0.0,56.9,127.9
Lamb Chop (Grilled),Meat,50.0,boiled,12.87,0.0,8.18,0.0,0.0,65.2,125.2
Lamb Chop (Grilled),Meat,50.0,steamed,12.8,0.0,8.16,0.0,0.0,59.2,124.8
Lamb Chop (Grilled),Meat,50.0,grilled,12.76,0.0,7.54,0.0,0.0,47.8,120.1
Lamb Chop (Grilled),Meat,50.0,baked,12.61,0.0,7.6,0.0,0.0,48.9,119.2
Lamb Chop (Grilled),Meat,50.0,fried,12.7,0.0,15.02,0.0,0.0,39.2,185.5
Lamb Chop (Grilled),Meat,50.0,deep_fried,12.98,0.0,19.52,0.0,0.0,34.3,228.2
Lamb Chop (Grilled),Meat,75.0,raw,19.02,0.0,12.14,0.0,0.0,55.9,185.3
Lamb Chop (Grilled),Meat,75.0,boiled,19.23,0.0,12.16,0.0,0.0,65.0,186.3
Lamb Chop (Grilled),Meat,75.0,steamed,19.35,0.0,12.44,0.0,0.0,59.7,190.0
Lamb Chop (Grilled),Meat,75.0,grilled,19.02,0.0,11.17,0.0,0.0,47.5,178.1
Lamb Chop (Grilled),Meat,75.0,baked,19.23,0.0,11.79,0.0,0.0,49.7,184.4
Lamb Chop (Grilled),Meat,75.0,fried,19.34,0.0,23.22,0.0,0.0,39.8,286.7
Lamb Chop (Grilled),Meat,75.0,deep_fried,19.2,0.0,28.47,0.0,0.0,33.8,332.7
Lamb Chop (Grilled),Meat,100.0,raw,26.15,0.0,17.21,0.0,0.0,57.6,261.6
Lamb Chop (Grilled),Meat,100.0,boiled,25.28,0.0,15.77,0.0,0.0,64.0,242.0
Lamb Chop (Grilled),Meat,100.0,steamed,25.8,0.0,16.59,0.0,0.0,59.7,253.3
Lamb Chop (Grilled),Meat,100.0,grilled,25.57,0.0,15.14,0.0,0.0,47.9,241.0
Lamb Chop (Grilled),Meat,100.0,baked,25.75,0.0,15.86,0.0,0.0,49.9,247.9
Lamb Chop (Grilled),Meat,100.0,fried,25.68,0.0,30.73,0.0,0.0,39.6,379.4
Lamb Chop (Grilled),Meat,100.0,deep_fried,25.46,0.0,37.53,0.0,0.0,33.7,438.6
Lamb Chop (Grilled),Meat,150.0,raw,38.47,0.0,24.84,0.0,0.0,56.5,378.5
Lamb Chop (Grilled),Meat,150.0,boiled,37.86,0.0,23.58,0.0,0.0,64.0,362.0
Lamb Chop (Grilled),Meat,150.0,steamed,38.57,0.0,24.72,0.0,0.0,59.5,377.6
Lamb Chop (Grilled),Meat,150.0,grilled,38.49,0.0,22.87,0.0,0.0,48.0,363.8
Lamb Chop (Grilled),Meat,150.0,baked,38.58,0.0,23.74,0.0,0.0,49.9,371.1
Lamb Chop (Grilled),Meat,150.0,fried,38.7,0.0,46.51,0.0,0.0,39.8,574.2
Lamb Chop (Grilled),Meat,150.0,deep_fried,38.51,0.0,57.24,0.0,0.0,33.9,669.0
Lamb Chop (Grilled),Meat,200.0,raw,51.26,0.0,33.07,0.0,0.0,56.5,504.0
Lamb Chop (Grilled),Meat,200.0,boiled,50.86,0.0,31.91,0.0,0.0,64.4,489.3
Lamb Chop (Grilled),Meat,200.0,steamed,50.93,0.0,32.32,0.0,0.0,58.9,494.4
Lamb Chop (Grilled),Meat,200.0,grilled,51.66,0.0,30.9,0.0,0.0,48.4,491.0
Lamb Chop (Grilled),Meat,200.0,baked,51.75,0.0,32.03,0.0,0.0,50.2,500.3
Lamb Chop (Grilled),Meat,200.0,fried,51.11,0.0,60.83,0.0,0.0,39.4,751.1
Lamb Chop (Grilled),Meat,200.0,deep_fried,51.22,0.0,75.95,0.0,0.0,33.9,887.7
Lamb Chop (Grilled),Meat,250.0,raw,63.57,0.0,40.69,0.0,0.0,56.0,620.8
Lamb Chop (Grilled),Meat,250.0,boiled,64.56,0.0,41.14,0.0,0.0,65.4,629.4
Lamb Chop (Grilled),Meat,250.0,steamed,64.32,0.0,41.25,0.0,0.0,59.5,630.1
Lamb Chop (Grilled),Meat,250.0,grilled,64.93,0.0,39.06,0.0,0.0,48.6,620.1
Lamb Chop (Grilled),Meat,250.0,baked,63.58,0.0,38.67,0.0,0.0,49.3,605.7
Lamb Chop (Grilled),Meat,250.0,fried,63.82,0.0,75.88,0.0,0.0,39.4,936.9
Lamb Chop (Grilled),Meat,250.0,deep_fried,64.11,0.0,95.2,0.0,0.0,33.9,1112.7
Lamb Chop (Grilled),Meat,300.0,raw,77.17,0.0,49.98,0.0,0.0,56.7,761.2
Lamb Chop (Grilled),Meat,300.0,boiled,76.68,0.0,48.35,0.0,0.0,64.8,740.9
Lamb Chop (Grilled),Meat,300.0,steamed,76.3,0.0,48.36,0.0,0.0,58.8,739.9
Lamb Chop (Grilled),Meat,300.0,grilled,77.31,0.0,46.14,0.0,0.0,48.3,733.5
Lamb Chop (Grilled),Meat,300.0,baked,77.22,0.0,47.53,0.0,0.0,49.9,743.1
Lamb Chop (Grilled),Meat,300.0,fried,76.27,0.0,90.32,0.0,0.0,39.2,1115.2
Lamb Chop (Grilled),Meat,300.0,deep_fried,77.58,0.0,116.16,0.0,0.0,34.2,1358.1
Lamb Chop (Grilled),Meat,400.0,raw,103.3,0.0,67.16,0.0,0.0,56.9,1022.4
Lamb Chop (Grilled),Meat,400.0,boiled,102.5,0.0,64.81,0.0,0.0,64.9,992.7
Lamb Chop (Grilled),Meat,400.0,steamed,102.46,0.0,65.42,0.0,0.0,59.3,999.9
Lamb Chop (Grilled),Meat,400.0,grilled,102.83,0.0,61.22,0.0,0.0,48.1,973.6
Lamb Chop (Grilled),Meat,400.0,baked,101.74,0.0,61.89,0.0,0.0,49.3,969.4
Lamb Chop (Grilled),Meat,400.0,fried,102.42,0.0,122.16,0.0,0.0,39.5,1508.2
Lamb Chop (Grilled),Meat,400.0,deep_fried,100.75,0.0,146.9,0.0,0.0,33.3,1716.3
Lamb Chop (Grilled),Meat,500.0,raw,128.84,0.0,83.58,0.0,0.0,56.8,1272.7
Lamb Chop (Grilled),Meat,500.0,boiled,126.5,0.0,78.96,0.0,0.0,64.1,1211.6
Lamb Chop (Grilled),Meat,500.0,steamed,129.44,0.0,83.52,0.0,0.0,59.9,1274.7
Lamb Chop (Grilled),Meat,500.0,grilled,127.68,0.0,75.52,0.0,0.0,47.8,1202.3
Lamb Chop (Grilled),Meat,500.0,baked,127.8,0.0,78.13,0.0,0.0,49.6,1222.7
Lamb Chop (Grilled),Meat,500.0,fried,127.4,0.0,151.19,0.0,0.0,39.3,1866.8
Lamb Chop (Grilled),Meat,500.0,deep_fried,127.72,0.0,188.93,0.0,0.0,33.8,2207.9
Salmon (Cooked),Seafood,30.0,raw,7.58,0.0,3.68,0.0,0.0,62.7,63.6
Salmon (Cooked),Seafood,30.0,boiled,7.36,0.0,3.4,0.0,0.0,70.0,59.5
Salmon (Cooked),Seafood,30.0,steamed,7.57,0.0,3.63,0.0,0.0,65.7,63.0
Salmon (Cooked),Seafood,30.0,grilled,7.52,0.0,3.33,0.0,0.0,52.8,60.5
Salmon (Cooked),Seafood,30.0,baked,7.43,0.0,3.36,0.0,0.0,54.1,60.0
Salmon (Cooked),Seafood,30.0,fried,7.44,0.0,6.55,0.0,0.0,43.0,88.5
Salmon (Cooked),Seafood,30.0,deep_fried,7.59,0.0,8.49,0.0,0.0,37.7,107.2
Salmon (Cooked),Seafood,50.0,raw,12.41,0.0,5.91,0.0,0.0,61.6,102.6
Salmon (Cooked),Seafood,50.0,boiled,12.39,0.0,5.78,0.0,0.0,70.7,100.9
Salmon (Cooked),Seafood,50.0,steamed,12.61,0.0,6.04,0.0,0.0,65.7,104.8
Salmon (Cooked),Seafood,50.0,grilled,12.53,0.0,5.55,0.0,0.0,52.8,100.8
Salmon (Cooked),Seafood,50.0,baked,12.41,0.0,5.62,0.0,0.0,54.2,100.4
Salmon (Cooked),Seafood,50.0,fried,12.52,0.0,11.14,0.0,0.0,43.5,150.4
Salmon (Cooked),Seafood,50.0,deep_fried,12.4,0.0,13.59,0.0,0.0,36.9,171.6
Salmon (Cooked),Seafood,75.0,raw,18.9,0.0,9.15,0.0,0.0,62.5,158.2
Salmon (Cooked),Seafood,75.0,boiled,18.9,0.0,8.96,0.0,0.0,71.9,156.0
Salmon (Cooked),Seafood,75.0,steamed,18.82,0.0,8.98,0.0,0.0,65.4,156.0
Salmon (Cooked),Seafood,75.0,grilled,18.8,0.0,8.32,0.0,0.0,52.8,151.2
Salmon (Cooked),Seafood,75.0,baked,19.0,0.0,8.78,0.0,0.0,55.3,156.2
Salmon (Cooked),Seafood,75.0,fried,18.75,0.0,16.65,0.0,0.0,43.4,224.8
Salmon (Cooked),Seafood,75.0,deep_fried,18.58,0.0,20.33,0.0,0.0,36.9,256.8
Salmon (Cooked),Seafood,100.0,raw,25.08,0.0,12.08,0.0,0.0,62.2,209.1
Salmon (Cooked),Seafood,100.0,boiled,25.39,0.0,12.13,0.0,0.0,72.4,210.8
Salmon (Cooked),Seafood,100.0,steamed,24.81,0.0,11.7,0.0,0.0,64.6,203.7
Salmon (Cooked),Seafood,100.0,grilled,24.93,0.0,10.98,0.0,0.0,52.6,199.7
Salmon (Cooked),Seafood,100.0,baked,25.08,0.0,11.47,0.0,0.0,54.7,204.5
Salmon (Cooked),Seafood,100.0,fried,24.99,0.0,22.18,0.0,0.0,43.4,299.5
Salmon (Cooked),Seafood,100.0,deep_fried,24.82,0.0,27.19,0.0,0.0,36.9,343.5
Salmon (Cooked),Seafood,150.0,raw,37.82,0.0,18.3,0.0,0.0,62.5,316.5
Salmon (Cooked),Seafood,150.0,boiled,38.15,0.0,18.25,0.0,0.0,72.5,317.2
Salmon (Cooked),Seafood,150.0,steamed,37.56,0.0,17.87,0.0,0.0,65.2,310.6
Salmon (Cooked),Seafood,150.0,grilled,37.25,0.0,16.34,0.0,0.0,52.3,297.5
Salmon (Cooked),Seafood,150.0,baked,37.06,0.0,16.7,0.0,0.0,53.9,298.7
Salmon (Cooked),Seafood,150.0,fried,37.57,0.0,33.43,0.0,0.0,43.5,451.3
Salmon (Cooked),Seafood,150.0,deep_fried,37.81,0.0,42.09,0.0,0.0,37.5,531.4
Salmon (Cooked),Seafood,200.0,raw,50.18,0.0,24.17,0.0,0.0,62.2,418.3
Salmon (Cooked),Seafood,200.0,boiled,50.0,0.0,23.52,0.0,0.0,71.3,410.1
Salmon (Cooked),Seafood,200.0,steamed,49.78,0.0,23.55,0.0,0.0,64.8,409.8
Salmon (Cooked),Seafood,200.0,grilled,49.59,0.0,21.72,0.0,0.0,52.3,395.6
Salmon (Cooked),Seafood,200.0,baked,50.31,0.0,23.09,0.0,0.0,54.9,411.3
Salmon (Cooked),Seafood,200.0,fried,50.34,0.0,45.01,0.0,0.0,43.7,607.4
Salmon (Cooked),Seafood,200.0,deep_fried,49.42,0.0,53.92,0.0,0.0,36.8,681.2
Salmon (Cooked),Seafood,250.0,raw,63.25,0.0,30.72,0.0,0.0,62.7,530.8
Salmon (Cooked),Seafood,250.0,boiled,62.77,0.0,29.65,0.0,0.0,71.6,516.5
Salmon (Cooked),Seafood,250.0,steamed,63.16,0.0,30.32,0.0,0.0,65.8,526.1
Salmon (Cooked),Seafood,250.0,grilled,61.87,0.0,27.04,0.0,0.0,52.2,492.8
Salmon (Cooked),Seafood,250.0,baked,61.86,0.0,27.92,0.0,0.0,54.0,499.2
Salmon (Cooked),Seafood,250.0,fried,62.43,0.0,55.38,0.0,0.0,43.4,747.7
Salmon (Cooked),Seafood,250.0,deep_fried,62.74,0.0,69.52,0.0,0.0,37.3,877.9
Salmon (Cooked),Seafood,300.0,raw,76.01,0.0,36.97,0.0,0.0,62.8,638.7
Salmon (Cooked),Seafood,300.0,boiled,75.4,0.0,35.65,0.0,0.0,71.7,620.9
Salmon (Cooked),Seafood,300.0,steamed,74.86,0.0,35.51,0.0,0.0,65.0,617.5
Salmon (Cooked),Seafood,300.0,grilled,74.42,0.0,32.61,0.0,0.0,52.3,594.0
Salmon (Cooked),Seafood,300.0,baked,75.69,0.0,34.83,0.0,0.0,55.1,620.1
Salmon (Cooked),Seafood,300.0,fried,74.46,0.0,65.64,0.0,0.0,43.1,886.6
Salmon (Cooked),Seafood,300.0,deep_fried,75.92,0.0,84.82,0.0,0.0,37.7,1070.9
Salmon (Cooked),Seafood,400.0,raw,99.79,0.0,47.8,0.0,0.0,61.9,828.2
Salmon (Cooked),Seafood,400.0,boiled,101.19,0.0,48.16,0.0,0.0,72.2,837.7
Salmon (Cooked),Seafood,400.0,steamed,100.51,0.0,48.0,0.0,0.0,65.4,833.6
Salmon (Cooked),Seafood,400.0,grilled,99.9,0.0,44.07,0.0,0.0,52.6,801.4
Salmon (Cooked),Seafood,400.0,baked,99.61,0.0,45.24,0.0,0.0,54.3,807.8
Salmon (Cooked),Seafood,400.0,fried,99.74,0.0,88.35,0.0,0.0,43.3,1192.9
Salmon (Cooked),Seafood,400.0,deep_fried,100.32,0.0,111.11,0.0,0.0,37.3,1403.0
Salmon (Cooked),Seafood,500.0,raw,125.07,0.0,60.07,0.0,0.0,62.0,1040.3
Salmon (Cooked),Seafood,500.0,boiled,124.44,0.0,58.28,0.0,0.0,71.0,1017.0
Salmon (Cooked),Seafood,500.0,steamed,124.84,0.0,59.25,0.0,0.0,65.0,1030.2
Salmon (Cooked),Seafood,500.0,grilled,125.07,0.0,55.27,0.0,0.0,52.7,1004.6
Salmon (Cooked),Seafood,500.0,baked,123.0,0.0,55.18,0.0,0.0,53.7,988.1
Salmon (Cooked),Seafood,500.0,fried,125.43,0.0,111.76,0.0,0.0,43.5,1508.5
Salmon (Cooked),Seafood,500.0,deep_fried,124.08,0.0,135.97,0.0,0.0,36.9,1717.5
Tuna (Canned in Water),Seafood,30.0,raw,7.73,0.0,0.29,0.0,0.0,71.4,33.5
Tuna (Canned in Water),Seafood,30.0,boiled,7.7,0.0,0.29,0.0,0.0,81.8,33.2
Tuna (Canned in Water),Seafood,30.0,steamed,7.7,0.0,0.29,0.0,0.0,74.6,33.3
Tuna (Canned in Water),Seafood,30.0,grilled,7.72,0.0,0.27,0.0,0.0,60.6,33.4
Tuna (Canned in Water),Seafood,30.0,baked,7.76,0.0,0.28,0.0,0.0,63.0,33.7
Tuna (Canned in Water),Seafood,30.0,fried,7.91,0.0,0.57,0.0,0.0,51.1,38.1
Tuna (Canned in Water),Seafood,30.0,deep_fried,7.77,0.0,0.68,0.0,0.0,43.0,38.9
Tuna (Canned in Water),Seafood,50.0,raw,13.02,0.0,0.5,0.0,0.0,72.1,56.7
Tuna (Canned in Water),Seafood,50.0,boiled,13.04,0.0,0.49,0.0,0.0,83.0,56.5
Tuna (Canned in Water),Seafood,50.0,steamed,13.01,0.0,0.5,0.0,0.0,75.7,56.6
Tuna (Canned in Water),Seafood,50.0,grilled,12.99,0.0,0.46,0.0,0.0,61.2,56.5
Tuna (Canned in Water),Seafood,50.0,baked,12.88,0.0,0.47,0.0,0.0,62.8,55.9
Tuna (Canned in Water),Seafood,50.0,fried,13.14,0.0,0.95,0.0,0.0,50.9,63.2
Tuna (Canned in Water),Seafood,50.0,deep_fried,13.18,0.0,1.18,0.0,0.0,43.8,66.5
Tuna (Canned in Water),Seafood,75.0,raw,19.25,0.0,0.73,0.0,0.0,71.1,83.4
Tuna (Canned in Water),Seafood,75.0,boiled,19.35,0.0,0.72,0.0,0.0,82.2,83.5
Tuna (Canned in Water),Seafood,75.0,steamed,19.46,0.0,0.74,0.0,0.0,75.4,84.5
Tuna (Canned in Water),Seafood,75.0,grilled,19.36,0.0,0.68,0.0,0.0,60.8,83.9
Tuna (Canned in Water),Seafood,75.0,baked,19.57,0.0,0.72,0.0,0.0,63.6,85.3
Tuna (Canned in Water),Seafood,75.0,fried,19.39,0.0,1.37,0.0,0.0,50.1,92.6
Tuna (Canned in Water),Seafood,75.0,deep_fried,19.82,0.0,1.78,0.0,0.0,43.9,100.2
Tuna (Canned in Water),Seafood,100.0,raw,26.23,0.0,1.02,0.0,0.0,72.6,114.7
Tuna (Canned in Water),Seafood,100.0,boiled,26.04,0.0,0.98,0.0,0.0,82.9,112.8
Tuna (Canned in Water),Seafood,100.0,steamed,26.2,0.0,1.01,0.0,0.0,76.2,114.2
Tuna (Canned in Water),Seafood,100.0,grilled,26.22,0.0,0.94,0.0,0.0,61.7,114.4
Tuna (Canned in Water),Seafood,100.0,baked,25.89,0.0,0.94,0.0,0.0,63.1,112.4
Tuna (Canned in Water),Seafood,100.0,fried,25.84,0.0,1.83,0.0,0.0,50.1,123.4
Tuna (Canned in Water),Seafood,100.0,deep_fried,26.02,0.0,2.3,0.0,0.0,43.2,130.6
Tuna (Canned in Water),Seafood,150.0,raw,39.25,0.0,1.52,0.0,0.0,72.5,171.4
Tuna (Canned in Water),Seafood,150.0,boiled,39.04,0.0,1.47,0.0,0.0,82.9,169.1
Tuna (Canned in Water),Seafood,150.0,steamed,38.54,0.0,1.45,0.0,0.0,74.7,166.7
Tuna (Canned in Water),Seafood,150.0,grilled,38.77,0.0,1.36,0.0,0.0,60.8,168.1
Tuna (Canned in Water),Seafood,150.0,baked,38.98,0.0,1.42,0.0,0.0,63.3,169.5
Tuna (Canned in Water),Seafood,150.0,fried,38.98,0.0,2.77,0.0,0.0,50.4,186.5
Tuna (Canned in Water),Seafood,150.0,deep_fried,39.58,0.0,3.55,0.0,0.0,43.8,199.9
Tuna (Canned in Water),Seafood,200.0,raw,51.46,0.0,1.96,0.0,0.0,71.3,223.2
Tuna (Canned in Water),Seafood,200.0,boiled,52.2,0.0,1.97,0.0,0.0,83.1,226.4
Tuna (Canned in Water),Seafood,200.0,steamed,52.58,0.0,2.02,0.0,0.0,76.4,229.4
Tuna (Canned in Water),Seafood,200.0,grilled,52.89,0.0,1.9,0.0,0.0,62.2,231.4
Tuna (Canned in Water),Seafood,200.0,baked,51.84,0.0,1.89,0.0,0.0,63.2,225.3
Tuna (Canned in Water),Seafood,200.0,fried,52.19,0.0,3.73,0.0,0.0,50.6,250.2
Tuna (Canned in Water),Seafood,200.0,deep_fried,52.22,0.0,4.64,0.0,0.0,43.4,262.6
Tuna (Canned in Water),Seafood,250.0,raw,65.1,0.0,2.51,0.0,0.0,72.1,283.7
Tuna (Canned in Water),Seafood,250.0,boiled,64.95,0.0,2.45,0.0,0.0,82.7,281.3
Tuna (Canned in Water),Seafood,250.0,steamed,65.21,0.0,2.49,0.0,0.0,75.8,283.7
Tuna (Canned in Water),Seafood,250.0,grilled,63.77,0.0,2.21,0.0,0.0,60.0,275.2
Tuna (Canned in Water),Seafood,250.0,baked,65.33,0.0,2.4,0.0,0.0,63.7,284.8
Tuna (Canned in Water),Seafood,250.0,fried,65.06,0.0,4.63,0.0,0.0,50.4,311.5
Tuna (Canned in Water),Seafood,250.0,deep_fried,64.89,0.0,5.73,0.0,0.0,43.1,325.5
Tuna (Canned in Water),Seafood,300.0,raw,79.2,0.0,3.09,0.0,0.0,73.1,347.0
Tuna (Canned in Water),Seafood,300.0,boiled,77.61,0.0,2.91,0.0,0.0,82.4,335.5
Tuna (Canned in Water),Seafood,300.0,steamed,77.76,0.0,2.95,0.0,0.0,75.4,337.5
Tuna (Canned in Water),Seafood,300.0,grilled,79.17,0.0,2.84,0.0,0.0,62.1,346.1
Tuna (Canned in Water),Seafood,300.0,baked,77.51,0.0,2.81,0.0,0.0,63.0,336.3
Tuna (Canned in Water),Seafood,300.0,fried,77.68,0.0,5.5,0.0,0.0,50.2,371.2
Tuna (Canned in Water),Seafood,300.0,deep_fried,77.91,0.0,6.88,0.0,0.0,43.2,390.8
Tuna (Canned in Water),Seafood,400.0,raw,104.66,0.0,4.05,0.0,0.0,72.5,457.0
Tuna (Canned in Water),Seafood,400.0,boiled,104.16,0.0,3.93,0.0,0.0,82.9,451.4
Tuna (Canned in Water),Seafood,400.0,steamed,102.99,0.0,3.88,0.0,0.0,74.9,445.8
Tuna (Canned in Water),Seafood,400.0,grilled,103.58,0.0,3.65,0.0,0.0,61.0,449.7
Tuna (Canned in Water),Seafood,400.0,baked,103.53,0.0,3.77,0.0,0.0,63.1,449.6
Tuna (Canned in Water),Seafood,400.0,fried,103.94,0.0,7.39,0.0,0.0,50.4,497.4
Tuna (Canned in Water),Seafood,400.0,deep_fried,104.33,0.0,9.26,0.0,0.0,43.3,524.4
Tuna (Canned in Water),Seafood,500.0,raw,130.41,0.0,5.03,0.0,0.0,72.2,568.7
Tuna (Canned in Water),Seafood,500.0,boiled,128.27,0.0,4.77,0.0,0.0,81.7,552.6
Tuna (Canned in Water),Seafood,500.0,steamed,131.04,0.0,5.03,0.0,0.0,76.2,571.2
Tuna (Canned in Water),Seafood,500.0,grilled,130.25,0.0,4.62,0.0,0.0,61.3,566.7
Tuna (Canned in Water),Seafood,500.0,baked,131.35,0.0,4.85,0.0,0.0,64.0,573.7
Tuna (Canned in Water),Seafood,500.0,fried,130.43,0.0,9.31,0.0,0.0,50.6,625.2
Tuna (Canned in Water),Seafood,500.0,deep_fried,131.07,0.0,11.69,0.0,0.0,43.6,660.2
Cod (Cooked),Seafood,30.0,raw,6.92,0.0,0.27,0.0,0.0,76.3,30.3
Cod (Cooked),Seafood,30.0,boiled,6.97,0.0,0.27,0.0,0.0,88.3,30.4
Cod (Cooked),Seafood,30.0,steamed,6.93,0.0,0.27,0.0,0.0,80.1,30.3
Cod (Cooked),Seafood,30.0,grilled,6.89,0.0,0.25,0.0,0.0,64.6,30.1
Cod (Cooked),Seafood,30.0,baked,7.02,0.0,0.27,0.0,0.0,68.0,30.9
Cod (Cooked),Seafood,30.0,fried,6.95,0.0,0.51,0.0,0.0,53.6,33.5
Cod (Cooked),Seafood,30.0,deep_fried,6.93,0.0,0.63,0.0,0.0,45.8,35.1
Cod (Cooked),Seafood,50.0,raw,11.39,0.0,0.44,0.0,0.0,75.3,49.6
Cod (Cooked),Seafood,50.0,boiled,11.39,0.0,0.43,0.0,0.0,86.6,49.3
Cod (Cooked),Seafood,50.0,steamed,11.53,0.0,0.45,0.0,0.0,80.0,50.3
Cod (Cooked),Seafood,50.0,grilled,11.51,0.0,0.41,0.0,0.0,64.7,50.2
Cod (Cooked),Seafood,50.0,baked,11.45,0.0,0.42,0.0,0.0,66.6,49.8
Cod (Cooked),Seafood,50.0,fried,11.51,0.0,0.83,0.0,0.0,53.3,55.3
Cod (Cooked),Seafood,50.0,deep_fried,11.64,0.0,1.06,0.0,0.0,46.1,59.0
Cod (Cooked),Seafood,75.0,raw,17.34,0.0,0.68,0.0,0.0,76.4,75.9
Cod (Cooked),Seafood,75.0,boiled,17.1,0.0,0.65,0.0,0.0,86.7,74.0
Cod (Cooked),Seafood,75.0,steamed,17.24,0.0,0.67,0.0,0.0,79.7,75.1
Cod (Cooked),Seafood,75.0,grilled,17.15,0.0,0.61,0.0,0.0,64.2,74.6
Cod (Cooked),Seafood,75.0,baked,17.2,0.0,0.64,0.0,0.0,66.7,75.0
Cod (Cooked),Seafood,75.0,fried,17.2,0.0,1.24,0.0,0.0,53.0,82.6
Cod (Cooked),Seafood,75.0,deep_fried,17.19,0.0,1.54,0.0,0.0,45.4,86.6
Cod (Cooked),Seafood,100.0,raw,22.78,0.0,0.88,0.0,0.0,75.3,99.1
Cod (Cooked),Seafood,100.0,boiled,22.98,0.0,0.88,0.0,0.0,87.3,99.8
Cod (Cooked),Seafood,100.0,steamed,22.9,0.0,0.88,0.0,0.0,79.5,99.6
Cod (Cooked),Seafood,100.0,grilled,22.49,0.0,0.79,0.0,0.0,63.2,97.3
Cod (Cooked),Seafood,100.0,baked,23.35,0.0,0.88,0.0,0.0,67.9,102.5
Cod (Cooked),Seafood,100.0,fried,23.19,0.0,1.69,0.0,0.0,53.6,111.9
Cod (Cooked),Seafood,100.0,deep_fried,22.94,0.0,2.06,0.0,0.0,45.5,115.6
Cod (Cooked),Seafood,150.0,raw,34.5,0.0,1.35,0.0,0.0,76.0,150.7
Cod (Cooked),Seafood,150.0,boiled,34.2,0.0,1.3,0.0,0.0,86.6,148.1
Cod (Cooked),Seafood,150.0,steamed,34.94,0.0,1.37,0.0,0.0,80.8,153.0
Cod (Cooked),Seafood,150.0,grilled,34.99,0.0,1.28,0.0,0.0,65.5,153.5
Cod (Cooked),Seafood,150.0,baked,34.54,0.0,1.29,0.0,0.0,67.0,150.8
Cod (Cooked),Seafood,150.0,fried,34.76,0.0,2.54,0.0,0.0,53.6,167.7
Cod (Cooked),Seafood,150.0,deep_fried,34.55,0.0,3.11,0.0,0.0,45.7,174.4
Cod (Cooked),Seafood,200.0,raw,45.54,0.0,1.76,0.0,0.0,75.2,198.2
Cod (Cooked),Seafood,200.0,boiled,45.86,0.0,1.75,0.0,0.0,87.1,199.0
Cod (Cooked),Seafood,200.0,steamed,46.05,0.0,1.79,0.0,0.0,79.9,200.8
Cod (Cooked),Seafood,200.0,grilled,45.84,0.0,1.64,0.0,0.0,64.4,199.6
Cod (Cooked),Seafood,200.0,baked,45.92,0.0,1.7,0.0,0.0,66.8,200.2
Cod (Cooked),Seafood,200.0,fried,45.97,0.0,3.33,0.0,0.0,53.2,221.0
Cod (Cooked),Seafood,200.0,deep_fried,45.97,0.0,4.13,0.0,0.0,45.6,231.9
Cod (Cooked),Seafood,250.0,raw,57.52,0.0,2.25,0.0,0.0,76.0,251.3
Cod (Cooked),Seafood,250.0,boiled,57.04,0.0,2.17,0.0,0.0,86.7,247.0
Cod (Cooked),Seafood,250.0,steamed,57.19,0.0,2.2,0.0,0.0,79.4,248.7
Cod (Cooked),Seafood,250.0,grilled,56.95,0.0,2.03,0.0,0.0,64.0,247.5
Cod (Cooked),Seafood,250.0,baked,57.92,0.0,2.17,0.0,0.0,67.4,253.5
Cod (Cooked),Seafood,250.0,fried,56.59,0.0,4.03,0.0,0.0,52.4,270.4
Cod (Cooked),Seafood,250.0,deep_fried,58.0,0.0,5.26,0.0,0.0,46.0,293.7
Cod (Cooked),Seafood,300.0,raw,69.72,0.0,2.76,0.0,0.0,76.8,305.9
Cod (Cooked),Seafood,300.0,boiled,68.84,0.0,2.63,0.0,0.0,87.2,298.8
Cod (Cooked),Seafood,300.0,steamed,67.65,0.0,2.57,0.0,0.0,78.2,292.6
Cod (Cooked),Seafood,300.0,grilled,68.81,0.0,2.47,0.0,0.0,64.4,299.8
Cod (Cooked),Seafood,300.0,baked,68.97,0.0,2.56,0.0,0.0,66.8,300.9
Cod (Cooked),Seafood,300.0,fried,68.48,0.0,4.92,0.0,0.0,52.8,328.3
Cod (Cooked),Seafood,300.0,deep_fried,68.73,0.0,6.16,0.0,0.0,45.4,346.2
Cod (Cooked),Seafood,400.0,raw,93.06,0.0,3.68,0.0,0.0,76.9,408.4
Cod (Cooked),Seafood,400.0,boiled,92.46,0.0,3.56,0.0,0.0,87.8,402.5
Cod (Cooked),Seafood,400.0,steamed,91.36,0.0,3.51,0.0,0.0,79.2,397.1
Cod (Cooked),Seafood,400.0,grilled,90.9,0.0,3.23,0.0,0.0,63.8,394.6
Cod (Cooked),Seafood,400.0,baked,91.77,0.0,3.4,0.0,0.0,66.7,400.1
Cod (Cooked),Seafood,400.0,fried,91.85,0.0,6.64,0.0,0.0,53.1,441.4
Cod (Cooked),Seafood,400.0,deep_fried,92.34,0.0,8.34,0.0,0.0,45.8,466.7
Cod (Cooked),Seafood,500.0,raw,114.54,0.0,4.46,0.0,0.0,75.7,499.6
Cod (Cooked),Seafood,500.0,boiled,115.44,0.0,4.44,0.0,0.0,87.7,502.3
Cod (Cooked),Seafood,500.0,steamed,116.67,0.0,4.58,0.0,0.0,81.0,511.4
Cod (Cooked),Seafood,500.0,grilled,115.7,0.0,4.19,0.0,0.0,65.0,505.8
Cod (Cooked),Seafood,500.0,baked,114.96,0.0,4.27,0.0,0.0,66.9,501.6
Cod (Cooked),Seafood,500.0,fried,114.84,0.0,8.3,0.0,0.0,53.1,551.9
Cod (Cooked),Seafood,500.0,deep_fried,114.69,0.0,10.29,0.0,0.0,45.5,578.0
Shrimp (Cooked),Seafood,30.0,raw,7.26,0.06,0.09,0.0,0.0,75.7,30.2
Shrimp (Cooked),Seafood,30.0,boiled,7.17,0.06,0.09,0.0,0.0,85.8,29.6
Shrimp (Cooked),Seafood,30.0,steamed,7.2,0.06,0.09,0.0,0.0,78.8,29.8
Shrimp (Cooked),Seafood,30.0,grilled,7.2,0.06,0.08,0.0,0.0,63.8,29.9
Shrimp (Cooked),Seafood,30.0,baked,7.17,0.06,0.08,0.0,0.0,65.8,29.7
Shrimp (Cooked),Seafood,30.0,fried,7.13,0.06,0.16,0.0,0.0,52.0,31.1
Shrimp (Cooked),Seafood,30.0,deep_fried,7.22,0.06,0.21,0.0,0.0,45.1,32.6
Shrimp (Cooked),Seafood,50.0,raw,11.99,0.1,0.15,0.0,0.0,75.0,49.7
Shrimp (Cooked),Seafood,50.0,boiled,12.05,0.1,0.15,0.0,0.0,86.6,49.8
Shrimp (Cooked),Seafood,50.0,steamed,11.95,0.1,0.15,0.0,0.0,78.4,49.4
Shrimp (Cooked),Seafood,50.0,grilled,12.11,0.1,0.14,0.0,0.0,64.3,50.4
Shrimp (Cooked),Seafood,50.0,baked,11.92,0.1,0.14,0.0,0.0,65.6,49.3
Shrimp (Cooked),Seafood,50.0,fried,12.15,0.1,0.28,0.0,0.0,53.2,53.4
Shrimp (Cooked),Seafood,50.0,deep_fried,11.84,0.1,0.34,0.0,0.0,44.4,53.2
Shrimp (Cooked),Seafood,75.0,raw,18.06,0.15,0.23,0.0,0.0,75.2,75.0
Shrimp (Cooked),Seafood,75.0,boiled,18.06,0.15,0.22,0.0,0.0,86.6,74.6
Shrimp (Cooked),Seafood,75.0,steamed,17.89,0.15,0.22,0.0,0.0,78.3,73.9
Shrimp (Cooked),Seafood,75.0,grilled,18.06,0.15,0.21,0.0,0.0,64.0,75.1
Shrimp (Cooked),Seafood,75.0,baked,18.17,0.15,0.22,0.0,0.0,66.6,75.6
Shrimp (Cooked),Seafood,75.0,fried,17.7,0.15,0.4,0.0,0.0,51.6,77.1
Shrimp (Cooked),Seafood,75.0,deep_fried,18.07,0.15,0.52,0.0,0.0,45.2,81.6
Shrimp (Cooked),Seafood,100.0,raw,23.55,0.2,0.29,0.0,0.0,73.6,97.0
Shrimp (Cooked),Seafood,100.0,boiled,23.83,0.2,0.29,0.0,0.0,85.6,98.1
Shrimp (Cooked),Seafood,100.0,steamed,24.29,0.2,0.3,0.0,0.0,79.7,100.9
Shrimp (Cooked),Seafood,100.0,grilled,23.9,0.2,0.27,0.0,0.0,63.5,99.1
Shrimp (Cooked),Seafood,100.0,baked,23.79,0.2,0.28,0.0,0.0,65.4,98.4
Shrimp (Cooked),Seafood,100.0,fried,23.96,0.2,0.55,0.0,0.0,52.4,104.9
Shrimp (Cooked),Seafood,100.0,deep_fried,24.37,0.2,0.71,0.0,0.0,45.7,110.4
Shrimp (Cooked),Seafood,150.0,raw,35.51,0.3,0.44,0.0,0.0,74.0,146.5
Shrimp (Cooked),Seafood,150.0,boiled,35.72,0.3,0.43,0.0,0.0,85.6,146.9
Shrimp (Cooked),Seafood,150.0,steamed,36.4,0.3,0.46,0.0,0.0,79.6,151.2
Shrimp (Cooked),Seafood,150.0,grilled,36.5,0.3,0.43,0.0,0.0,64.6,152.3
Shrimp (Cooked),Seafood,150.0,baked,35.97,0.3,0.43,0.0,0.0,65.9,149.2
Shrimp (Cooked),Seafood,150.0,fried,35.67,0.3,0.82,0.0,0.0,52.0,155.8
Shrimp (Cooked),Seafood,150.0,deep_fried,36.57,0.3,1.07,0.0,0.0,45.7,165.8
Shrimp (Cooked),Seafood,200.0,raw,48.57,0.4,0.61,0.0,0.0,75.9,202.1
Shrimp (Cooked),Seafood,200.0,boiled,48.24,0.4,0.59,0.0,0.0,86.7,199.3
Shrimp (Cooked),Seafood,200.0,steamed,47.71,0.4,0.59,0.0,0.0,78.3,197.0
Shrimp (Cooked),Seafood,200.0,grilled,47.98,0.4,0.55,0.0,0.0,63.7,199.2
Shrimp (Cooked),Seafood,200.0,baked,47.94,0.4,0.57,0.0,0.0,65.9,198.8
Shrimp (Cooked),Seafood,200.0,fried,48.12,0.4,1.12,0.0,0.0,52.6,211.0
Shrimp (Cooked),Seafood,200.0,deep_fried,48.52,0.4,1.41,0.0,0.0,45.5,219.6
Shrimp (Cooked),Seafood,250.0,raw,60.4,0.5,0.76,0.0,0.0,75.5,250.9
Shrimp (Cooked),Seafood,250.0,boiled,59.52,0.5,0.72,0.0,0.0,85.6,244.9
Shrimp (Cooked),Seafood,250.0,steamed,60.62,0.51,0.76,0.0,0.0,79.6,251.7
Shrimp (Cooked),Seafood,250.0,grilled,60.14,0.5,0.69,0.0,0.0,63.9,249.9
Shrimp (Cooked),Seafood,250.0,baked,60.31,0.5,0.72,0.0,0.0,66.3,250.7
Shrimp (Cooked),Seafood,250.0,fried,60.66,0.51,1.42,0.0,0.0,53.1,266.7
Shrimp (Cooked),Seafood,250.0,deep_fried,59.5,0.5,1.7,0.0,0.0,44.6,267.6
Shrimp (Cooked),Seafood,300.0,raw,71.98,0.6,0.9,0.0,0.0,75.0,298.3
Shrimp (Cooked),Seafood,300.0,boiled,71.71,0.6,0.87,0.0,0.0,85.9,295.4
Shrimp (Cooked),Seafood,300.0,steamed,71.15,0.59,0.87,0.0,0.0,77.8,293.1
Shrimp (Cooked),Seafood,300.0,grilled,72.19,0.6,0.83,0.0,0.0,63.9,300.0
Shrimp (Cooked),Seafood,300.0,baked,73.36,0.61,0.89,0.0,0.0,67.2,306.3
Shrimp (Cooked),Seafood,300.0,fried,71.01,0.59,1.62,0.0,0.0,51.8,309.6
Shrimp (Cooked),Seafood,300.0,deep_fried,71.98,0.6,2.07,0.0,0.0,45.0,324.6
Shrimp (Cooked),Seafood,400.0,raw,96.46,0.8,1.21,0.0,0.0,75.4,400.4
Shrimp (Cooked),Seafood,400.0,boiled,96.09,0.8,1.18,0.0,0.0,86.3,396.6
Shrimp (Cooked),Seafood,400.0,steamed,95.92,0.8,1.19,0.0,0.0,78.7,396.7
Shrimp (Cooked),Seafood,400.0,grilled,95.06,0.79,1.08,0.0,0.0,63.1,393.4
Shrimp (Cooked),Seafood,400.0,baked,96.17,0.8,1.14,0.0,0.0,66.1,399.2
Shrimp (Cooked),Seafood,400.0,fried,95.46,0.8,2.19,0.0,0.0,52.2,417.4
Shrimp (Cooked),Seafood,400.0,deep_fried,94.42,0.79,2.67,0.0,0.0,44.3,423.5
Shrimp (Cooked),Seafood,500.0,raw,121.08,1.01,1.53,0.0,0.0,75.7,503.4
Shrimp (Cooked),Seafood,500.0,boiled,120.86,1.01,1.49,0.0,0.0,86.9,499.9
Shrimp (Cooked),Seafood,500.0,steamed,120.05,1.0,1.49,0.0,0.0,78.8,496.7
Shrimp (Cooked),Seafood,500.0,grilled,120.21,1.0,1.38,0.0,0.0,63.9,499.4
Shrimp (Cooked),Seafood,500.0,baked,120.97,1.01,1.45,0.0,0.0,66.5,503.3
Shrimp (Cooked),Seafood,500.0,fried,120.2,1.0,2.78,0.0,0.0,52.6,526.8
Shrimp (Cooked),Seafood,500.0,deep_fried,120.81,1.01,3.5,0.0,0.0,45.3,546.1
Tilapia (Cooked),Seafood,30.0,raw,7.84,0.0,0.81,0.0,0.0,70.8,38.6
Tilapia (Cooked),Seafood,30.0,boiled,7.94,0.0,0.81,0.0,0.0,82.5,39.0
Tilapia (Cooked),Seafood,30.0,steamed,7.88,0.0,0.81,0.0,0.0,74.7,38.8
Tilapia (Cooked),Seafood,30.0,grilled,7.87,0.0,0.75,0.0,0.0,60.4,38.4
Tilapia (Cooked),Seafood,30.0,baked,7.79,0.0,0.75,0.0,0.0,61.9,37.9
Tilapia (Cooked),Seafood,30.0,fried,7.88,0.0,1.5,0.0,0.0,49.8,45.9
Tilapia (Cooked),Seafood,30.0,deep_fried,7.81,0.0,1.84,0.0,0.0,42.3,49.1
Tilapia (Cooked),Seafood,50.0,raw,13.04,0.0,1.34,0.0,0.0,70.7,64.1
Tilapia (Cooked),Seafood,50.0,boiled,13.02,0.0,1.31,0.0,0.0,81.2,63.5
Tilapia (Cooked),Seafood,50.0,steamed,13.0,0.0,1.32,0.0,0.0,74.0,63.6
Tilapia (Cooked),Seafood,50.0,grilled,13.31,0.0,1.28,0.0,0.0,61.3,65.4
Tilapia (Cooked),Seafood,50.0,baked,13.23,0.0,1.31,0.0,0.0,63.1,65.1
Tilapia (Cooked),Seafood,50.0,fried,13.29,0.0,2.57,0.0,0.0,50.4,78.1
Tilapia (Cooked),Seafood,50.0,deep_fried,12.98,0.0,3.05,0.0,0.0,42.2,81.5
Tilapia (Cooked),Seafood,75.0,raw,19.66,0.0,2.03,0.0,0.0,71.0,96.9
Tilapia (Cooked),Seafood,75.0,boiled,19.46,0.0,1.95,0.0,0.0,80.9,94.7
Tilapia (Cooked),Seafood,75.0,steamed,19.55,0.0,1.98,0.0,0.0,74.2,95.7
Tilapia (Cooked),Seafood,75.0,grilled,19.51,0.0,1.84,0.0,0.0,59.9,94.9
Tilapia (Cooked),Seafood,75.0,baked,19.83,0.0,1.96,0.0,0.0,63.1,97.5
Tilapia (Cooked),Seafood,75.0,fried,19.59,0.0,3.72,0.0,0.0,49.6,114.0
Tilapia (Cooked),Seafood,75.0,deep_fried,19.81,0.0,4.73,0.0,0.0,42.9,125.6
Tilapia (Cooked),Seafood,100.0,raw,26.32,0.0,2.72,0.0,0.0,71.3,129.9
Tilapia (Cooked),Seafood,100.0,boiled,26.65,0.0,2.74,0.0,0.0,83.1,131.5
Tilapia (Cooked),Seafood,100.0,steamed,25.91,0.0,2.61,0.0,0.0,73.7,126.5
Tilapia (Cooked),Seafood,100.0,grilled,26.45,0.0,2.53,0.0,0.0,60.9,129.6
Tilapia (Cooked),Seafood,100.0,baked,26.43,0.0,2.61,0.0,0.0,63.0,129.9
Tilapia (Cooked),Seafood,100.0,fried,26.01,0.0,4.92,0.0,0.0,49.3,151.0
Tilapia (Cooked),Seafood,100.0,deep_fried,26.4,0.0,6.3,0.0,0.0,42.9,167.4
Tilapia (Cooked),Seafood,150.0,raw,39.4,0.0,4.07,0.0,0.0,71.2,194.4
Tilapia (Cooked),Seafood,150.0,boiled,39.23,0.0,3.96,0.0,0.0,81.5,191.7
Tilapia (Cooked),Seafood,150.0,steamed,39.06,0.0,3.96,0.0,0.0,74.1,191.2
Tilapia (Cooked),Seafood,150.0,grilled,39.09,0.0,3.69,0.0,0.0,60.0,190.2
Tilapia (Cooked),Seafood,150.0,baked,39.9,0.0,3.97,0.0,0.0,63.4,196.9
Tilapia (Cooked),Seafood,150.0,fried,39.3,0.0,7.49,0.0,0.0,49.7,229.1
Tilapia (Cooked),Seafood,150.0,deep_fried,39.53,0.0,9.42,0.0,0.0,42.8,250.4
Tilapia (Cooked),Seafood,200.0,raw,52.09,0.0,5.34,0.0,0.0,70.6,255.9
Tilapia (Cooked),Seafood,200.0,boiled,52.09,0.0,5.23,0.0,0.0,81.2,254.0
Tilapia (Cooked),Seafood,200.0,steamed,52.83,0.0,5.43,0.0,0.0,75.2,260.4
Tilapia (Cooked),Seafood,200.0,grilled,51.87,0.0,4.87,0.0,0.0,59.7,251.9
Tilapia (Cooked),Seafood,200.0,baked,52.24,0.0,5.1,0.0,0.0,62.3,255.4
Tilapia (Cooked),Seafood,200.0,fried,52.41,0.0,10.0,0.0,0.0,49.7,305.6
Tilapia (Cooked),Seafood,200.0,deep_fried,52.44,0.0,12.44,0.0,0.0,42.6,331.2
Tilapia (Cooked),Seafood,250.0,raw,65.41,0.0,6.73,0.0,0.0,70.9,322.1
Tilapia (Cooked),Seafood,250.0,boiled,65.69,0.0,6.65,0.0,0.0,81.9,321.7
Tilapia (Cooked),Seafood,250.0,steamed,65.84,0.0,6.75,0.0,0.0,74.9,324.1
Tilapia (Cooked),Seafood,250.0,grilled,65.86,0.0,6.28,0.0,0.0,60.7,322.2
Tilapia (Cooked),Seafood,250.0,baked,65.02,0.0,6.32,0.0,0.0,62.0,317.2
Tilapia (Cooked),Seafood,250.0,fried,65.36,0.0,12.43,0.0,0.0,49.6,380.5
Tilapia (Cooked),Seafood,250.0,deep_fried,66.09,0.0,15.8,0.0,0.0,43.0,419.4
Tilapia (Cooked),Seafood,300.0,raw,79.13,0.0,8.21,0.0,0.0,71.5,391.2
Tilapia (Cooked),Seafood,300.0,boiled,77.79,0.0,7.77,0.0,0.0,80.8,378.4
Tilapia (Cooked),Seafood,300.0,steamed,78.81,0.0,8.06,0.0,0.0,74.7,387.5
Tilapia (Cooked),Seafood,300.0,grilled,77.43,0.0,7.23,0.0,0.0,59.5,375.1
Tilapia (Cooked),Seafood,300.0,baked,78.63,0.0,7.7,0.0,0.0,62.5,385.1
Tilapia (Cooked),Seafood,300.0,fried,79.72,0.0,15.41,0.0,0.0,50.4,468.5
Tilapia (Cooked),Seafood,300.0,deep_fried,78.04,0.0,18.37,0.0,0.0,42.3,490.5
Tilapia (Cooked),Seafood,400.0,raw,104.14,0.0,10.66,0.0,0.0,70.6,511.5
Tilapia (Cooked),Seafood,400.0,boiled,105.4,0.0,10.71,0.0,0.0,82.1,516.9
Tilapia (Cooked),Seafood,400.0,steamed,103.59,0.0,10.44,0.0,0.0,73.7,505.8
Tilapia (Cooked),Seafood,400.0,grilled,104.3,0.0,9.84,0.0,0.0,60.1,507.7
Tilapia (Cooked),Seafood,400.0,baked,105.27,0.0,10.35,0.0,0.0,62.8,516.5
Tilapia (Cooked),Seafood,400.0,fried,104.3,0.0,19.79,0.0,0.0,49.5,606.4
Tilapia (Cooked),Seafood,400.0,deep_fried,104.61,0.0,24.75,0.0,0.0,42.5,659.6
Tilapia (Cooked),Seafood,500.0,raw,131.73,0.0,13.65,0.0,0.0,71.4,650.8
Tilapia (Cooked),Seafood,500.0,boiled,131.41,0.0,13.31,0.0,0.0,81.9,643.6
Tilapia (Cooked),Seafood,500.0,steamed,131.26,0.0,13.42,0.0,0.0,74.7,645.2
Tilapia (Cooked),Seafood,500.0,grilled,130.67,0.0,12.36,0.0,0.0,60.2,636.7
Tilapia (Cooked),Seafood,500.0,baked,131.36,0.0,12.9,0.0,0.0,62.7,644.1
Tilapia (Cooked),Seafood,500.0,fried,130.88,0.0,24.93,0.0,0.0,49.7,762.6
Tilapia (Cooked),Seafood,500.0,deep_fried,131.45,0.0,31.26,0.0,0.0,42.7,831.4
"Sardines (in Oil, Canned)",Seafood,30.0,raw,7.35,0.0,3.42,0.0,0.0,59.8,60.3
"Sardines (in Oil, Canned)",Seafood,30.0,boiled,7.37,0.0,3.37,0.0,0.0,68.9,59.7
"Sardines (in Oil, Canned)",Seafood,30.0,steamed,7.33,0.0,3.36,0.0,0.0,62.5,59.5
"Sardines (in Oil, Canned)",Seafood,30.0,grilled,7.38,0.0,3.17,0.0,0.0,51.0,58.6
"Sardines (in Oil, Canned)",Seafood,30.0,baked,7.34,0.0,3.24,0.0,0.0,52.5,58.8
"Sardines (in Oil, Canned)",Seafood,30.0,fried,7.32,0.0,6.28,0.0,0.0,41.6,85.9
"Sardines (in Oil, Canned)",Seafood,30.0,deep_fried,7.39,0.0,7.97,0.0,0.0,36.1,101.8
"Sardines (in Oil, Canned)",Seafood,50.0,raw,12.32,0.0,5.77,0.0,0.0,60.1,101.5
"Sardines (in Oil, Canned)",Seafood,50.0,boiled,12.37,0.0,5.7,0.0,0.0,69.4,100.9
"Sardines (in Oil, Canned)",Seafood,50.0,steamed,12.26,0.0,5.66,0.0,0.0,62.8,100.0
"Sardines (in Oil, Canned)",Seafood,50.0,grilled,12.34,0.0,5.32,0.0,0.0,51.2,98.3
"Sardines (in Oil, Canned)",Seafood,50.0,baked,12.35,0.0,5.51,0.0,0.0,53.0,99.8
"Sardines (in Oil, Canned)",Seafood,50.0,fried,12.34,0.0,10.71,0.0,0.0,42.1,146.3
"Sardines (in Oil, Canned)",Seafood,50.0,deep_fried,12.22,0.0,13.06,0.0,0.0,35.8,166.8
"Sardines (in Oil, Canned)",Seafood,75.0,raw,18.47,0.0,8.64,0.0,0.0,60.1,152.1
"Sardines (in Oil, Canned)",Seafood,75.0,boiled,18.5,0.0,8.5,0.0,0.0,69.2,150.5
"Sardines (in Oil, Canned)",Seafood,75.0,steamed,18.45,0.0,8.54,0.0,0.0,63.0,150.8
"Sardines (in Oil, Canned)",Seafood,75.0,grilled,18.16,0.0,7.69,0.0,0.0,50.2,142.7
"Sardines (in Oil, Canned)",Seafood,75.0,baked,18.47,0.0,8.21,0.0,0.0,52.9,148.9
"Sardines (in Oil, Canned)",Seafood,75.0,fried,18.76,0.0,16.49,0.0,0.0,42.7,225.2
"Sardines (in Oil, Canned)",Seafood,75.0,deep_fried,18.4,0.0,19.73,0.0,0.0,35.9,252.0
"Sardines (in Oil, Canned)",Seafood,100.0,raw,24.47,0.0,11.37,0.0,0.0,59.7,200.4
"Sardines (in Oil, Canned)",Seafood,100.0,boiled,24.67,0.0,11.33,0.0,0.0,69.2,200.6
"Sardines (in Oil, Canned)",Seafood,100.0,steamed,24.66,0.0,11.44,0.0,0.0,63.1,202.0
"Sardines (in Oil, Canned)",Seafood,100.0,grilled,24.82,0.0,10.77,0.0,0.0,51.5,198.7
"Sardines (in Oil, Canned)",Seafood,100.0,baked,24.37,0.0,10.72,0.0,0.0,52.3,194.8
"Sardines (in Oil, Canned)",Seafood,100.0,fried,24.73,0.0,21.51,0.0,0.0,42.2,293.9
"Sardines (in Oil, Canned)",Seafood,100.0,deep_fried,24.71,0.0,26.68,0.0,0.0,36.2,340.7
"Sardines (in Oil, Canned)",Seafood,150.0,raw,36.86,0.0,17.21,0.0,0.0,59.9,303.0
"Sardines (in Oil, Canned)",Seafood,150.0,boiled,36.99,0.0,16.99,0.0,0.0,69.2,300.8
"Sardines (in Oil, Canned)",Seafood,150.0,steamed,37.18,0.0,17.34,0.0,0.0,63.5,305.8
"Sardines (in Oil, Canned)",Seafood,150.0,grilled,37.14,0.0,16.08,0.0,0.0,51.3,296.8
"Sardines (in Oil, Canned)",Seafood,150.0,baked,36.58,0.0,16.11,0.0,0.0,52.3,292.7
"Sardines (in Oil, Canned)",Seafood,150.0,fried,37.13,0.0,32.31,0.0,0.0,42.3,441.4
"Sardines (in Oil, Canned)",Seafood,150.0,deep_fried,36.88,0.0,39.64,0.0,0.0,36.0,506.3
"Sardines (in Oil, Canned)",Seafood,200.0,raw,49.23,0.0,23.03,0.0,0.0,60.0,405.2
"Sardines (in Oil, Canned)",Seafood,200.0,boiled,49.23,0.0,22.56,0.0,0.0,69.0,399.7
"Sardines (in Oil, Canned)",Seafood,200.0,steamed,49.14,0.0,22.72,0.0,0.0,62.9,401.4
"Sardines (in Oil, Canned)",Seafood,200.0,grilled,49.64,0.0,21.54,0.0,0.0,51.5,397.4
"Sardines (in Oil, Canned)",Seafood,200.0,baked,49.17,0.0,21.82,0.0,0.0,52.8,395.8
"Sardines (in Oil, Canned)",Seafood,200.0,fried,48.79,0.0,41.84,0.0,0.0,41.6,572.3
"Sardines (in Oil, Canned)",Seafood,200.0,deep_fried,49.05,0.0,52.59,0.0,0.0,35.9,671.7
"Sardines (in Oil, Canned)",Seafood,250.0,raw,61.58,0.0,28.83,0.0,0.0,60.1,507.2
"Sardines (in Oil, Canned)",Seafood,250.0,boiled,62.07,0.0,28.69,0.0,0.0,69.6,507.4
"Sardines (in Oil, Canned)",Seafood,250.0,steamed,61.78,0.0,28.72,0.0,0.0,63.3,506.8
"Sardines (in Oil, Canned)",Seafood,250.0,grilled,61.11,0.0,26.11,0.0,0.0,50.7,483.5
"Sardines (in Oil, Canned)",Seafood,250.0,baked,62.65,0.0,28.33,0.0,0.0,53.8,511.8
"Sardines (in Oil, Canned)",Seafood,250.0,fried,61.62,0.0,53.4,0.0,0.0,42.1,729.8
"Sardines (in Oil, Canned)",Seafood,250.0,deep_fried,62.09,0.0,67.39,0.0,0.0,36.3,860.5
"Sardines (in Oil, Canned)",Seafood,300.0,raw,73.72,0.0,34.42,0.0,0.0,59.9,605.9
"Sardines (in Oil, Canned)",Seafood,300.0,boiled,74.1,0.0,34.08,0.0,0.0,69.3,603.3
"Sardines (in Oil, Canned)",Seafood,300.0,steamed,74.26,0.0,34.59,0.0,0.0,63.4,610.1
"Sardines (in Oil, Canned)",Seafood,300.0,grilled,74.47,0.0,32.32,0.0,0.0,51.5,596.2
"Sardines (in Oil, Canned)",Seafood,300.0,baked,74.39,0.0,33.29,0.0,0.0,53.2,602.7
"Sardines (in Oil, Canned)",Seafood,300.0,fried,74.28,0.0,64.66,0.0,0.0,42.3,883.4
"Sardines (in Oil, Canned)",Seafood,300.0,deep_fried,73.63,0.0,78.97,0.0,0.0,35.9,1008.7
"Sardines (in Oil, Canned)",Seafood,400.0,raw,97.98,0.0,45.61,0.0,0.0,59.7,803.4
"Sardines (in Oil, Canned)",Seafood,400.0,boiled,98.65,0.0,45.3,0.0,0.0,69.2,802.1
"Sardines (in Oil, Canned)",Seafood,400.0,steamed,99.09,0.0,46.18,0.0,0.0,63.4,814.5
"Sardines (in Oil, Canned)",Seafood,400.0,grilled,98.24,0.0,42.18,0.0,0.0,50.9,780.1
"Sardines (in Oil, Canned)",Seafood,400.0,baked,99.19,0.0,44.4,0.0,0.0,53.2,803.8
"Sardines (in Oil, Canned)",Seafood,400.0,fried,99.47,0.0,86.95,0.0,0.0,42.5,1187.7
"Sardines (in Oil, Canned)",Seafood,400.0,deep_fried,97.72,0.0,104.35,0.0,0.0,35.8,1333.1
"Sardines (in Oil, Canned)",Seafood,500.0,raw,122.23,0.0,56.78,0.0,0.0,59.6,1000.6
"Sardines (in Oil, Canned)",Seafood,500.0,boiled,122.87,0.0,56.23,0.0,0.0,68.9,996.4
"Sardines (in Oil, Canned)",Seafood,500.0,steamed,123.28,0.0,57.19,0.0,0.0,63.1,1009.7
"Sardines (in Oil, Canned)",Seafood,500.0,grilled,122.52,0.0,52.48,0.0,0.0,50.8,971.2
"Sardines (in Oil, Canned)",Seafood,500.0,baked,124.25,0.0,55.73,0.0,0.0,53.3,1008.5
"Sardines (in Oil, Canned)",Seafood,500.0,fried,123.39,0.0,107.05,0.0,0.0,42.1,1462.9
"Sardines (in Oil, Canned)",Seafood,500.0,deep_fried,123.04,0.0,132.33,0.0,0.0,36.0,1690.1
Whole Egg,Dairy & Eggs,30.0,raw,3.74,0.24,2.79,0.0,0.12,75.3,41.0
Whole Egg,Dairy & Eggs,30.0,boiled,3.74,0.24,2.74,0.0,0.12,86.7,40.4
Whole Egg,Dairy & Eggs,30.0,steamed,3.79,0.24,2.83,0.0,0.12,80.1,41.7
Whole Egg,Dairy & Eggs,30.0,grilled,3.72,0.24,2.54,0.0,0.12,63.7,39.0
Whole Egg,Dairy & Eggs,30.0,baked,3.81,0.24,2.75,0.0,0.12,67.5,41.3
Whole Egg,Dairy & Eggs,30.0,fried,3.78,0.24,5.26,0.0,0.12,53.2,63.3
Whole Egg,Dairy & Eggs,30.0,deep_fried,3.87,0.25,6.87,0.0,0.12,46.8,78.6
Whole Egg,Dairy & Eggs,50.0,raw,6.41,0.41,4.91,0.0,0.2,77.4,72.0
Whole Egg,Dairy & Eggs,50.0,boiled,6.29,0.4,4.64,0.0,0.2,87.4,68.4
Whole Egg,Dairy & Eggs,50.0,steamed,6.29,0.4,4.69,0.0,0.2,79.8,69.0
Whole Egg,Dairy & Eggs,50.0,grilled,6.35,0.4,4.44,0.0,0.2,65.2,67.8
Whole Egg,Dairy & Eggs,50.0,baked,6.38,0.41,4.63,0.0,0.2,67.8,69.6
Whole Egg,Dairy & Eggs,50.0,fried,6.22,0.4,8.57,0.0,0.2,52.6,103.1
Whole Egg,Dairy & Eggs,50.0,deep_fried,6.22,0.39,10.63,0.0,0.2,45.0,121.4
Whole Egg,Dairy & Eggs,75.0,raw,9.41,0.6,7.06,0.0,0.3,75.7,103.7
Whole Egg,Dairy & Eggs,75.0,boiled,9.49,0.6,7.04,0.0,0.3,87.9,103.8
Whole Egg,Dairy & Eggs,75.0,steamed,9.49,0.6,7.11,0.0,0.3,80.2,104.6
Whole Egg,Dairy & Eggs,75.0,grilled,9.53,0.6,6.66,0.0,0.3,65.2,101.8
Whole Egg,Dairy & Eggs,75.0,baked,9.36,0.59,6.65,0.0,0.3,66.4,100.2
Whole Egg,Dairy & Eggs,75.0,fried,9.29,0.59,12.72,0.0,0.3,52.3,153.1
Whole Egg,Dairy & Eggs,75.0,deep_fried,9.51,0.6,16.6,0.0,0.3,46.0,189.7
Whole Egg,Dairy & Eggs,100.0,raw,12.52,0.8,9.38,0.0,0.4,75.6,137.8
Whole Egg,Dairy & Eggs,100.0,boiled,12.41,0.79,9.03,0.0,0.4,86.2,133.4
Whole Egg,Dairy & Eggs,100.0,steamed,12.61,0.8,9.43,0.0,0.4,80.0,138.7
Whole Egg,Dairy & Eggs,100.0,grilled,12.67,0.8,8.84,0.0,0.4,65.1,135.1
Whole Egg,Dairy & Eggs,100.0,baked,12.59,0.8,9.01,0.0,0.4,66.9,135.6
Whole Egg,Dairy & Eggs,100.0,fried,12.56,0.8,17.45,0.0,0.4,53.1,210.0
Whole Egg,Dairy & Eggs,100.0,deep_fried,12.58,0.8,21.8,0.0,0.4,45.6,249.1
Whole Egg,Dairy & Eggs,150.0,raw,18.85,1.2,14.17,0.0,0.6,75.9,208.0
Whole Egg,Dairy & Eggs,150.0,boiled,18.71,1.19,13.68,0.0,0.6,86.6,202.0
Whole Egg,Dairy & Eggs,150.0,steamed,18.8,1.19,13.96,0.0,0.6,79.5,205.5
Whole Egg,Dairy & Eggs,150.0,grilled,18.97,1.2,13.21,0.0,0.6,64.9,201.9
Whole Egg,Dairy & Eggs,150.0,baked,18.95,1.2,13.6,0.0,0.6,67.1,204.6
Whole Egg,Dairy & Eggs,150.0,fried,18.92,1.2,26.43,0.0,0.6,53.3,317.9
Whole Egg,Dairy & Eggs,150.0,deep_fried,18.76,1.19,32.29,0.0,0.6,45.3,368.8
Whole Egg,Dairy & Eggs,200.0,raw,25.17,1.6,18.95,0.0,0.8,76.0,278.1
Whole Egg,Dairy & Eggs,200.0,boiled,24.79,1.57,18.01,0.0,0.8,86.1,266.1
Whole Egg,Dairy & Eggs,200.0,steamed,25.23,1.6,18.86,0.0,0.8,80.0,277.5
Whole Egg,Dairy & Eggs,200.0,grilled,25.47,1.62,17.85,0.0,0.8,65.4,272.7
Whole Egg,Dairy & Eggs,200.0,baked,24.92,1.58,17.65,0.0,0.8,66.2,266.0
Whole Egg,Dairy & Eggs,200.0,fried,25.09,1.59,34.84,0.0,0.8,53.0,419.1
Whole Egg,Dairy & Eggs,200.0,deep_fried,25.26,1.6,43.92,0.0,0.8,45.8,501.9
Whole Egg,Dairy & Eggs,250.0,raw,31.8,2.02,24.2,0.0,1.0,76.8,354.8
Whole Egg,Dairy & Eggs,250.0,boiled,31.39,1.99,23.12,0.0,1.0,87.2,341.0
Whole Egg,Dairy & Eggs,250.0,steamed,31.34,1.99,23.27,0.0,1.0,79.5,342.6
Whole Egg,Dairy & Eggs,250.0,grilled,31.03,1.97,21.2,0.0,1.0,63.7,325.1
Whole Egg,Dairy & Eggs,250.0,baked,31.52,2.0,22.6,0.0,1.0,67.0,340.0
Whole Egg,Dairy & Eggs,250.0,fried,31.98,2.03,45.28,0.0,1.0,54.1,544.9
Whole Egg,Dairy & Eggs,250.0,deep_fried,31.57,2.0,54.85,0.0,1.0,45.8,626.8
Whole Egg,Dairy & Eggs,300.0,raw,37.79,2.4,28.49,0.0,1.2,76.1,418.1
Whole Egg,Dairy & Eggs,300.0,boiled,37.89,2.41,28.06,0.0,1.2,87.7,413.6
Whole Egg,Dairy & Eggs,300.0,steamed,37.8,2.4,28.21,0.0,1.2,79.9,415.1
Whole Egg,Dairy & Eggs,300.0,grilled,37.57,2.39,25.9,0.0,1.2,64.3,396.6
Whole Egg,Dairy & Eggs,300.0,baked,38.03,2.41,27.41,0.0,1.2,67.4,412.1
Whole Egg,Dairy & Eggs,300.0,fried,37.86,2.4,52.9,0.0,1.2,53.4,636.4
Whole Egg,Dairy & Eggs,300.0,deep_fried,37.8,2.4,65.57,0.0,1.2,45.7,749.2
Whole Egg,Dairy & Eggs,400.0,raw,50.03,3.18,37.44,0.0,1.6,75.5,550.0
Whole Egg,Dairy & Eggs,400.0,boiled,50.89,3.23,37.97,0.0,1.6,88.4,559.2
Whole Egg,Dairy & Eggs,400.0,steamed,50.65,3.22,38.0,0.0,1.6,80.3,558.8
Whole Egg,Dairy & Eggs,400.0,grilled,50.19,3.19,34.67,0.0,1.6,64.4,530.7
Whole Egg,Dairy & Eggs,400.0,baked,50.78,3.22,36.64,0.0,1.6,67.5,550.9
Whole Egg,Dairy & Eggs,400.0,fried,50.21,3.19,69.78,0.0,1.6,53.1,839.4
Whole Egg,Dairy & Eggs,400.0,deep_fried,50.1,3.18,86.37,0.0,1.6,45.4,986.7
Whole Egg,Dairy & Eggs,500.0,raw,62.64,3.98,46.96,0.0,2.0,75.7,689.6
Whole Egg,Dairy & Eggs,500.0,boiled,62.16,3.95,45.31,0.0,2.0,86.4,669.2
Whole Egg,Dairy & Eggs,500.0,steamed,63.22,4.01,47.36,0.0,2.0,80.2,696.6
Whole Egg,Dairy & Eggs,500.0,grilled,62.13,3.95,42.5,0.0,2.0,63.8,651.5
Whole Egg,Dairy & Eggs,500.0,baked,62.42,3.96,44.29,0.0,2.0,66.4,667.4
Whole Egg,Dairy & Eggs,500.0,fried,62.02,3.94,85.14,0.0,2.0,52.4,1024.2
Whole Egg,Dairy & Eggs,500.0,deep_fried,62.96,4.0,109.11,0.0,2.0,45.6,1246.8
Egg White,Dairy & Eggs,30.0,raw,3.27,0.21,0.06,0.0,0.21,87.5,14.5
Egg White,Dairy & Eggs,30.0,boiled,3.26,0.21,0.06,0.0,0.21,99.0,14.4
Egg White,Dairy & Eggs,30.0,steamed,3.24,0.21,0.06,0.0,0.21,91.3,14.4
Egg White,Dairy & Eggs,30.0,grilled,3.24,0.21,0.05,0.0,0.21,73.8,14.4
Egg White,Dairy & Eggs,30.0,baked,3.28,0.21,0.06,0.0,0.21,77.4,14.6
Egg White,Dairy & Eggs,30.0,fried,3.26,0.21,0.11,0.0,0.21,61.1,15.5
Egg White,Dairy & Eggs,30.0,deep_fried,3.28,0.21,0.14,0.0,0.21,52.7,16.1
Egg White,Dairy & Eggs,50.0,raw,5.41,0.35,0.1,0.0,0.35,87.0,24.0
Egg White,Dairy & Eggs,50.0,boiled,5.46,0.35,0.1,0.0,0.35,99.0,24.2
Egg White,Dairy & Eggs,50.0,steamed,5.5,0.35,0.1,0.0,0.35,92.9,24.5
Egg White,Dairy & Eggs,50.0,grilled,5.47,0.35,0.09,0.0,0.35,74.8,24.4
Egg White,Dairy & Eggs,50.0,baked,5.43,0.35,0.09,0.0,0.35,76.8,24.1
Egg White,Dairy & Eggs,50.0,fried,5.46,0.35,0.19,0.0,0.35,61.4,26.0
Egg White,Dairy & Eggs,50.0,deep_fried,5.44,0.35,0.23,0.0,0.35,52.5,26.7
Egg White,Dairy & Eggs,75.0,raw,8.18,0.53,0.15,0.0,0.52,87.6,36.4
Egg White,Dairy & Eggs,75.0,boiled,8.16,0.52,0.15,0.0,0.52,99.0,36.1
Egg White,Dairy & Eggs,75.0,steamed,8.16,0.52,0.15,0.0,0.52,91.9,36.2
Egg White,Dairy & Eggs,75.0,grilled,8.19,0.53,0.14,0.0,0.52,74.6,36.5
Egg White,Dairy & Eggs,75.0,baked,8.11,0.52,0.14,0.0,0.52,76.5,36.0
Egg White,Dairy & Eggs,75.0,fried,8.11,0.52,0.27,0.0,0.52,60.9,38.4
Egg White,Dairy & Eggs,75.0,deep_fried,8.09,0.52,0.34,0.0,0.52,52.0,39.6
Egg White,Dairy & Eggs,100.0,raw,10.77,0.69,0.2,0.0,0.7,86.5,47.8
Egg White,Dairy & Eggs,100.0,boiled,10.8,0.69,0.19,0.0,0.7,99.0,47.6
Egg White,Dairy & Eggs,100.0,steamed,10.91,0.7,0.2,0.0,0.7,92.1,48.5
Egg White,Dairy & Eggs,100.0,grilled,10.83,0.7,0.18,0.0,0.7,74.0,48.2
Egg White,Dairy & Eggs,100.0,baked,10.94,0.7,0.19,0.0,0.7,77.4,48.8
Egg White,Dairy & Eggs,100.0,fried,10.9,0.7,0.37,0.0,0.7,61.3,51.8
Egg White,Dairy & Eggs,100.0,deep_fried,10.74,0.69,0.45,0.0,0.7,51.8,52.5
Egg White,Dairy & Eggs,150.0,raw,16.43,1.06,0.3,0.0,1.05,88.0,73.2
Egg White,Dairy & Eggs,150.0,boiled,16.45,1.06,0.3,0.0,1.05,99.0,73.0
Egg White,Dairy & Eggs,150.0,steamed,16.23,1.04,0.29,0.0,1.05,91.3,71.9
Egg White,Dairy & Eggs,150.0,grilled,16.4,1.05,0.28,0.0,1.05,74.7,73.2
Egg White,Dairy & Eggs,150.0,baked,16.24,1.04,0.28,0.0,1.05,76.6,72.2
Egg White,Dairy & Eggs,150.0,fried,16.36,1.05,0.56,0.0,1.05,61.4,77.8
Egg White,Dairy & Eggs,150.0,deep_fried,16.19,1.04,0.68,0.0,1.05,52.1,79.3
Egg White,Dairy & Eggs,200.0,raw,21.51,1.38,0.39,0.0,1.4,86.4,95.3
Egg White,Dairy & Eggs,200.0,boiled,21.74,1.4,0.39,0.0,1.4,99.0,96.2
Egg White,Dairy & Eggs,200.0,steamed,21.78,1.4,0.4,0.0,1.4,91.9,96.7
Egg White,Dairy & Eggs,200.0,grilled,21.73,1.4,0.37,0.0,1.4,74.2,96.8
Egg White,Dairy & Eggs,200.0,baked,21.61,1.39,0.37,0.0,1.4,76.4,95.9
Egg White,Dairy & Eggs,200.0,fried,21.73,1.4,0.74,0.0,1.4,61.1,103.2
Egg White,Dairy & Eggs,200.0,deep_fried,21.84,1.4,0.92,0.0,1.4,52.7,107.4
Egg White,Dairy & Eggs,250.0,raw,27.24,1.75,0.5,0.0,1.75,87.6,121.2
Egg White,Dairy & Eggs,250.0,boiled,27.29,1.75,0.49,0.0,1.75,99.0,120.9
Egg White,Dairy & Eggs,250.0,steamed,27.11,1.74,0.49,0.0,1.75,91.5,120.2
Egg White,Dairy & Eggs,250.0,grilled,27.49,1.77,0.47,0.0,1.75,75.1,122.9
Egg White,Dairy & Eggs,250.0,baked,27.01,1.73,0.47,0.0,1.75,76.4,119.9
Egg White,Dairy & Eggs,250.0,fried,27.35,1.76,0.93,0.0,1.75,61.5,130.1
Egg White,Dairy & Eggs,250.0,deep_fried,27.49,1.77,1.17,0.0,1.75,53.0,135.5
Egg White,Dairy & Eggs,300.0,raw,32.82,2.11,0.6,0.0,2.1,87.9,146.2
Egg White,Dairy & Eggs,300.0,boiled,32.65,2.1,0.59,0.0,2.1,99.0,144.5
Egg White,Dairy & Eggs,300.0,steamed,32.57,2.09,0.59,0.0,2.1,91.6,144.4
Egg White,Dairy & Eggs,300.0,grilled,32.95,2.12,0.56,0.0,2.1,75.0,147.3
Egg White,Dairy & Eggs,300.0,baked,32.35,2.08,0.56,0.0,2.1,76.3,143.6
Egg White,Dairy & Eggs,300.0,fried,32.46,2.08,1.09,0.0,2.1,60.9,153.8
Egg White,Dairy & Eggs,300.0,deep_fried,32.6,2.09,1.37,0.0,2.1,52.4,160.0
Egg White,Dairy & Eggs,400.0,raw,44.0,2.83,0.81,0.0,2.8,88.4,196.4
Egg White,Dairy & Eggs,400.0,boiled,43.72,2.81,0.79,0.0,2.8,99.0,193.8
Egg White,Dairy & Eggs,400.0,steamed,43.28,2.78,0.78,0.0,2.8,91.3,191.7
Egg White,Dairy & Eggs,400.0,grilled,43.5,2.79,0.73,0.0,2.8,74.3,193.7
Egg White,Dairy & Eggs,400.0,baked,43.4,2.79,0.75,0.0,2.8,76.7,193.0
Egg White,Dairy & Eggs,400.0,fried,43.37,2.79,1.46,0.0,2.8,61.0,205.6
Egg White,Dairy & Eggs,400.0,deep_fried,43.92,2.82,1.87,0.0,2.8,52.9,216.4
Egg White,Dairy & Eggs,500.0,raw,53.94,3.46,0.98,0.0,3.5,86.7,239.2
Egg White,Dairy & Eggs,500.0,boiled,55.16,3.54,1.0,0.0,3.5,99.0,245.2
Egg White,Dairy & Eggs,500.0,steamed,54.84,3.52,1.0,0.0,3.5,92.6,244.0
Egg White,Dairy & Eggs,500.0,grilled,54.95,3.53,0.94,0.0,3.5,75.1,245.6
Egg White,Dairy & Eggs,500.0,baked,54.31,3.49,0.94,0.0,3.5,76.8,241.6
Egg White,Dairy & Eggs,500.0,fried,54.44,3.5,1.85,0.0,3.5,61.3,258.6
Egg White,Dairy & Eggs,500.0,deep_fried,53.91,3.46,2.25,0.0,3.5,52.0,264.0
Whole Milk (3.25%),Dairy & Eggs,30.0,raw,0.96,1.43,0.98,0.0,1.53,87.8,18.3
Whole Milk (3.25%),Dairy & Eggs,30.0,boiled,0.96,1.45,0.98,0.0,1.53,99.0,18.4
Whole Milk (3.25%),Dairy & Eggs,30.0,steamed,0.97,1.45,1.0,0.0,1.53,93.4,18.7
Whole Milk (3.25%),Dairy & Eggs,30.0,grilled,0.95,1.43,0.9,0.0,1.53,74.3,17.7
Whole Milk (3.25%),Dairy & Eggs,30.0,baked,0.96,1.44,0.94,0.0,1.53,77.3,18.1
Whole Milk (3.25%),Dairy & Eggs,30.0,fried,0.96,1.44,1.83,0.0,1.53,61.6,26.1
Whole Milk (3.25%),Dairy & Eggs,30.0,deep_fried,0.95,1.42,2.23,0.0,1.53,52.3,29.6
Whole Milk (3.25%),Dairy & Eggs,50.0,raw,1.61,2.41,1.66,0.0,2.55,88.5,31.0
Whole Milk (3.25%),Dairy & Eggs,50.0,boiled,1.59,2.39,1.6,0.0,2.55,99.0,30.1
Whole Milk (3.25%),Dairy & Eggs,50.0,steamed,1.6,2.4,1.63,0.0,2.55,92.4,30.6
Whole Milk (3.25%),Dairy & Eggs,50.0,grilled,1.59,2.39,1.51,0.0,2.55,74.6,29.7
Whole Milk (3.25%),Dairy & Eggs,50.0,baked,1.59,2.39,1.55,0.0,2.55,77.1,29.9
Whole Milk (3.25%),Dairy & Eggs,50.0,fried,1.6,2.4,3.05,0.0,2.55,61.7,43.5
Whole Milk (3.25%),Dairy & Eggs,50.0,deep_fried,1.6,2.4,3.78,0.0,2.55,52.8,50.1
Whole Milk (3.25%),Dairy & Eggs,75.0,raw,2.39,3.59,2.46,0.0,3.82,87.9,46.0
Whole Milk (3.25%),Dairy & Eggs,75.0,boiled,2.39,3.58,2.4,0.0,3.82,99.0,45.2
Whole Milk (3.25%),Dairy & Eggs,75.0,steamed,2.41,3.61,2.46,0.0,3.82,92.7,46.2
Whole Milk (3.25%),Dairy & Eggs,75.0,grilled,2.43,3.64,2.33,0.0,3.82,75.8,45.7
Whole Milk (3.25%),Dairy & Eggs,75.0,baked,2.4,3.6,2.36,0.0,3.82,77.6,45.4
Whole Milk (3.25%),Dairy & Eggs,75.0,fried,2.42,3.63,4.65,0.0,3.82,62.1,66.3
Whole Milk (3.25%),Dairy & Eggs,75.0,deep_fried,2.37,3.56,5.57,0.0,3.82,52.3,73.9
Whole Milk (3.25%),Dairy & Eggs,100.0,raw,3.2,4.81,3.31,0.0,5.1,88.2,61.8
Whole Milk (3.25%),Dairy & Eggs,100.0,boiled,3.17,4.76,3.18,0.0,5.1,99.0,60.0
Whole Milk (3.25%),Dairy & Eggs,100.0,steamed,3.16,4.75,3.19,0.0,5.1,91.5,60.0
Whole Milk (3.25%),Dairy & Eggs,100.0,grilled,3.18,4.77,3.0,0.0,5.1,74.5,59.1
Whole Milk (3.25%),Dairy & Eggs,100.0,baked,3.23,4.84,3.19,0.0,5.1,78.2,61.4
Whole Milk (3.25%),Dairy & Eggs,100.0,fried,3.22,4.83,6.19,0.0,5.1,62.1,88.2
Whole Milk (3.25%),Dairy & Eggs,100.0,deep_fried,3.21,4.81,7.62,0.0,5.1,53.0,101.0
Whole Milk (3.25%),Dairy & Eggs,150.0,raw,4.74,7.12,4.84,0.0,7.65,87.1,90.6
Whole Milk (3.25%),Dairy & Eggs,150.0,boiled,4.79,7.19,4.84,0.0,7.65,99.0,91.1
Whole Milk (3.25%),Dairy & Eggs,150.0,steamed,4.81,7.22,4.92,0.0,7.65,92.7,92.3
Whole Milk (3.25%),Dairy & Eggs,150.0,grilled,4.81,7.21,4.57,0.0,7.65,75.0,89.8
Whole Milk (3.25%),Dairy & Eggs,150.0,baked,4.73,7.1,4.57,0.0,7.65,76.5,88.4
Whole Milk (3.25%),Dairy & Eggs,150.0,fried,4.77,7.15,9.04,0.0,7.65,61.3,129.0
Whole Milk (3.25%),Dairy & Eggs,150.0,deep_fried,4.8,7.2,11.37,0.0,7.65,52.8,150.7
Whole Milk (3.25%),Dairy & Eggs,200.0,raw,6.43,9.64,6.65,0.0,10.2,88.5,124.2
Whole Milk (3.25%),Dairy & Eggs,200.0,boiled,6.29,9.44,6.25,0.0,10.2,99.0,118.1
Whole Milk (3.25%),Dairy & Eggs,200.0,steamed,6.39,9.59,6.52,0.0,10.2,92.4,122.3
Whole Milk (3.25%),Dairy & Eggs,200.0,grilled,6.41,9.61,6.09,0.0,10.2,75.0,119.7
Whole Milk (3.25%),Dairy & Eggs,200.0,baked,6.44,9.66,6.35,0.0,10.2,78.0,122.2
Whole Milk (3.25%),Dairy & Eggs,200.0,fried,6.43,9.65,12.34,0.0,10.2,62.0,175.9
Whole Milk (3.25%),Dairy & Eggs,200.0,deep_fried,6.43,9.64,15.31,0.0,10.2,53.1,202.9
Whole Milk (3.25%),Dairy & Eggs,250.0,raw,7.95,11.93,8.15,0.0,12.75,87.6,152.5
Whole Milk (3.25%),Dairy & Eggs,250.0,boiled,7.89,11.83,7.85,0.0,12.75,99.0,148.3
Whole Milk (3.25%),Dairy & Eggs,250.0,steamed,7.98,11.96,8.12,0.0,12.75,92.2,152.4
Whole Milk (3.25%),Dairy & Eggs,250.0,grilled,8.06,12.09,7.7,0.0,12.75,75.4,151.2
Whole Milk (3.25%),Dairy & Eggs,250.0,baked,8.08,12.13,8.0,0.0,12.75,78.3,153.8
Whole Milk (3.25%),Dairy & Eggs,250.0,fried,8.04,12.06,15.43,0.0,12.75,62.0,219.9
Whole Milk (3.25%),Dairy & Eggs,250.0,deep_fried,8.03,12.04,19.1,0.0,12.75,53.0,253.1
Whole Milk (3.25%),Dairy & Eggs,300.0,raw,9.63,14.44,9.96,0.0,15.3,88.4,185.9
Whole Milk (3.25%),Dairy & Eggs,300.0,boiled,9.56,14.34,9.62,0.0,15.3,99.0,181.2
Whole Milk (3.25%),Dairy & Eggs,300.0,steamed,9.59,14.39,9.78,0.0,15.3,92.4,183.5
Whole Milk (3.25%),Dairy & Eggs,300.0,grilled,9.72,14.58,9.34,0.0,15.3,75.8,183.0
Whole Milk (3.25%),Dairy & Eggs,300.0,baked,9.53,14.3,9.27,0.0,15.3,77.0,179.0
Whole Milk (3.25%),Dairy & Eggs,300.0,fried,9.72,14.57,18.76,0.0,15.3,62.4,267.2
Whole Milk (3.25%),Dairy & Eggs,300.0,deep_fried,9.58,14.37,22.66,0.0,15.3,52.7,300.4
Whole Milk (3.25%),Dairy & Eggs,400.0,raw,12.93,19.39,13.46,0.0,20.4,89.0,250.9
Whole Milk (3.25%),Dairy & Eggs,400.0,boiled,12.66,19.0,12.66,0.0,20.4,99.0,238.9
Whole Milk (3.25%),Dairy & Eggs,400.0,steamed,12.86,19.28,13.18,0.0,20.4,92.9,247.0
Whole Milk (3.25%),Dairy & Eggs,400.0,grilled,12.73,19.09,12.01,0.0,20.4,74.5,236.5
Whole Milk (3.25%),Dairy & Eggs,400.0,baked,12.66,19.0,12.27,0.0,20.4,76.7,237.2
Whole Milk (3.25%),Dairy & Eggs,400.0,fried,12.82,19.23,24.5,0.0,20.4,61.8,349.3
Whole Milk (3.25%),Dairy & Eggs,400.0,deep_fried,12.9,19.35,30.82,0.0,20.4,53.3,408.3
Whole Milk (3.25%),Dairy & Eggs,500.0,raw,15.9,23.85,16.29,0.0,25.5,87.5,304.8
Whole Milk (3.25%),Dairy & Eggs,500.0,boiled,15.82,23.73,15.81,0.0,25.5,99.0,298.3
Whole Milk (3.25%),Dairy & Eggs,500.0,steamed,15.99,23.98,16.31,0.0,25.5,92.4,306.0
Whole Milk (3.25%),Dairy & Eggs,500.0,grilled,15.99,23.98,15.16,0.0,25.5,74.8,298.2
Whole Milk (3.25%),Dairy & Eggs,500.0,baked,16.07,24.1,15.8,0.0,25.5,77.8,304.3
Whole Milk (3.25%),Dairy & Eggs,500.0,fried,16.11,24.17,30.96,0.0,25.5,62.1,441.2
Whole Milk (3.25%),Dairy & Eggs,500.0,deep_fried,15.99,23.99,37.92,0.0,25.5,52.8,502.5
Skim Milk,Dairy & Eggs,30.0,raw,1.03,1.52,0.03,0.0,1.53,92.1,10.5
Skim Milk,Dairy & Eggs,30.0,boiled,1.02,1.5,0.03,0.0,1.53,99.0,10.3
Skim Milk,Dairy & Eggs,30.0,steamed,1.02,1.5,0.03,0.0,1.53,95.1,10.3
Skim Milk,Dairy & Eggs,30.0,grilled,1.01,1.48,0.03,0.0,1.53,76.2,10.2
Skim Milk,Dairy & Eggs,30.0,baked,1.02,1.5,0.03,0.0,1.53,79.7,10.4
Skim Milk,Dairy & Eggs,30.0,fried,1.02,1.5,0.06,0.0,1.53,63.4,10.9
Skim Milk,Dairy & Eggs,30.0,deep_fried,1.03,1.51,0.07,0.0,1.53,54.9,11.3
Skim Milk,Dairy & Eggs,50.0,raw,1.71,2.51,0.05,0.0,2.55,91.1,17.3
Skim Milk,Dairy & Eggs,50.0,boiled,1.68,2.48,0.05,0.0,2.55,99.0,17.0
Skim Milk,Dairy & Eggs,50.0,steamed,1.7,2.5,0.05,0.0,2.55,95.5,17.2
Skim Milk,Dairy & Eggs,50.0,grilled,1.71,2.51,0.05,0.0,2.55,77.6,17.4
Skim Milk,Dairy & Eggs,50.0,baked,1.72,2.53,0.05,0.0,2.55,80.8,17.5
Skim Milk,Dairy & Eggs,50.0,fried,1.71,2.52,0.09,0.0,2.55,64.0,18.3
Skim Milk,Dairy & Eggs,50.0,deep_fried,1.71,2.51,0.12,0.0,2.55,54.8,18.9
Skim Milk,Dairy & Eggs,75.0,raw,2.55,3.75,0.08,0.0,3.82,90.8,25.9
Skim Milk,Dairy & Eggs,75.0,boiled,2.56,3.76,0.07,0.0,3.82,99.0,25.8
Skim Milk,Dairy & Eggs,75.0,steamed,2.57,3.79,0.08,0.0,3.82,96.2,26.2
Skim Milk,Dairy & Eggs,75.0,grilled,2.52,3.71,0.07,0.0,3.82,76.4,25.5
Skim Milk,Dairy & Eggs,75.0,baked,2.54,3.74,0.07,0.0,3.82,79.7,25.8
Skim Milk,Dairy & Eggs,75.0,fried,2.54,3.73,0.14,0.0,3.82,63.2,27.1
Skim Milk,Dairy & Eggs,75.0,deep_fried,2.56,3.76,0.17,0.0,3.82,54.6,28.2
Skim Milk,Dairy & Eggs,100.0,raw,3.43,5.05,0.1,0.0,5.1,91.6,34.9
Skim Milk,Dairy & Eggs,100.0,boiled,3.38,4.98,0.1,0.0,5.1,99.0,34.1
Skim Milk,Dairy & Eggs,100.0,steamed,3.34,4.91,0.1,0.0,5.1,93.6,33.6
Skim Milk,Dairy & Eggs,100.0,grilled,3.39,4.98,0.09,0.0,5.1,76.9,34.4
Skim Milk,Dairy & Eggs,100.0,baked,3.42,5.03,0.1,0.0,5.1,80.5,34.8
Skim Milk,Dairy & Eggs,100.0,fried,3.41,5.02,0.19,0.0,5.1,63.8,36.6
Skim Milk,Dairy & Eggs,100.0,deep_fried,3.41,5.02,0.23,0.0,5.1,54.7,37.6
Skim Milk,Dairy & Eggs,150.0,raw,5.09,7.48,0.15,0.0,7.65,90.6,51.5
Skim Milk,Dairy & Eggs,150.0,boiled,5.05,7.43,0.14,0.0,7.65,99.0,50.8
Skim Milk,Dairy & Eggs,150.0,steamed,5.12,7.53,0.15,0.0,7.65,95.7,51.9
Skim Milk,Dairy & Eggs,150.0,grilled,5.07,7.45,0.14,0.0,7.65,76.7,51.4
Skim Milk,Dairy & Eggs,150.0,baked,5.18,7.62,0.15,0.0,7.65,81.2,52.9
Skim Milk,Dairy & Eggs,150.0,fried,5.12,7.53,0.28,0.0,7.65,63.8,54.9
Skim Milk,Dairy & Eggs,150.0,deep_fried,5.08,7.47,0.34,0.0,7.65,54.2,55.8
Skim Milk,Dairy & Eggs,200.0,raw,6.77,9.95,0.2,0.0,10.2,90.4,68.5
Skim Milk,Dairy & Eggs,200.0,boiled,6.8,9.99,0.2,0.0,10.2,99.0,68.6
Skim Milk,Dairy & Eggs,200.0,steamed,6.79,9.98,0.2,0.0,10.2,95.2,68.7
Skim Milk,Dairy & Eggs,200.0,grilled,6.86,10.08,0.19,0.0,10.2,77.8,69.9
Skim Milk,Dairy & Eggs,200.0,baked,6.81,10.01,0.19,0.0,10.2,80.0,69.1
Skim Milk,Dairy & Eggs,200.0,fried,6.76,9.95,0.37,0.0,10.2,63.2,72.3
Skim Milk,Dairy & Eggs,200.0,deep_fried,6.9,10.14,0.47,0.0,10.2,55.3,76.3
Skim Milk,Dairy & Eggs,250.0,raw,8.5,12.5,0.25,0.0,12.75,90.8,86.2
Skim Milk,Dairy & Eggs,250.0,boiled,8.55,12.57,0.25,0.0,12.75,99.0,86.5
Skim Milk,Dairy & Eggs,250.0,steamed,8.46,12.44,0.25,0.0,12.75,94.9,85.5
Skim Milk,Dairy & Eggs,250.0,grilled,8.52,12.53,0.23,0.0,12.75,77.4,86.6
Skim Milk,Dairy & Eggs,250.0,baked,8.52,12.53,0.24,0.0,12.75,80.1,86.5
Skim Milk,Dairy & Eggs,250.0,fried,8.38,12.32,0.45,0.0,12.75,62.7,89.3
Skim Milk,Dairy & Eggs,250.0,deep_fried,8.63,12.69,0.59,0.0,12.75,55.3,95.5
Skim Milk,Dairy & Eggs,300.0,raw,10.3,15.15,0.31,0.0,15.3,91.7,104.8
Skim Milk,Dairy & Eggs,300.0,boiled,10.17,14.96,0.29,0.0,15.3,99.0,102.5
Skim Milk,Dairy & Eggs,300.0,steamed,10.12,14.88,0.29,0.0,15.3,94.6,102.1
Skim Milk,Dairy & Eggs,300.0,grilled,10.23,15.04,0.28,0.0,15.3,77.4,104.0
Skim Milk,Dairy & Eggs,300.0,baked,10.21,15.01,0.29,0.0,15.3,80.0,103.6
Skim Milk,Dairy & Eggs,300.0,fried,10.23,15.04,0.56,0.0,15.3,63.7,109.6
Skim Milk,Dairy & Eggs,300.0,deep_fried,10.21,15.02,0.69,0.0,15.3,54.6,112.5
Skim Milk,Dairy & Eggs,400.0,raw,13.65,20.08,0.4,0.0,20.4,91.1,138.5
Skim Milk,Dairy & Eggs,400.0,boiled,13.75,20.22,0.4,0.0,20.4,99.0,139.3
Skim Milk,Dairy & Eggs,400.0,steamed,13.66,20.09,0.4,0.0,20.4,95.7,138.4
Skim Milk,Dairy & Eggs,400.0,grilled,13.49,19.84,0.36,0.0,20.4,76.6,136.6
Skim Milk,Dairy & Eggs,400.0,baked,13.74,20.2,0.39,0.0,20.4,80.7,139.9
Skim Milk,Dairy & Eggs,400.0,fried,13.77,20.25,0.76,0.0,20.4,64.3,148.0
Skim Milk,Dairy & Eggs,400.0,deep_fried,13.92,20.47,0.96,0.0,20.4,55.8,154.4
Skim Milk,Dairy & Eggs,500.0,raw,16.86,24.79,0.49,0.0,25.5,90.0,170.4
Skim Milk,Dairy & Eggs,500.0,boiled,17.03,25.05,0.49,0.0,25.5,99.0,172.0
Skim Milk,Dairy & Eggs,500.0,steamed,16.73,24.61,0.48,0.0,25.5,93.9,168.4
Skim Milk,Dairy & Eggs,500.0,grilled,17.07,25.1,0.46,0.0,25.5,77.5,173.6
Skim Milk,Dairy & Eggs,500.0,baked,16.93,24.9,0.47,0.0,25.5,79.6,171.6
Skim Milk,Dairy & Eggs,500.0,fried,17.25,25.36,0.95,0.0,25.5,64.5,185.5
Skim Milk,Dairy & Eggs,500.0,deep_fried,16.9,24.85,1.14,0.0,25.5,54.2,185.8
Greek Yogurt (Plain 0% fat),Dairy & Eggs,30.0,raw,3.05,1.07,0.12,0.0,0.96,83.9,17.5
Greek Yogurt (Plain 0% fat),Dairy & Eggs,30.0,boiled,3.08,1.08,0.12,0.0,0.96,97.4,17.6
Greek Yogurt (Plain 0% fat),Dairy & Eggs,30.0,steamed,3.04,1.06,0.12,0.0,0.96,87.9,17.4
Greek Yogurt (Plain 0% fat),Dairy & Eggs,30.0,grilled,3.11,1.09,0.11,0.0,0.96,72.7,17.9
Greek Yogurt (Plain 0% fat),Dairy & Eggs,30.0,baked,3.04,1.06,0.11,0.0,0.96,73.6,17.3
Greek Yogurt (Plain 0% fat),Dairy & Eggs,30.0,fried,3.09,1.08,0.22,0.0,0.96,59.5,19.2
Greek Yogurt (Plain 0% fat),Dairy & Eggs,30.0,deep_fried,3.04,1.06,0.27,0.0,0.96,50.2,19.6
Greek Yogurt (Plain 0% fat),Dairy & Eggs,50.0,raw,5.14,1.8,0.2,0.0,1.6,84.8,29.5
Greek Yogurt (Plain 0% fat),Dairy & Eggs,50.0,boiled,5.21,1.82,0.2,0.0,1.6,99.0,29.9
Greek Yogurt (Plain 0% fat),Dairy & Eggs,50.0,steamed,5.16,1.8,0.2,0.0,1.6,89.5,29.6
Greek Yogurt (Plain 0% fat),Dairy & Eggs,50.0,grilled,5.12,1.79,0.18,0.0,1.6,71.8,29.3
Greek Yogurt (Plain 0% fat),Dairy & Eggs,50.0,baked,5.15,1.8,0.19,0.0,1.6,74.8,29.6
Greek Yogurt (Plain 0% fat),Dairy & Eggs,50.0,fried,5.15,1.8,0.37,0.0,1.6,59.5,32.1
Greek Yogurt (Plain 0% fat),Dairy & Eggs,50.0,deep_fried,5.17,1.81,0.46,0.0,1.6,51.2,33.6
Greek Yogurt (Plain 0% fat),Dairy & Eggs,75.0,raw,7.65,2.67,0.29,0.0,2.4,84.1,43.7
Greek Yogurt (Plain 0% fat),Dairy & Eggs,75.0,boiled,7.76,2.71,0.3,0.0,2.4,98.2,44.5
Greek Yogurt (Plain 0% fat),Dairy & Eggs,75.0,steamed,7.57,2.65,0.28,0.0,2.4,87.4,43.0
Greek Yogurt (Plain 0% fat),Dairy & Eggs,75.0,grilled,7.69,2.69,0.27,0.0,2.4,71.9,44.1
Greek Yogurt (Plain 0% fat),Dairy & Eggs,75.0,baked,7.7,2.69,0.28,0.0,2.4,74.5,44.1
Greek Yogurt (Plain 0% fat),Dairy & Eggs,75.0,fried,7.76,2.71,0.56,0.0,2.4,59.8,48.4
Greek Yogurt (Plain 0% fat),Dairy & Eggs,75.0,deep_fried,7.73,2.7,0.69,0.0,2.4,51.0,50.1
Greek Yogurt (Plain 0% fat),Dairy & Eggs,100.0,raw,10.19,3.56,0.39,0.0,3.2,84.1,58.3
Greek Yogurt (Plain 0% fat),Dairy & Eggs,100.0,boiled,10.22,3.57,0.39,0.0,3.2,97.0,58.3
Greek Yogurt (Plain 0% fat),Dairy & Eggs,100.0,steamed,10.32,3.61,0.4,0.0,3.2,89.4,59.2
Greek Yogurt (Plain 0% fat),Dairy & Eggs,100.0,grilled,10.29,3.6,0.37,0.0,3.2,72.2,59.1
Greek Yogurt (Plain 0% fat),Dairy & Eggs,100.0,baked,10.26,3.58,0.38,0.0,3.2,74.5,58.8
Greek Yogurt (Plain 0% fat),Dairy & Eggs,100.0,fried,10.26,3.59,0.73,0.0,3.2,59.3,63.8
Greek Yogurt (Plain 0% fat),Dairy & Eggs,100.0,deep_fried,10.35,3.62,0.93,0.0,3.2,51.3,67.3
Greek Yogurt (Plain 0% fat),Dairy & Eggs,150.0,raw,15.39,5.38,0.6,0.0,4.8,84.7,88.3
Greek Yogurt (Plain 0% fat),Dairy & Eggs,150.0,boiled,15.44,5.4,0.59,0.0,4.8,97.7,88.3
Greek Yogurt (Plain 0% fat),Dairy & Eggs,150.0,steamed,15.7,5.49,0.61,0.0,4.8,90.7,90.6
Greek Yogurt (Plain 0% fat),Dairy & Eggs,150.0,grilled,15.29,5.34,0.54,0.0,4.8,71.5,87.4
Greek Yogurt (Plain 0% fat),Dairy & Eggs,150.0,baked,15.24,5.33,0.55,0.0,4.8,73.8,87.1
Greek Yogurt (Plain 0% fat),Dairy & Eggs,150.0,fried,15.54,5.43,1.12,0.0,4.8,59.8,96.9
Greek Yogurt (Plain 0% fat),Dairy & Eggs,150.0,deep_fried,15.37,5.37,1.37,0.0,4.8,50.7,99.5
Greek Yogurt (Plain 0% fat),Dairy & Eggs,200.0,raw,20.55,7.18,0.8,0.0,6.4,84.8,118.0
Greek Yogurt (Plain 0% fat),Dairy & Eggs,200.0,boiled,20.48,7.16,0.77,0.0,6.4,97.2,116.8
Greek Yogurt (Plain 0% fat),Dairy & Eggs,200.0,steamed,20.56,7.19,0.79,0.0,6.4,89.1,117.8
Greek Yogurt (Plain 0% fat),Dairy & Eggs,200.0,grilled,20.85,7.29,0.75,0.0,6.4,73.1,120.3
Greek Yogurt (Plain 0% fat),Dairy & Eggs,200.0,baked,20.72,7.24,0.77,0.0,6.4,75.2,119.3
Greek Yogurt (Plain 0% fat),Dairy & Eggs,200.0,fried,20.73,7.25,1.5,0.0,6.4,59.9,129.4
Greek Yogurt (Plain 0% fat),Dairy & Eggs,200.0,deep_fried,20.38,7.12,1.8,0.0,6.4,50.5,131.6
Greek Yogurt (Plain 0% fat),Dairy & Eggs,250.0,raw,25.53,8.92,0.98,0.0,8.0,84.3,146.2
Greek Yogurt (Plain 0% fat),Dairy & Eggs,250.0,boiled,25.2,8.81,0.94,0.0,8.0,95.7,142.9
Greek Yogurt (Plain 0% fat),Dairy & Eggs,250.0,steamed,25.59,8.95,0.98,0.0,8.0,88.7,146.4
Greek Yogurt (Plain 0% fat),Dairy & Eggs,250.0,grilled,25.93,9.06,0.93,0.0,8.0,72.8,149.3
Greek Yogurt (Plain 0% fat),Dairy & Eggs,250.0,baked,25.85,9.03,0.96,0.0,8.0,75.1,148.7
Greek Yogurt (Plain 0% fat),Dairy & Eggs,250.0,fried,25.71,8.99,1.84,0.0,8.0,59.4,159.9
Greek Yogurt (Plain 0% fat),Dairy & Eggs,250.0,deep_fried,25.75,9.0,2.3,0.0,8.0,51.0,167.0
Greek Yogurt (Plain 0% fat),Dairy & Eggs,300.0,raw,30.74,10.74,1.19,0.0,9.6,84.6,176.3
Greek Yogurt (Plain 0% fat),Dairy & Eggs,300.0,boiled,30.95,10.82,1.18,0.0,9.6,97.9,177.0
Greek Yogurt (Plain 0% fat),Dairy & Eggs,300.0,steamed,31.08,10.86,1.2,0.0,9.6,89.8,178.6
Greek Yogurt (Plain 0% fat),Dairy & Eggs,300.0,grilled,30.53,10.67,1.08,0.0,9.6,71.4,174.6
Greek Yogurt (Plain 0% fat),Dairy & Eggs,300.0,baked,30.97,10.82,1.15,0.0,9.6,75.0,178.1
Greek Yogurt (Plain 0% fat),Dairy & Eggs,300.0,fried,31.12,10.88,2.25,0.0,9.6,59.9,194.3
Greek Yogurt (Plain 0% fat),Dairy & Eggs,300.0,deep_fried,30.8,10.77,2.74,0.0,9.6,50.8,199.5
Greek Yogurt (Plain 0% fat),Dairy & Eggs,400.0,raw,41.42,14.48,1.62,0.0,12.8,85.4,238.5
Greek Yogurt (Plain 0% fat),Dairy & Eggs,400.0,boiled,42.07,14.7,1.63,0.0,12.8,99.0,242.4
Greek Yogurt (Plain 0% fat),Dairy & Eggs,400.0,steamed,41.17,14.39,1.58,0.0,12.8,89.2,236.0
Greek Yogurt (Plain 0% fat),Dairy & Eggs,400.0,grilled,41.32,14.44,1.48,0.0,12.8,72.5,237.6
Greek Yogurt (Plain 0% fat),Dairy & Eggs,400.0,baked,40.97,14.32,1.5,0.0,12.8,74.4,234.8
Greek Yogurt (Plain 0% fat),Dairy & Eggs,400.0,fried,41.26,14.42,2.97,0.0,12.8,59.6,257.0
Greek Yogurt (Plain 0% fat),Dairy & Eggs,400.0,deep_fried,41.34,14.45,3.71,0.0,12.8,51.2,268.5
Greek Yogurt (Plain 0% fat),Dairy & Eggs,500.0,raw,51.58,18.03,2.01,0.0,16.0,85.1,296.6
Greek Yogurt (Plain 0% fat),Dairy & Eggs,500.0,boiled,51.11,17.86,1.93,0.0,16.0,97.0,291.3
Greek Yogurt (Plain 0% fat),Dairy & Eggs,500.0,steamed,51.58,18.03,1.99,0.0,16.0,89.4,296.0
Greek Yogurt (Plain 0% fat),Dairy & Eggs,500.0,grilled,52.06,18.2,1.88,0.0,16.0,73.0,300.2
Greek Yogurt (Plain 0% fat),Dairy & Eggs,500.0,baked,51.67,18.06,1.91,0.0,16.0,75.1,297.1
Greek Yogurt (Plain 0% fat),Dairy & Eggs,500.0,fried,51.87,18.13,3.75,0.0,16.0,59.9,323.8
Greek Yogurt (Plain 0% fat),Dairy & Eggs,500.0,deep_fried,51.41,17.97,4.58,0.0,16.0,50.9,333.1
Cheddar Cheese,Dairy & Eggs,30.0,raw,7.54,0.39,10.04,0.0,0.15,37.0,122.3
Cheddar Cheese,Dairy & Eggs,30.0,boiled,7.52,0.39,9.77,0.0,0.15,42.4,119.3
Cheddar Cheese,Dairy & Eggs,30.0,steamed,7.45,0.39,9.69,0.0,0.15,38.4,118.2
Cheddar Cheese,Dairy & Eggs,30.0,grilled,7.52,0.39,9.18,0.0,0.15,31.4,115.4
Cheddar Cheese,Dairy & Eggs,30.0,baked,7.44,0.39,9.29,0.0,0.15,32.1,115.4
Cheddar Cheese,Dairy & Eggs,30.0,fried,7.46,0.39,18.2,0.0,0.15,25.6,193.2
Cheddar Cheese,Dairy & Eggs,30.0,deep_fried,7.51,0.39,22.9,0.0,0.15,22.1,235.3
Cheddar Cheese,Dairy & Eggs,50.0,raw,12.53,0.65,16.62,0.0,0.25,36.9,202.4
Cheddar Cheese,Dairy & Eggs,50.0,boiled,12.39,0.64,15.93,0.0,0.25,41.9,194.5
Cheddar Cheese,Dairy & Eggs,50.0,steamed,12.6,0.66,16.64,0.0,0.25,38.9,203.0
Cheddar Cheese,Dairy & Eggs,50.0,grilled,12.55,0.65,15.36,0.0,0.25,31.4,193.0
Cheddar Cheese,Dairy & Eggs,50.0,baked,12.43,0.65,15.56,0.0,0.25,32.2,193.2
Cheddar Cheese,Dairy & Eggs,50.0,fried,12.36,0.64,29.91,0.0,0.25,25.5,317.4
Cheddar Cheese,Dairy & Eggs,50.0,deep_fried,12.49,0.65,37.98,0.0,0.25,22.1,390.1
Cheddar Cheese,Dairy & Eggs,75.0,raw,18.69,0.97,24.66,0.0,0.38,36.7,300.3
Cheddar Cheese,Dairy & Eggs,75.0,boiled,18.77,0.98,24.37,0.0,0.38,42.4,297.5
Cheddar Cheese,Dairy & Eggs,75.0,steamed,18.7,0.97,24.44,0.0,0.38,38.5,298.1
Cheddar Cheese,Dairy & Eggs,75.0,grilled,18.47,0.96,22.15,0.0,0.38,30.8,278.6
Cheddar Cheese,Dairy & Eggs,75.0,baked,18.7,0.97,23.45,0.0,0.38,32.3,291.1
Cheddar Cheese,Dairy & Eggs,75.0,fried,18.71,0.97,45.72,0.0,0.38,25.7,485.6
Cheddar Cheese,Dairy & Eggs,75.0,deep_fried,18.84,0.98,57.64,0.0,0.38,22.2,592.4
Cheddar Cheese,Dairy & Eggs,100.0,raw,24.87,1.29,32.75,0.0,0.5,36.6,398.8
Cheddar Cheese,Dairy & Eggs,100.0,boiled,25.31,1.32,33.25,0.0,0.5,42.9,406.0
Cheddar Cheese,Dairy & Eggs,100.0,steamed,24.64,1.28,31.83,0.0,0.5,38.1,388.3
Cheddar Cheese,Dairy & Eggs,100.0,grilled,25.25,1.31,31.05,0.0,0.5,31.6,390.2
Cheddar Cheese,Dairy & Eggs,100.0,baked,24.96,1.3,31.34,0.0,0.5,32.3,389.1
Cheddar Cheese,Dairy & Eggs,100.0,fried,25.16,1.31,62.02,0.0,0.5,25.9,659.4
Cheddar Cheese,Dairy & Eggs,100.0,deep_fried,25.01,1.3,76.22,0.0,0.5,22.1,782.9
Cheddar Cheese,Dairy & Eggs,150.0,raw,37.82,1.97,50.5,0.0,0.75,37.1,615.0
Cheddar Cheese,Dairy & Eggs,150.0,boiled,37.39,1.94,48.37,0.0,0.75,42.2,590.5
Cheddar Cheese,Dairy & Eggs,150.0,steamed,37.19,1.93,48.34,0.0,0.75,38.3,589.7
Cheddar Cheese,Dairy & Eggs,150.0,grilled,37.9,1.97,46.65,0.0,0.75,31.6,586.2
Cheddar Cheese,Dairy & Eggs,150.0,baked,37.47,1.95,47.09,0.0,0.75,32.4,584.6
Cheddar Cheese,Dairy & Eggs,150.0,fried,37.56,1.95,92.16,0.0,0.75,25.8,979.3
Cheddar Cheese,Dairy & Eggs,150.0,deep_fried,37.85,1.97,116.31,0.0,0.75,22.3,1196.2
Cheddar Cheese,Dairy & Eggs,200.0,raw,49.61,2.58,65.18,0.0,1.0,36.5,793.8
Cheddar Cheese,Dairy & Eggs,200.0,boiled,50.22,2.61,65.46,0.0,1.0,42.5,799.1
Cheddar Cheese,Dairy & Eggs,200.0,steamed,49.78,2.59,64.96,0.0,1.0,38.5,792.4
Cheddar Cheese,Dairy & Eggs,200.0,grilled,49.95,2.6,60.78,0.0,1.0,31.2,764.0
Cheddar Cheese,Dairy & Eggs,200.0,baked,50.03,2.6,62.96,0.0,1.0,32.4,781.6
Cheddar Cheese,Dairy & Eggs,200.0,fried,49.44,2.57,119.71,0.0,1.0,25.5,1270.3
Cheddar Cheese,Dairy & Eggs,200.0,deep_fried,49.71,2.58,150.48,0.0,1.0,22.0,1544.4
Cheddar Cheese,Dairy & Eggs,250.0,raw,63.13,3.28,84.43,0.0,1.25,37.2,1028.2
Cheddar Cheese,Dairy & Eggs,250.0,boiled,62.92,3.27,82.17,0.0,1.25,42.6,1003.2
Cheddar Cheese,Dairy & Eggs,250.0,steamed,62.47,3.25,81.85,0.0,1.25,38.6,998.4
Cheddar Cheese,Dairy & Eggs,250.0,grilled,62.61,3.26,76.41,0.0,1.25,31.3,960.4
Cheddar Cheese,Dairy & Eggs,250.0,baked,62.36,3.24,78.27,0.0,1.25,32.3,971.6
Cheddar Cheese,Dairy & Eggs,250.0,fried,63.14,3.28,156.2,0.0,1.25,26.0,1661.4
Cheddar Cheese,Dairy & Eggs,250.0,deep_fried,62.41,3.25,189.75,0.0,1.25,22.0,1948.6
Cheddar Cheese,Dairy & Eggs,300.0,raw,75.13,3.91,99.65,0.0,1.5,36.9,1213.5
Cheddar Cheese,Dairy & Eggs,300.0,boiled,75.64,3.93,98.99,0.0,1.5,42.7,1208.5
Cheddar Cheese,Dairy & Eggs,300.0,steamed,74.56,3.88,97.16,0.0,1.5,38.4,1185.2
Cheddar Cheese,Dairy & Eggs,300.0,grilled,75.88,3.95,93.49,0.0,1.5,31.6,1174.9
Cheddar Cheese,Dairy & Eggs,300.0,baked,74.14,3.86,92.17,0.0,1.5,32.0,1144.5
Cheddar Cheese,Dairy & Eggs,300.0,fried,75.92,3.95,188.2,0.0,1.5,26.1,2002.2
Cheddar Cheese,Dairy & Eggs,300.0,deep_fried,74.79,3.89,227.11,0.0,1.5,22.0,2331.8
Cheddar Cheese,Dairy & Eggs,400.0,raw,99.82,5.19,131.92,0.0,2.0,36.7,1606.5
Cheddar Cheese,Dairy & Eggs,400.0,boiled,98.58,5.13,126.07,0.0,2.0,41.7,1539.2
Cheddar Cheese,Dairy & Eggs,400.0,steamed,99.66,5.18,130.18,0.0,2.0,38.5,1587.9
Cheddar Cheese,Dairy & Eggs,400.0,grilled,99.22,5.16,119.91,0.0,2.0,31.0,1507.7
Cheddar Cheese,Dairy & Eggs,400.0,baked,99.54,5.18,124.63,0.0,2.0,32.2,1547.3
Cheddar Cheese,Dairy & Eggs,400.0,fried,99.9,5.19,244.44,0.0,2.0,25.7,2596.6
Cheddar Cheese,Dairy & Eggs,400.0,deep_fried,100.72,5.24,308.9,0.0,2.0,22.2,3176.0
Cheddar Cheese,Dairy & Eggs,500.0,raw,125.19,6.51,166.02,0.0,2.5,36.9,2021.8
Cheddar Cheese,Dairy & Eggs,500.0,boiled,125.29,6.51,162.94,0.0,2.5,42.4,1989.1
Cheddar Cheese,Dairy & Eggs,500.0,steamed,123.97,6.45,161.15,0.0,2.5,38.3,1965.8
Cheddar Cheese,Dairy & Eggs,500.0,grilled,124.17,6.46,150.25,0.0,2.5,31.1,1889.0
Cheddar Cheese,Dairy & Eggs,500.0,baked,126.69,6.59,161.47,0.0,2.5,32.8,2004.2
Cheddar Cheese,Dairy & Eggs,500.0,fried,124.31,6.46,302.8,0.0,2.5,25.6,3215.1
Cheddar Cheese,Dairy & Eggs,500.0,deep_fried,126.55,6.58,390.11,0.0,2.5,22.4,4013.9
Mozzarella Cheese,Dairy & Eggs,30.0,raw,6.65,0.66,6.7,0.0,0.3,49.9,89.5
Mozzarella Cheese,Dairy & Eggs,30.0,boiled,6.66,0.66,6.59,0.0,0.3,57.5,88.3
Mozzarella Cheese,Dairy & Eggs,30.0,steamed,6.71,0.67,6.76,0.0,0.3,52.9,90.5
Mozzarella Cheese,Dairy & Eggs,30.0,grilled,6.72,0.67,6.3,0.0,0.3,42.9,87.3
Mozzarella Cheese,Dairy & Eggs,30.0,baked,6.65,0.66,6.37,0.0,0.3,44.0,87.0
Mozzarella Cheese,Dairy & Eggs,30.0,fried,6.64,0.66,12.36,0.0,0.3,34.9,139.5
Mozzarella Cheese,Dairy & Eggs,30.0,deep_fried,6.66,0.66,15.44,0.0,0.3,30.0,167.0
Mozzarella Cheese,Dairy & Eggs,50.0,raw,11.13,1.1,11.26,0.0,0.5,50.1,150.4
Mozzarella Cheese,Dairy & Eggs,50.0,boiled,11.17,1.11,11.12,0.0,0.5,57.9,149.1
Mozzarella Cheese,Dairy & Eggs,50.0,steamed,11.1,1.1,11.09,0.0,0.5,52.5,148.5
Mozzarella Cheese,Dairy & Eggs,50.0,grilled,11.15,1.11,10.4,0.0,0.5,42.7,144.1
Mozzarella Cheese,Dairy & Eggs,50.0,baked,11.24,1.11,10.9,0.0,0.5,44.5,148.8
Mozzarella Cheese,Dairy & Eggs,50.0,fried,11.13,1.1,20.84,0.0,0.5,35.1,235.2
Mozzarella Cheese,Dairy & Eggs,50.0,deep_fried,11.13,1.1,25.88,0.0,0.5,30.1,280.0
Mozzarella Cheese,Dairy & Eggs,75.0,raw,16.46,1.63,16.42,0.0,0.75,49.4,219.5
Mozzarella Cheese,Dairy & Eggs,75.0,boiled,16.32,1.62,15.81,0.0,0.75,56.4,212.3
Mozzarella Cheese,Dairy & Eggs,75.0,steamed,16.7,1.65,16.73,0.0,0.75,52.7,224.0
Mozzarella Cheese,Dairy & Eggs,75.0,grilled,16.64,1.65,15.43,0.0,0.75,42.5,213.9
Mozzarella Cheese,Dairy & Eggs,75.0,baked,16.59,1.64,15.84,0.0,0.75,43.8,216.4
Mozzarella Cheese,Dairy & Eggs,75.0,fried,16.68,1.65,31.19,0.0,0.75,35.1,352.1
Mozzarella Cheese,Dairy & Eggs,75.0,deep_fried,16.64,1.65,38.6,0.0,0.75,30.0,417.4
Mozzarella Cheese,Dairy & Eggs,100.0,raw,22.39,2.22,22.78,0.0,1.0,50.4,304.2
Mozzarella Cheese,Dairy & Eggs,100.0,boiled,22.21,2.2,21.98,0.0,1.0,57.5,294.7
Mozzarella Cheese,Dairy & Eggs,100.0,steamed,22.08,2.19,21.93,0.0,1.0,52.2,293.8
Mozzarella Cheese,Dairy & Eggs,100.0,grilled,22.36,2.22,20.91,0.0,1.0,42.8,289.6
Mozzarella Cheese,Dairy & Eggs,100.0,baked,22.16,2.2,21.21,0.0,1.0,43.9,289.8
Mozzarella Cheese,Dairy & Eggs,100.0,fried,22.29,2.21,41.77,0.0,1.0,35.1,471.6
Mozzarella Cheese,Dairy & Eggs,100.0,deep_fried,22.12,2.19,51.15,0.0,1.0,29.9,553.0
Mozzarella Cheese,Dairy & Eggs,150.0,raw,33.14,3.28,33.27,0.0,1.5,49.8,444.6
Mozzarella Cheese,Dairy & Eggs,150.0,boiled,33.32,3.3,32.97,0.0,1.5,57.5,442.1
Mozzarella Cheese,Dairy & Eggs,150.0,steamed,33.3,3.3,33.27,0.0,1.5,52.5,445.5
Mozzarella Cheese,Dairy & Eggs,150.0,grilled,33.42,3.31,31.13,0.0,1.5,42.7,431.3
Mozzarella Cheese,Dairy & Eggs,150.0,baked,33.23,3.29,31.79,0.0,1.5,43.9,434.3
Mozzarella Cheese,Dairy & Eggs,150.0,fried,32.84,3.25,60.45,0.0,1.5,34.5,681.8
Mozzarella Cheese,Dairy & Eggs,150.0,deep_fried,33.19,3.29,76.78,0.0,1.5,29.9,830.1
Mozzarella Cheese,Dairy & Eggs,200.0,raw,44.66,4.43,45.33,0.0,2.0,50.3,605.4
Mozzarella Cheese,Dairy & Eggs,200.0,boiled,44.3,4.39,43.71,0.0,2.0,57.4,586.2
Mozzarella Cheese,Dairy & Eggs,200.0,steamed,44.32,4.39,44.19,0.0,2.0,52.4,591.7
Mozzarella Cheese,Dairy & Eggs,200.0,grilled,44.73,4.43,41.83,0.0,2.0,42.8,579.4
Mozzarella Cheese,Dairy & Eggs,200.0,baked,44.16,4.38,42.11,0.0,2.0,43.8,575.5
Mozzarella Cheese,Dairy & Eggs,200.0,fried,43.89,4.35,80.96,0.0,2.0,34.6,913.2
Mozzarella Cheese,Dairy & Eggs,200.0,deep_fried,44.35,4.39,102.79,0.0,2.0,30.0,1111.5
Mozzarella Cheese,Dairy & Eggs,250.0,raw,55.3,5.48,55.59,0.0,2.5,49.8,742.9
Mozzarella Cheese,Dairy & Eggs,250.0,boiled,55.1,5.46,54.08,0.0,2.5,57.1,725.5
Mozzarella Cheese,Dairy & Eggs,250.0,steamed,55.43,5.49,55.29,0.0,2.5,52.4,740.4
Mozzarella Cheese,Dairy & Eggs,250.0,grilled,55.7,5.52,51.9,0.0,2.5,42.7,719.1
Mozzarella Cheese,Dairy & Eggs,250.0,baked,55.5,5.5,53.19,0.0,2.5,44.0,726.7
Mozzarella Cheese,Dairy & Eggs,250.0,fried,55.63,5.51,104.08,0.0,2.5,35.1,1174.9
Mozzarella Cheese,Dairy & Eggs,250.0,deep_fried,56.25,5.57,132.3,0.0,2.5,30.4,1432.7
Mozzarella Cheese,Dairy & Eggs,300.0,raw,66.43,6.58,66.85,0.0,3.0,49.9,893.3
Mozzarella Cheese,Dairy & Eggs,300.0,boiled,66.74,6.61,66.13,0.0,3.0,57.6,886.6
Mozzarella Cheese,Dairy & Eggs,300.0,steamed,66.35,6.57,66.02,0.0,3.0,52.3,884.2
Mozzarella Cheese,Dairy & Eggs,300.0,grilled,66.18,6.56,61.04,0.0,3.0,42.2,846.5
Mozzarella Cheese,Dairy & Eggs,300.0,baked,66.31,6.57,63.28,0.0,3.0,43.8,864.8
Mozzarella Cheese,Dairy & Eggs,300.0,fried,66.36,6.58,123.43,0.0,3.0,34.9,1392.8
Mozzarella Cheese,Dairy & Eggs,300.0,deep_fried,66.78,6.62,155.39,0.0,3.0,30.1,1681.0
Mozzarella Cheese,Dairy & Eggs,400.0,raw,90.36,8.96,92.76,0.0,4.0,50.9,1238.2
Mozzarella Cheese,Dairy & Eggs,400.0,boiled,88.32,8.75,86.86,0.0,4.0,57.2,1165.1
Mozzarella Cheese,Dairy & Eggs,400.0,steamed,88.52,8.77,88.15,0.0,4.0,52.3,1180.5
Mozzarella Cheese,Dairy & Eggs,400.0,grilled,88.76,8.8,82.35,0.0,4.0,42.5,1141.5
Mozzarella Cheese,Dairy & Eggs,400.0,baked,89.06,8.83,85.63,0.0,4.0,44.1,1169.5
Mozzarella Cheese,Dairy & Eggs,400.0,fried,88.98,8.82,166.42,0.0,4.0,35.1,1878.5
Mozzarella Cheese,Dairy & Eggs,400.0,deep_fried,89.66,8.88,210.05,0.0,4.0,30.3,2273.8
Mozzarella Cheese,Dairy & Eggs,500.0,raw,108.98,10.8,107.92,0.0,5.0,49.1,1443.8
Mozzarella Cheese,Dairy & Eggs,500.0,boiled,109.01,10.8,105.83,0.0,5.0,56.5,1420.9
Mozzarella Cheese,Dairy & Eggs,500.0,steamed,110.59,10.96,110.06,0.0,5.0,52.3,1474.0
Mozzarella Cheese,Dairy & Eggs,500.0,grilled,111.91,11.09,104.74,0.0,5.0,42.8,1450.6
Mozzarella Cheese,Dairy & Eggs,500.0,baked,109.7,10.87,103.9,0.0,5.0,43.5,1420.9
Mozzarella Cheese,Dairy & Eggs,500.0,fried,108.5,10.75,197.85,0.0,5.0,34.2,2230.7
Mozzarella Cheese,Dairy & Eggs,500.0,deep_fried,111.48,11.05,259.81,0.0,5.0,30.1,2810.9
Cottage Cheese (Low Fat),Dairy & Eggs,30.0,raw,3.31,1.02,0.3,0.0,0.81,82.1,20.2
Cottage Cheese (Low Fat),Dairy & Eggs,30.0,boiled,3.27,1.01,0.29,0.0,0.81,93.5,19.7
Cottage Cheese (Low Fat),Dairy & Eggs,30.0,steamed,3.28,1.01,0.29,0.0,0.81,85.5,19.8
Cottage Cheese (Low Fat),Dairy & Eggs,30.0,grilled,3.28,1.01,0.27,0.0,0.81,69.2,19.8
Cottage Cheese (Low Fat),Dairy & Eggs,30.0,baked,3.3,1.02,0.29,0.0,0.81,72.2,20.1
Cottage Cheese (Low Fat),Dairy & Eggs,30.0,fried,3.28,1.02,0.55,0.0,0.81,57.1,22.8
Cottage Cheese (Low Fat),Dairy & Eggs,30.0,deep_fried,3.31,1.02,0.7,0.0,0.81,49.4,24.7
Cottage Cheese (Low Fat),Dairy & Eggs,50.0,raw,5.38,1.66,0.48,0.0,1.35,80.2,32.5
Cottage Cheese (Low Fat),Dairy & Eggs,50.0,boiled,5.46,1.69,0.48,0.0,1.35,93.7,32.9
Cottage Cheese (Low Fat),Dairy & Eggs,50.0,steamed,5.45,1.69,0.49,0.0,1.35,85.4,33.0
Cottage Cheese (Low Fat),Dairy & Eggs,50.0,grilled,5.49,1.7,0.46,0.0,1.35,69.6,33.3
Cottage Cheese (Low Fat),Dairy & Eggs,50.0,baked,5.48,1.69,0.47,0.0,1.35,71.9,33.2
Cottage Cheese (Low Fat),Dairy & Eggs,50.0,fried,5.53,1.71,0.94,0.0,1.35,57.7,38.7
Cottage Cheese (Low Fat),Dairy & Eggs,50.0,deep_fried,5.42,1.68,1.12,0.0,1.35,48.5,40.1
Cottage Cheese (Low Fat),Dairy & Eggs,75.0,raw,8.25,2.55,0.75,0.0,2.03,82.0,50.3
Cottage Cheese (Low Fat),Dairy & Eggs,75.0,boiled,8.28,2.56,0.74,0.0,2.03,94.7,50.2
Cottage Cheese (Low Fat),Dairy & Eggs,75.0,steamed,8.36,2.59,0.76,0.0,2.03,87.3,51.1
Cottage Cheese (Low Fat),Dairy & Eggs,75.0,grilled,8.22,2.54,0.69,0.0,2.03,69.4,49.8
Cottage Cheese (Low Fat),Dairy & Eggs,75.0,baked,8.27,2.56,0.72,0.0,2.03,72.3,50.3
Cottage Cheese (Low Fat),Dairy & Eggs,75.0,fried,8.14,2.52,1.35,0.0,2.03,56.6,56.4
Cottage Cheese (Low Fat),Dairy & Eggs,75.0,deep_fried,8.1,2.5,1.66,0.0,2.03,48.3,59.7
Cottage Cheese (Low Fat),Dairy & Eggs,100.0,raw,11.07,3.42,1.01,0.0,2.7,82.5,67.6
Cottage Cheese (Low Fat),Dairy & Eggs,100.0,boiled,11.0,3.4,0.98,0.0,2.7,94.3,66.6
Cottage Cheese (Low Fat),Dairy & Eggs,100.0,steamed,11.1,3.43,1.01,0.0,2.7,86.9,67.7
Cottage Cheese (Low Fat),Dairy & Eggs,100.0,grilled,10.89,3.36,0.9,0.0,2.7,69.0,65.7
Cottage Cheese (Low Fat),Dairy & Eggs,100.0,baked,11.04,3.41,0.96,0.0,2.7,72.4,67.2
Cottage Cheese (Low Fat),Dairy & Eggs,100.0,fried,11.15,3.45,1.9,0.0,2.7,58.2,78.2
Cottage Cheese (Low Fat),Dairy & Eggs,100.0,deep_fried,11.03,3.41,2.31,0.0,2.7,49.4,82.2
Cottage Cheese (Low Fat),Dairy & Eggs,150.0,raw,16.53,5.11,1.51,0.0,4.05,82.2,100.9
Cottage Cheese (Low Fat),Dairy & Eggs,150.0,boiled,16.5,5.1,1.47,0.0,4.05,94.3,99.9
Cottage Cheese (Low Fat),Dairy & Eggs,150.0,steamed,16.31,5.04,1.45,0.0,4.05,85.1,98.6
Cottage Cheese (Low Fat),Dairy & Eggs,150.0,grilled,16.67,5.15,1.41,0.0,4.05,70.4,101.5
Cottage Cheese (Low Fat),Dairy & Eggs,150.0,baked,16.42,5.08,1.41,0.0,4.05,71.8,99.5
Cottage Cheese (Low Fat),Dairy & Eggs,150.0,fried,16.56,5.12,2.8,0.0,4.05,57.6,115.7
Cottage Cheese (Low Fat),Dairy & Eggs,150.0,deep_fried,16.31,5.04,3.37,0.0,4.05,48.6,120.6
Cottage Cheese (Low Fat),Dairy & Eggs,200.0,raw,21.81,6.74,1.96,0.0,5.4,81.3,132.3
Cottage Cheese (Low Fat),Dairy & Eggs,200.0,boiled,22.24,6.87,2.0,0.0,5.4,95.3,135.2
Cottage Cheese (Low Fat),Dairy & Eggs,200.0,steamed,21.94,6.78,1.97,0.0,5.4,85.9,133.2
Cottage Cheese (Low Fat),Dairy & Eggs,200.0,grilled,22.24,6.87,1.88,0.0,5.4,70.5,135.4
Cottage Cheese (Low Fat),Dairy & Eggs,200.0,baked,21.99,6.8,1.9,0.0,5.4,72.1,133.5
Cottage Cheese (Low Fat),Dairy & Eggs,200.0,fried,21.7,6.71,3.6,0.0,5.4,56.6,150.2
Cottage Cheese (Low Fat),Dairy & Eggs,200.0,deep_fried,22.15,6.85,4.66,0.0,5.4,49.5,165.3
Cottage Cheese (Low Fat),Dairy & Eggs,250.0,raw,27.38,8.46,2.48,0.0,6.75,81.6,166.5
Cottage Cheese (Low Fat),Dairy & Eggs,250.0,boiled,27.64,8.54,2.48,0.0,6.75,94.8,167.7
Cottage Cheese (Low Fat),Dairy & Eggs,250.0,steamed,27.51,8.5,2.48,0.0,6.75,86.1,167.2
Cottage Cheese (Low Fat),Dairy & Eggs,250.0,grilled,27.18,8.4,2.25,0.0,6.75,68.9,163.9
Cottage Cheese (Low Fat),Dairy & Eggs,250.0,baked,27.53,8.51,2.38,0.0,6.75,72.2,167.2
Cottage Cheese (Low Fat),Dairy & Eggs,250.0,fried,27.95,8.64,4.78,0.0,6.75,58.3,196.4
Cottage Cheese (Low Fat),Dairy & Eggs,250.0,deep_fried,27.6,8.53,5.79,0.0,6.75,49.4,205.7
Cottage Cheese (Low Fat),Dairy & Eggs,300.0,raw,32.99,10.2,3.0,0.0,8.1,82.0,201.0
Cottage Cheese (Low Fat),Dairy & Eggs,300.0,boiled,33.27,10.28,2.99,0.0,8.1,95.1,202.1
Cottage Cheese (Low Fat),Dairy & Eggs,300.0,steamed,33.05,10.22,2.98,0.0,8.1,86.2,201.0
Cottage Cheese (Low Fat),Dairy & Eggs,300.0,grilled,33.05,10.22,2.77,0.0,8.1,69.8,200.4
Cottage Cheese (Low Fat),Dairy & Eggs,300.0,baked,32.73,10.12,2.8,0.0,8.1,71.6,198.0
Cottage Cheese (Low Fat),Dairy & Eggs,300.0,fried,33.06,10.22,5.57,0.0,8.1,57.5,230.6
Cottage Cheese (Low Fat),Dairy & Eggs,300.0,deep_fried,33.26,10.28,7.01,0.0,8.1,49.6,248.4
Cottage Cheese (Low Fat),Dairy & Eggs,400.0,raw,43.72,13.51,3.95,0.0,10.8,81.5,265.7
Cottage Cheese (Low Fat),Dairy & Eggs,400.0,boiled,44.47,13.75,4.0,0.0,10.8,95.3,270.4
Cottage Cheese (Low Fat),Dairy & Eggs,400.0,steamed,43.97,13.59,3.95,0.0,10.8,86.0,267.0
Cottage Cheese (Low Fat),Dairy & Eggs,400.0,grilled,43.71,13.51,3.63,0.0,10.8,69.2,264.1
Cottage Cheese (Low Fat),Dairy & Eggs,400.0,baked,44.33,13.7,3.86,0.0,10.8,72.7,270.0
Cottage Cheese (Low Fat),Dairy & Eggs,400.0,fried,43.91,13.57,7.37,0.0,10.8,57.3,305.7
Cottage Cheese (Low Fat),Dairy & Eggs,400.0,deep_fried,44.25,13.68,9.3,0.0,10.8,49.5,330.1
Cottage Cheese (Low Fat),Dairy & Eggs,500.0,raw,54.88,16.96,4.98,0.0,13.5,81.8,334.1
Cottage Cheese (Low Fat),Dairy & Eggs,500.0,boiled,54.98,16.99,4.9,0.0,13.5,94.3,332.7
Cottage Cheese (Low Fat),Dairy & Eggs,500.0,steamed,55.2,17.06,4.99,0.0,13.5,86.4,336.0
Cottage Cheese (Low Fat),Dairy & Eggs,500.0,grilled,55.12,17.04,4.62,0.0,13.5,69.9,334.3
Cottage Cheese (Low Fat),Dairy & Eggs,500.0,baked,54.18,16.75,4.61,0.0,13.5,71.1,326.9
Cottage Cheese (Low Fat),Dairy & Eggs,500.0,fried,54.54,16.86,9.09,0.0,13.5,56.9,378.5
Cottage Cheese (Low Fat),Dairy & Eggs,500.0,deep_fried,55.38,17.12,11.66,0.0,13.5,49.5,413.5
Butter,Dairy & Eggs,30.0,raw,0.27,0.03,24.28,0.0,0.03,16.2,219.3
Butter,Dairy & Eggs,30.0,boiled,0.27,0.03,23.66,0.0,0.03,18.6,213.0
Butter,Dairy & Eggs,30.0,steamed,0.27,0.03,23.6,0.0,0.03,16.8,212.5
Butter,Dairy & Eggs,30.0,grilled,0.27,0.03,22.02,0.0,0.03,13.7,200.8
Butter,Dairy & Eggs,30.0,baked,0.27,0.03,22.41,0.0,0.03,14.0,203.1
Butter,Dairy & Eggs,30.0,fried,0.27,0.03,44.94,0.0,0.03,11.3,398.0
Butter,Dairy & Eggs,30.0,deep_fried,0.27,0.03,55.46,0.0,0.03,9.7,488.7
Butter,Dairy & Eggs,50.0,raw,0.45,0.05,39.96,0.0,0.05,16.1,360.3
Butter,Dairy & Eggs,50.0,boiled,0.45,0.05,39.7,0.0,0.05,18.6,357.7
Butter,Dairy & Eggs,50.0,steamed,0.45,0.05,40.36,0.0,0.05,17.1,364.5
Butter,Dairy & Eggs,50.0,grilled,0.46,0.05,38.48,0.0,0.05,14.0,352.8
Butter,Dairy & Eggs,50.0,baked,0.44,0.05,37.65,0.0,0.05,14.1,341.5
Butter,Dairy & Eggs,50.0,fried,0.45,0.05,76.32,0.0,0.05,11.4,677.7
Butter,Dairy & Eggs,50.0,deep_fried,0.45,0.05,94.63,0.0,0.05,9.8,836.6
Butter,Dairy & Eggs,75.0,raw,0.67,0.07,60.11,0.0,0.08,16.1,542.2
Butter,Dairy & Eggs,75.0,boiled,0.68,0.08,59.79,0.0,0.08,18.7,539.1
Butter,Dairy & Eggs,75.0,steamed,0.67,0.07,59.8,0.0,0.08,17.0,539.3
Butter,Dairy & Eggs,75.0,grilled,0.68,0.08,56.11,0.0,0.08,13.8,512.8
Butter,Dairy & Eggs,75.0,baked,0.68,0.08,59.09,0.0,0.08,14.4,538.8
Butter,Dairy & Eggs,75.0,fried,0.68,0.08,113.55,0.0,0.08,11.4,1007.2
Butter,Dairy & Eggs,75.0,deep_fried,0.68,0.08,140.96,0.0,0.08,9.8,1245.0
Butter,Dairy & Eggs,100.0,raw,0.9,0.1,80.58,0.0,0.1,16.1,727.3
Butter,Dairy & Eggs,100.0,boiled,0.89,0.1,77.71,0.0,0.1,18.4,698.5
Butter,Dairy & Eggs,100.0,steamed,0.9,0.1,80.04,0.0,0.1,17.0,722.2
Butter,Dairy & Eggs,100.0,grilled,0.91,0.1,75.96,0.0,0.1,13.9,695.4
Butter,Dairy & Eggs,100.0,baked,0.89,0.1,75.28,0.0,0.1,14.1,682.9
Butter,Dairy & Eggs,100.0,fried,0.89,0.1,147.66,0.0,0.1,11.3,1305.3
Butter,Dairy & Eggs,100.0,deep_fried,0.9,0.1,186.88,0.0,0.1,9.7,1649.2
Butter,Dairy & Eggs,150.0,raw,1.34,0.15,119.85,0.0,0.15,16.1,1080.7
Butter,Dairy & Eggs,150.0,boiled,1.34,0.15,117.8,0.0,0.15,18.5,1060.1
Butter,Dairy & Eggs,150.0,steamed,1.35,0.15,119.67,0.0,0.15,17.0,1079.3
Butter,Dairy & Eggs,150.0,grilled,1.34,0.15,109.63,0.0,0.15,13.6,999.5
Butter,Dairy & Eggs,150.0,baked,1.34,0.15,113.88,0.0,0.15,14.2,1034.0
Butter,Dairy & Eggs,150.0,fried,1.36,0.15,227.43,0.0,0.15,11.4,2017.7
Butter,Dairy & Eggs,150.0,deep_fried,1.34,0.15,274.31,0.0,0.15,9.6,2413.5
Butter,Dairy & Eggs,200.0,raw,1.78,0.2,158.31,0.0,0.2,16.0,1425.9
Butter,Dairy & Eggs,200.0,boiled,1.79,0.2,157.45,0.0,0.2,18.5,1417.3
Butter,Dairy & Eggs,200.0,steamed,1.81,0.2,162.34,0.0,0.2,17.1,1467.2
Butter,Dairy & Eggs,200.0,grilled,1.8,0.2,148.78,0.0,0.2,13.7,1358.9
Butter,Dairy & Eggs,200.0,baked,1.79,0.2,153.02,0.0,0.2,14.2,1390.5
Butter,Dairy & Eggs,200.0,fried,1.8,0.2,300.27,0.0,0.2,11.3,2660.3
Butter,Dairy & Eggs,200.0,deep_fried,1.78,0.2,363.29,0.0,0.2,9.6,3193.5
Butter,Dairy & Eggs,250.0,raw,2.26,0.25,204.25,0.0,0.25,16.3,1846.6
Butter,Dairy & Eggs,250.0,boiled,2.26,0.25,199.84,0.0,0.25,18.7,1802.2
Butter,Dairy & Eggs,250.0,steamed,2.24,0.25,199.49,0.0,0.25,17.0,1799.3
Butter,Dairy & Eggs,250.0,grilled,2.27,0.25,189.34,0.0,0.25,13.9,1732.8
Butter,Dairy & Eggs,250.0,baked,2.23,0.25,189.35,0.0,0.25,14.1,1718.8
Butter,Dairy & Eggs,250.0,fried,2.27,0.25,381.43,0.0,0.25,11.4,3386.9
Butter,Dairy & Eggs,250.0,deep_fried,2.25,0.25,467.41,0.0,0.25,9.7,4125.0
Butter,Dairy & Eggs,300.0,raw,2.69,0.3,242.07,0.0,0.3,16.2,2185.2
Butter,Dairy & Eggs,300.0,boiled,2.7,0.3,238.36,0.0,0.3,18.6,2148.0
Butter,Dairy & Eggs,300.0,steamed,2.7,0.3,240.48,0.0,0.3,17.0,2170.2
Butter,Dairy & Eggs,300.0,grilled,2.72,0.3,227.93,0.0,0.3,13.9,2086.7
Butter,Dairy & Eggs,300.0,baked,2.68,0.3,227.4,0.0,0.3,14.1,2064.4
Butter,Dairy & Eggs,300.0,fried,2.68,0.3,444.96,0.0,0.3,11.3,3935.7
Butter,Dairy & Eggs,300.0,deep_fried,2.72,0.3,568.29,0.0,0.3,9.8,5024.7
Butter,Dairy & Eggs,400.0,raw,3.58,0.4,321.5,0.0,0.4,16.1,2900.9
Butter,Dairy & Eggs,400.0,boiled,3.62,0.4,322.21,0.0,0.4,18.8,2908.5
Butter,Dairy & Eggs,400.0,steamed,3.65,0.41,329.34,0.0,0.4,17.2,2981.9
Butter,Dairy & Eggs,400.0,grilled,3.59,0.4,296.65,0.0,0.4,13.7,2708.6
Butter,Dairy & Eggs,400.0,baked,3.62,0.4,311.33,0.0,0.4,14.3,2834.7
Butter,Dairy & Eggs,400.0,fried,3.57,0.4,589.75,0.0,0.4,11.2,5212.3
Butter,Dairy & Eggs,400.0,deep_fried,3.62,0.4,754.57,0.0,0.4,9.8,6667.7
Butter,Dairy & Eggs,500.0,raw,4.51,0.5,406.71,0.0,0.5,16.2,3675.0
Butter,Dairy & Eggs,500.0,boiled,4.52,0.5,400.21,0.0,0.5,18.7,3609.8
Butter,Dairy & Eggs,500.0,steamed,4.48,0.5,397.56,0.0,0.5,16.9,3584.2
Butter,Dairy & Eggs,500.0,grilled,4.44,0.49,363.76,0.0,0.5,13.6,3314.6
Butter,Dairy & Eggs,500.0,baked,4.52,0.5,388.13,0.0,0.5,14.3,3532.9
Butter,Dairy & Eggs,500.0,fried,4.43,0.49,726.96,0.0,0.5,11.2,6413.2
Butter,Dairy & Eggs,500.0,deep_fried,4.49,0.5,928.21,0.0,0.5,9.7,8183.7
Almonds,Nuts & Legumes,30.0,raw,6.4,6.53,15.18,3.75,1.32,4.4,180.8
Almonds,Nuts & Legumes,30.0,boiled,6.37,6.49,14.71,3.75,1.32,5.1,175.5
Almonds,Nuts & Legumes,30.0,steamed,6.45,6.57,15.25,3.75,1.32,4.7,182.0
Almonds,Nuts & Legumes,30.0,grilled,6.41,6.53,13.98,3.75,1.32,3.8,171.6
Almonds,Nuts & Legumes,30.0,baked,6.33,6.45,14.08,3.75,1.32,3.9,170.7
Almonds,Nuts & Legumes,30.0,fried,6.36,6.48,27.71,3.75,1.32,3.1,290.0
Almonds,Nuts & Legumes,30.0,deep_fried,6.36,6.48,34.41,3.75,1.32,2.6,348.8
Almonds,Nuts & Legumes,50.0,raw,10.47,10.67,24.36,6.25,2.2,4.3,289.8
Almonds,Nuts & Legumes,50.0,boiled,10.53,10.72,24.11,6.25,2.2,5.0,287.5
Almonds,Nuts & Legumes,50.0,steamed,10.56,10.75,24.49,6.25,2.2,4.6,291.9
Almonds,Nuts & Legumes,50.0,grilled,10.44,10.64,22.25,6.25,2.2,3.7,272.9
Almonds,Nuts & Legumes,50.0,baked,10.6,10.8,23.72,6.25,2.2,3.9,287.5
Almonds,Nuts & Legumes,50.0,fried,10.58,10.78,45.99,6.25,2.2,3.1,481.1
Almonds,Nuts & Legumes,50.0,deep_fried,10.47,10.66,55.95,6.25,2.2,2.6,566.0
Almonds,Nuts & Legumes,75.0,raw,15.95,16.25,37.65,9.38,3.3,4.4,448.3
Almonds,Nuts & Legumes,75.0,boiled,15.99,16.29,37.07,9.38,3.3,5.1,442.4
Almonds,Nuts & Legumes,75.0,steamed,15.93,16.23,37.18,9.38,3.3,4.6,443.3
Almonds,Nuts & Legumes,75.0,grilled,15.86,16.16,34.26,9.38,3.3,3.7,420.3
Almonds,Nuts & Legumes,75.0,baked,15.97,16.27,35.87,9.38,3.3,3.9,434.9
Almonds,Nuts & Legumes,75.0,fried,15.98,16.28,69.94,9.38,3.3,3.1,732.4
Almonds,Nuts & Legumes,75.0,deep_fried,15.94,16.24,86.47,9.38,3.3,2.6,877.0
Almonds,Nuts & Legumes,100.0,raw,21.07,21.47,49.28,12.5,4.4,4.4,586.5
Almonds,Nuts & Legumes,100.0,boiled,21.24,21.64,49.1,12.5,4.4,5.1,585.8
Almonds,Nuts & Legumes,100.0,steamed,21.39,21.79,50.29,12.5,4.4,4.7,599.8
Almonds,Nuts & Legumes,100.0,grilled,21.11,21.5,45.5,12.5,4.4,3.7,558.2
Almonds,Nuts & Legumes,100.0,baked,21.53,21.94,48.9,12.5,4.4,3.9,593.3
Almonds,Nuts & Legumes,100.0,fried,21.12,21.51,91.59,12.5,4.4,3.1,957.9
Almonds,Nuts & Legumes,100.0,deep_fried,21.21,21.61,114.83,12.5,4.4,2.6,1164.2
Almonds,Nuts & Legumes,150.0,raw,31.64,32.24,74.09,18.75,6.6,4.4,881.7
Almonds,Nuts & Legumes,150.0,boiled,31.85,32.45,73.6,18.75,6.6,5.1,878.1
Almonds,Nuts & Legumes,150.0,steamed,31.38,31.98,72.16,18.75,6.6,4.6,859.7
Almonds,Nuts & Legumes,150.0,grilled,31.67,32.27,68.3,18.75,6.6,3.7,837.9
Almonds,Nuts & Legumes,150.0,baked,31.54,32.13,69.94,18.75,6.6,3.8,847.7
Almonds,Nuts & Legumes,150.0,fried,31.83,32.43,138.75,18.75,6.6,3.1,1452.2
Almonds,Nuts & Legumes,150.0,deep_fried,32.04,32.64,174.72,18.75,6.6,2.7,1773.6
Almonds,Nuts & Legumes,200.0,raw,42.61,43.41,100.77,25.0,8.8,4.4,1199.9
Almonds,Nuts & Legumes,200.0,boiled,41.65,42.43,94.32,25.0,8.8,5.0,1124.3
Almonds,Nuts & Legumes,200.0,steamed,43.05,43.86,101.83,25.0,8.8,4.7,1215.2
Almonds,Nuts & Legumes,200.0,grilled,42.49,43.3,92.22,25.0,8.8,3.7,1131.6
Almonds,Nuts & Legumes,200.0,baked,42.15,42.95,93.71,25.0,8.8,3.8,1135.9
Almonds,Nuts & Legumes,200.0,fried,42.45,43.25,185.07,25.0,8.8,3.1,1937.0
Almonds,Nuts & Legumes,200.0,deep_fried,42.46,43.26,230.15,25.0,8.8,2.6,2333.8
Almonds,Nuts & Legumes,250.0,raw,52.73,53.73,123.5,31.25,11.0,4.4,1469.7
Almonds,Nuts & Legumes,250.0,boiled,53.08,54.08,122.62,31.25,11.0,5.1,1463.0
Almonds,Nuts & Legumes,250.0,steamed,52.76,53.75,122.38,31.25,11.0,4.6,1458.6
Almonds,Nuts & Legumes,250.0,grilled,52.84,53.84,114.07,31.25,11.0,3.7,1399.5
Almonds,Nuts & Legumes,250.0,baked,52.73,53.72,117.29,31.25,11.0,3.9,1421.7
Almonds,Nuts & Legumes,250.0,fried,52.43,53.42,225.83,31.25,11.0,3.0,2359.6
Almonds,Nuts & Legumes,250.0,deep_fried,53.06,54.06,287.55,31.25,11.0,2.6,2915.8
Almonds,Nuts & Legumes,300.0,raw,63.88,65.08,151.01,37.5,13.2,4.4,1798.0
Almonds,Nuts & Legumes,300.0,boiled,63.85,65.05,147.84,37.5,13.2,5.1,1764.2
Almonds,Nuts & Legumes,300.0,steamed,63.99,65.2,150.03,37.5,13.2,4.6,1789.2
Almonds,Nuts & Legumes,300.0,grilled,63.75,64.96,138.39,37.5,13.2,3.7,1698.1
Almonds,Nuts & Legumes,300.0,baked,63.35,64.54,141.08,37.5,13.2,3.9,1710.2
Almonds,Nuts & Legumes,300.0,fried,64.0,65.21,280.43,37.5,13.2,3.1,2937.3
Almonds,Nuts & Legumes,300.0,deep_fried,62.95,64.14,337.3,37.5,13.2,2.6,3413.8
Almonds,Nuts & Legumes,400.0,raw,84.23,85.82,196.9,50.0,17.6,4.4,2343.0
Almonds,Nuts & Legumes,400.0,boiled,84.19,85.78,192.78,50.0,17.6,5.0,2299.1
Almonds,Nuts & Legumes,400.0,steamed,85.49,87.1,200.81,50.0,17.6,4.7,2395.1
Almonds,Nuts & Legumes,400.0,grilled,85.4,87.01,186.23,50.0,17.6,3.8,2285.4
Almonds,Nuts & Legumes,400.0,baked,85.11,86.72,191.01,50.0,17.6,3.9,2316.1
Almonds,Nuts & Legumes,400.0,fried,85.48,87.09,375.2,50.0,17.6,3.1,3931.0
Almonds,Nuts & Legumes,400.0,deep_fried,84.24,85.83,453.03,50.0,17.6,2.6,4587.8
Almonds,Nuts & Legumes,500.0,raw,106.28,108.28,250.8,62.5,22.0,4.4,2985.9
Almonds,Nuts & Legumes,500.0,boiled,105.9,107.9,244.05,62.5,22.0,5.1,2911.4
Almonds,Nuts & Legumes,500.0,steamed,106.67,108.69,250.14,62.5,22.0,4.6,2983.2
Almonds,Nuts & Legumes,500.0,grilled,105.91,107.91,229.14,62.5,22.0,3.7,2811.3
Almonds,Nuts & Legumes,500.0,baked,105.69,107.69,235.66,62.5,22.0,3.9,2856.7
Almonds,Nuts & Legumes,500.0,fried,106.43,108.44,465.32,62.5,22.0,3.1,4872.3
Almonds,Nuts & Legumes,500.0,deep_fried,106.7,108.71,581.39,62.5,22.0,2.7,5900.8
Walnuts,Nuts & Legumes,30.0,raw,4.54,4.09,19.36,2.01,0.78,4.1,203.6
Walnuts,Nuts & Legumes,30.0,boiled,4.56,4.11,19.15,2.01,0.78,4.7,201.6
Walnuts,Nuts & Legumes,30.0,steamed,4.52,4.08,19.06,2.01,0.78,4.3,200.5
Walnuts,Nuts & Legumes,30.0,grilled,4.47,4.03,17.32,2.01,0.78,3.4,186.1
Walnuts,Nuts & Legumes,30.0,baked,4.57,4.12,18.64,2.01,0.78,3.6,198.9
Walnuts,Nuts & Legumes,30.0,fried,4.58,4.13,36.52,2.01,0.78,2.9,354.1
Walnuts,Nuts & Legumes,30.0,deep_fried,4.57,4.12,45.16,2.01,0.78,2.5,429.2
Walnuts,Nuts & Legumes,50.0,raw,7.49,6.75,31.65,3.35,1.3,4.0,332.5
Walnuts,Nuts & Legumes,50.0,boiled,7.58,6.83,31.78,3.35,1.3,4.7,334.5
Walnuts,Nuts & Legumes,50.0,steamed,7.47,6.74,31.2,3.35,1.3,4.2,327.9
Walnuts,Nuts & Legumes,50.0,grilled,7.68,6.92,30.61,3.35,1.3,3.5,329.8
Walnuts,Nuts & Legumes,50.0,baked,7.54,6.79,30.47,3.35,1.3,3.6,324.7
Walnuts,Nuts & Legumes,50.0,fried,7.67,6.91,61.45,3.35,1.3,2.9,596.5
Walnuts,Nuts & Legumes,50.0,deep_fried,7.65,6.9,76.04,3.35,1.3,2.5,723.5
Walnuts,Nuts & Legumes,75.0,raw,11.32,10.21,48.24,5.03,1.95,4.1,507.3
Walnuts,Nuts & Legumes,75.0,boiled,11.3,10.19,47.11,5.03,1.95,4.7,495.5
Walnuts,Nuts & Legumes,75.0,steamed,11.43,10.3,48.67,5.03,1.95,4.3,512.7
Walnuts,Nuts & Legumes,75.0,grilled,11.33,10.21,44.42,5.03,1.95,3.5,477.8
Walnuts,Nuts & Legumes,75.0,baked,11.41,10.28,46.53,5.03,1.95,3.6,496.4
Walnuts,Nuts & Legumes,75.0,fried,11.36,10.24,89.81,5.03,1.95,2.9,869.5
Walnuts,Nuts & Legumes,75.0,deep_fried,11.25,10.14,109.47,5.03,1.95,2.4,1037.0
Walnuts,Nuts & Legumes,100.0,raw,14.95,13.47,63.02,6.7,2.6,4.0,661.9
Walnuts,Nuts & Legumes,100.0,boiled,15.23,13.72,64.11,6.7,2.6,4.7,675.2
Walnuts,Nuts & Legumes,100.0,steamed,15.14,13.64,64.0,6.7,2.6,4.3,673.6
Walnuts,Nuts & Legumes,100.0,grilled,15.14,13.64,59.49,6.7,2.6,3.5,640.0
Walnuts,Nuts & Legumes,100.0,baked,15.28,13.77,62.59,6.7,2.6,3.6,668.1
Walnuts,Nuts & Legumes,100.0,fried,15.33,13.82,122.74,6.7,2.6,2.9,1191.3
Walnuts,Nuts & Legumes,100.0,deep_fried,15.17,13.67,149.35,6.7,2.6,2.5,1418.2
Walnuts,Nuts & Legumes,150.0,raw,22.74,20.5,97.3,10.05,3.9,4.1,1023.7
Walnuts,Nuts & Legumes,150.0,boiled,22.89,20.63,96.56,10.05,3.9,4.7,1017.3
Walnuts,Nuts & Legumes,150.0,steamed,22.57,20.34,94.85,10.05,3.9,4.3,997.6
Walnuts,Nuts & Legumes,150.0,grilled,22.84,20.58,90.28,10.05,3.9,3.5,971.9
Walnuts,Nuts & Legumes,150.0,baked,22.89,20.64,93.68,10.05,3.9,3.6,999.9
Walnuts,Nuts & Legumes,150.0,fried,22.92,20.65,182.78,10.05,3.9,2.9,1772.7
Walnuts,Nuts & Legumes,150.0,deep_fried,22.47,20.25,218.41,10.05,3.9,2.4,2068.5
Walnuts,Nuts & Legumes,200.0,raw,30.23,27.24,128.91,13.4,5.2,4.1,1355.7
Walnuts,Nuts & Legumes,200.0,boiled,30.2,27.22,126.11,13.4,5.2,4.7,1326.7
Walnuts,Nuts & Legumes,200.0,steamed,30.42,27.42,129.29,13.4,5.2,4.3,1361.7
Walnuts,Nuts & Legumes,200.0,grilled,30.51,27.5,120.83,13.4,5.2,3.5,1301.0
Walnuts,Nuts & Legumes,200.0,baked,30.74,27.71,126.66,13.4,5.2,3.6,1353.0
Walnuts,Nuts & Legumes,200.0,fried,30.29,27.3,239.45,13.4,5.2,2.9,2318.2
Walnuts,Nuts & Legumes,200.0,deep_fried,30.29,27.3,297.68,13.4,5.2,2.5,2825.7
Walnuts,Nuts & Legumes,250.0,raw,38.33,34.55,165.81,16.75,6.5,4.1,1747.1
Walnuts,Nuts & Legumes,250.0,boiled,38.08,34.33,160.45,16.75,6.5,4.7,1689.9
Walnuts,Nuts & Legumes,250.0,steamed,38.36,34.58,164.44,16.75,6.5,4.3,1733.9
Walnuts,Nuts & Legumes,250.0,grilled,38.08,34.32,150.61,16.75,6.5,3.5,1621.4
Walnuts,Nuts & Legumes,250.0,baked,37.67,33.95,152.16,16.75,6.5,3.6,1621.7
Walnuts,Nuts & Legumes,250.0,fried,37.62,33.91,295.52,16.75,6.5,2.8,2857.5
Walnuts,Nuts & Legumes,250.0,deep_fried,37.56,33.85,366.18,16.75,6.5,2.4,3470.1
Walnuts,Nuts & Legumes,300.0,raw,45.83,41.3,197.54,20.1,7.8,4.1,2080.4
Walnuts,Nuts & Legumes,300.0,boiled,46.01,41.47,195.11,20.1,7.8,4.8,2056.9
Walnuts,Nuts & Legumes,300.0,steamed,46.23,41.67,199.02,20.1,7.8,4.4,2099.8
Walnuts,Nuts & Legumes,300.0,grilled,45.89,41.36,182.23,20.1,7.8,3.5,1962.7
Walnuts,Nuts & Legumes,300.0,baked,46.0,41.46,189.06,20.1,7.8,3.6,2019.0
Walnuts,Nuts & Legumes,300.0,fried,45.4,40.92,358.71,20.1,7.8,2.9,3472.3
Walnuts,Nuts & Legumes,300.0,deep_fried,45.2,40.74,442.08,20.1,7.8,2.4,4191.9
Walnuts,Nuts & Legumes,400.0,raw,61.19,55.15,264.13,26.8,10.4,4.1,2782.2
Walnuts,Nuts & Legumes,400.0,boiled,60.99,54.97,257.19,26.8,10.4,4.7,2709.2
Walnuts,Nuts & Legumes,400.0,steamed,60.85,54.84,258.61,26.8,10.4,4.3,2723.7
Walnuts,Nuts & Legumes,400.0,grilled,60.98,54.96,241.33,26.8,10.4,3.5,2598.3
Walnuts,Nuts & Legumes,400.0,baked,60.95,54.93,248.96,26.8,10.4,3.6,2656.6
Walnuts,Nuts & Legumes,400.0,fried,61.39,55.33,491.77,26.8,10.4,2.9,4773.8
Walnuts,Nuts & Legumes,400.0,deep_fried,61.39,55.33,611.49,26.8,10.4,2.5,5821.7
Walnuts,Nuts & Legumes,500.0,raw,76.31,68.78,328.66,33.5,13.0,4.1,3460.8
Walnuts,Nuts & Legumes,500.0,boiled,76.48,68.93,323.53,33.5,13.0,4.7,3409.4
Walnuts,Nuts & Legumes,500.0,steamed,76.29,68.76,325.23,33.5,13.0,4.3,3426.7
Walnuts,Nuts & Legumes,500.0,grilled,75.74,68.26,297.85,33.5,13.0,3.5,3204.7
Walnuts,Nuts & Legumes,500.0,baked,76.43,68.89,313.21,33.5,13.0,3.6,3343.5
Walnuts,Nuts & Legumes,500.0,fried,75.21,67.78,590.48,33.5,13.0,2.8,5709.1
Walnuts,Nuts & Legumes,500.0,deep_fried,76.6,69.04,761.65,33.5,13.0,2.5,7248.3
Peanut Butter,Nuts & Legumes,30.0,raw,7.46,5.95,14.85,1.8,2.76,1.8,182.5
Peanut Butter,Nuts & Legumes,30.0,boiled,7.55,6.01,14.88,1.8,2.76,2.1,183.4
Peanut Butter,Nuts & Legumes,30.0,steamed,7.48,5.96,14.78,1.8,2.76,1.9,181.9
Peanut Butter,Nuts & Legumes,30.0,grilled,7.56,6.02,14.03,1.8,2.76,1.5,177.9
Peanut Butter,Nuts & Legumes,30.0,baked,7.53,6.0,14.36,1.8,2.76,1.6,179.9
Peanut Butter,Nuts & Legumes,30.0,fried,7.44,5.93,27.3,1.8,2.76,1.2,291.0
Peanut Butter,Nuts & Legumes,30.0,deep_fried,7.55,6.02,35.0,1.8,2.76,1.1,360.9
Peanut Butter,Nuts & Legumes,50.0,raw,12.5,9.96,24.98,3.0,4.6,1.8,307.0
Peanut Butter,Nuts & Legumes,50.0,boiled,12.63,10.07,25.02,3.0,4.6,2.1,308.3
Peanut Butter,Nuts & Legumes,50.0,steamed,12.55,10.0,24.95,3.0,4.6,1.9,307.1
Peanut Butter,Nuts & Legumes,50.0,grilled,12.59,10.03,23.32,3.0,4.6,1.5,295.9
Peanut Butter,Nuts & Legumes,50.0,baked,12.46,9.93,23.6,3.0,4.6,1.6,295.7
Peanut Butter,Nuts & Legumes,50.0,fried,12.49,9.96,46.21,3.0,4.6,1.3,492.9
Peanut Butter,Nuts & Legumes,50.0,deep_fried,12.51,9.97,57.56,3.0,4.6,1.1,593.0
Peanut Butter,Nuts & Legumes,75.0,raw,18.95,15.1,38.29,4.5,6.9,1.8,470.6
Peanut Butter,Nuts & Legumes,75.0,boiled,19.06,15.19,37.98,4.5,6.9,2.1,468.1
Peanut Butter,Nuts & Legumes,75.0,steamed,18.71,14.91,36.97,4.5,6.9,1.9,455.0
Peanut Butter,Nuts & Legumes,75.0,grilled,18.98,15.12,35.34,4.5,6.9,1.5,448.3
Peanut Butter,Nuts & Legumes,75.0,baked,18.52,14.76,34.74,4.5,6.9,1.6,435.3
Peanut Butter,Nuts & Legumes,75.0,fried,18.66,14.87,68.68,4.5,6.9,1.2,732.3
Peanut Butter,Nuts & Legumes,75.0,deep_fried,18.69,14.89,85.69,4.5,6.9,1.1,882.2
Peanut Butter,Nuts & Legumes,100.0,raw,24.85,19.8,49.38,6.0,9.2,1.8,606.7
Peanut Butter,Nuts & Legumes,100.0,boiled,24.8,19.76,48.22,6.0,9.2,2.0,594.1
Peanut Butter,Nuts & Legumes,100.0,steamed,25.18,20.06,50.21,6.0,9.2,1.9,618.0
Peanut Butter,Nuts & Legumes,100.0,grilled,25.06,19.97,46.22,6.0,9.2,1.5,586.4
Peanut Butter,Nuts & Legumes,100.0,baked,25.17,20.06,48.15,6.0,9.2,1.6,603.2
Peanut Butter,Nuts & Legumes,100.0,fried,25.23,20.1,94.21,6.0,9.2,1.3,1006.1
Peanut Butter,Nuts & Legumes,100.0,deep_fried,25.15,20.04,116.38,6.0,9.2,1.1,1199.8
Peanut Butter,Nuts & Legumes,150.0,raw,37.84,30.15,76.35,9.0,13.8,1.8,938.2
Peanut Butter,Nuts & Legumes,150.0,boiled,37.63,29.98,74.01,9.0,13.8,2.1,911.9
Peanut Butter,Nuts & Legumes,150.0,steamed,37.31,29.73,73.51,9.0,13.8,1.9,904.7
Peanut Butter,Nuts & Legumes,150.0,grilled,37.95,30.24,70.66,9.0,13.8,1.5,896.4
Peanut Butter,Nuts & Legumes,150.0,baked,37.48,29.87,71.19,9.0,13.8,1.6,891.8
Peanut Butter,Nuts & Legumes,150.0,fried,37.39,29.79,137.9,9.0,13.8,1.3,1470.6
Peanut Butter,Nuts & Legumes,150.0,deep_fried,37.6,29.96,173.42,9.0,13.8,1.1,1787.0
Peanut Butter,Nuts & Legumes,200.0,raw,49.86,39.73,99.42,12.0,18.4,1.8,1221.5
Peanut Butter,Nuts & Legumes,200.0,boiled,50.04,39.87,98.17,12.0,18.4,2.1,1209.5
Peanut Butter,Nuts & Legumes,200.0,steamed,50.33,40.1,100.31,12.0,18.4,1.9,1234.7
Peanut Butter,Nuts & Legumes,200.0,grilled,50.33,40.1,93.22,12.0,18.4,1.5,1182.6
Peanut Butter,Nuts & Legumes,200.0,baked,49.86,39.73,94.47,12.0,18.4,1.6,1183.5
Peanut Butter,Nuts & Legumes,200.0,fried,50.02,39.85,185.12,12.0,18.4,1.3,1975.0
Peanut Butter,Nuts & Legumes,200.0,deep_fried,50.6,40.32,235.58,12.0,18.4,1.1,2430.9
Peanut Butter,Nuts & Legumes,250.0,raw,62.98,50.19,126.94,15.0,23.0,1.8,1559.8
Peanut Butter,Nuts & Legumes,250.0,boiled,63.73,50.78,127.32,15.0,23.0,2.1,1569.4
Peanut Butter,Nuts & Legumes,250.0,steamed,63.31,50.44,126.95,15.0,23.0,1.9,1562.9
Peanut Butter,Nuts & Legumes,250.0,grilled,63.29,50.43,117.91,15.0,23.0,1.5,1495.8
Peanut Butter,Nuts & Legumes,250.0,baked,62.1,49.48,117.21,15.0,23.0,1.6,1468.5
Peanut Butter,Nuts & Legumes,250.0,fried,63.11,50.29,235.77,15.0,23.0,1.3,2518.2
Peanut Butter,Nuts & Legumes,250.0,deep_fried,62.73,49.98,289.57,15.0,23.0,1.1,2984.3
Peanut Butter,Nuts & Legumes,300.0,raw,74.99,59.75,149.95,18.0,27.6,1.8,1842.4
Peanut Butter,Nuts & Legumes,300.0,boiled,75.39,60.08,148.55,18.0,27.6,2.1,1830.4
Peanut Butter,Nuts & Legumes,300.0,steamed,75.83,60.43,151.81,18.0,27.6,1.9,1868.9
Peanut Butter,Nuts & Legumes,300.0,grilled,75.58,60.23,140.15,18.0,27.6,1.5,1777.9
Peanut Butter,Nuts & Legumes,300.0,baked,74.8,59.6,141.75,18.0,27.6,1.6,1775.8
Peanut Butter,Nuts & Legumes,300.0,fried,75.72,60.33,282.84,18.0,27.6,1.3,3020.8
Peanut Butter,Nuts & Legumes,300.0,deep_fried,74.94,59.71,344.43,18.0,27.6,1.1,3547.4
Peanut Butter,Nuts & Legumes,400.0,raw,100.56,80.13,202.26,24.0,36.8,1.8,2485.3
Peanut Butter,Nuts & Legumes,400.0,boiled,100.17,79.82,196.67,24.0,36.8,2.1,2423.2
Peanut Butter,Nuts & Legumes,400.0,steamed,100.24,79.87,198.93,24.0,36.8,1.9,2448.6
Peanut Butter,Nuts & Legumes,400.0,grilled,100.98,80.46,187.6,24.0,36.8,1.5,2379.9
Peanut Butter,Nuts & Legumes,400.0,baked,99.62,79.38,188.53,24.0,36.8,1.6,2362.0
Peanut Butter,Nuts & Legumes,400.0,fried,101.86,81.17,383.84,24.0,36.8,1.3,4104.2
Peanut Butter,Nuts & Legumes,400.0,deep_fried,99.03,78.91,451.01,24.0,36.8,1.1,4639.4
Peanut Butter,Nuts & Legumes,500.0,raw,124.94,99.55,249.74,30.0,46.0,1.8,3068.5
Peanut Butter,Nuts & Legumes,500.0,boiled,125.85,100.28,248.33,30.0,46.0,2.1,3060.0
Peanut Butter,Nuts & Legumes,500.0,steamed,126.05,100.44,251.67,30.0,46.0,1.9,3098.0
Peanut Butter,Nuts & Legumes,500.0,grilled,125.41,99.92,231.49,30.0,46.0,1.5,2936.8
Peanut Butter,Nuts & Legumes,500.0,baked,125.45,99.96,239.19,30.0,46.0,1.6,2996.5
Peanut Butter,Nuts & Legumes,500.0,fried,125.89,100.31,469.07,30.0,46.0,1.3,5008.3
Peanut Butter,Nuts & Legumes,500.0,deep_fried,125.28,99.83,577.59,30.0,46.0,1.1,5951.4
Chia Seeds,Nuts & Legumes,30.0,raw,5.0,12.76,9.4,10.32,0.0,5.9,136.4
Chia Seeds,Nuts & Legumes,30.0,boiled,4.98,12.71,9.14,10.32,0.0,6.7,133.2
Chia Seeds,Nuts & Legumes,30.0,steamed,4.98,12.71,9.24,10.32,0.0,6.1,134.4
Chia Seeds,Nuts & Legumes,30.0,grilled,4.91,12.54,8.35,10.32,0.0,4.9,126.2
Chia Seeds,Nuts & Legumes,30.0,baked,4.95,12.62,8.74,10.32,0.0,5.1,130.0
Chia Seeds,Nuts & Legumes,30.0,fried,4.94,12.6,16.96,10.32,0.0,4.1,202.7
Chia Seeds,Nuts & Legumes,30.0,deep_fried,4.91,12.53,20.86,10.32,0.0,3.5,237.0
Chia Seeds,Nuts & Legumes,50.0,raw,8.27,21.11,15.43,17.2,0.0,5.8,223.9
Chia Seeds,Nuts & Legumes,50.0,boiled,8.22,20.97,14.92,17.2,0.0,6.6,217.4
Chia Seeds,Nuts & Legumes,50.0,steamed,8.29,21.15,15.35,17.2,0.0,6.1,223.3
Chia Seeds,Nuts & Legumes,50.0,grilled,8.18,20.88,13.9,17.2,0.0,4.9,210.1
Chia Seeds,Nuts & Legumes,50.0,baked,8.36,21.32,14.96,17.2,0.0,5.2,222.6
Chia Seeds,Nuts & Legumes,50.0,fried,8.19,20.91,28.02,17.2,0.0,4.0,334.7
Chia Seeds,Nuts & Legumes,50.0,deep_fried,8.26,21.08,35.42,17.2,0.0,3.5,402.9
Chia Seeds,Nuts & Legumes,75.0,raw,12.45,31.76,23.3,25.8,0.0,5.8,338.1
Chia Seeds,Nuts & Legumes,75.0,boiled,12.32,31.44,22.37,25.8,0.0,6.6,325.9
Chia Seeds,Nuts & Legumes,75.0,steamed,12.45,31.78,23.09,25.8,0.0,6.1,335.9
Chia Seeds,Nuts & Legumes,75.0,grilled,12.26,31.28,20.79,25.8,0.0,4.9,314.4
Chia Seeds,Nuts & Legumes,75.0,baked,12.51,31.92,22.35,25.8,0.0,5.2,332.6
Chia Seeds,Nuts & Legumes,75.0,fried,12.38,31.58,42.61,25.8,0.0,4.1,509.4
Chia Seeds,Nuts & Legumes,75.0,deep_fried,12.32,31.43,52.48,25.8,0.0,3.5,596.6
Chia Seeds,Nuts & Legumes,100.0,raw,16.46,42.01,30.56,34.4,0.0,5.8,443.4
Chia Seeds,Nuts & Legumes,100.0,boiled,16.6,42.36,30.45,34.4,0.0,6.7,443.8
Chia Seeds,Nuts & Legumes,100.0,steamed,16.43,41.92,30.13,34.4,0.0,6.1,438.2
Chia Seeds,Nuts & Legumes,100.0,grilled,16.41,41.86,27.93,34.4,0.0,4.9,422.3
Chia Seeds,Nuts & Legumes,100.0,baked,16.47,42.03,29.07,34.4,0.0,5.1,432.4
Chia Seeds,Nuts & Legumes,100.0,fried,16.35,41.73,55.79,34.4,0.0,4.0,666.4
Chia Seeds,Nuts & Legumes,100.0,deep_fried,16.73,42.67,72.54,34.4,0.0,3.5,826.5
Chia Seeds,Nuts & Legumes,150.0,raw,24.64,62.88,45.66,51.6,0.0,5.8,662.4
Chia Seeds,Nuts & Legumes,150.0,boiled,24.9,63.54,45.69,51.6,0.0,6.7,665.9
Chia Seeds,Nuts & Legumes,150.0,steamed,24.79,63.25,45.73,51.6,0.0,6.1,665.3
Chia Seeds,Nuts & Legumes,150.0,grilled,24.57,62.68,41.74,51.6,0.0,4.9,631.1
Chia Seeds,Nuts & Legumes,150.0,baked,24.75,63.15,43.74,51.6,0.0,5.1,650.8
Chia Seeds,Nuts & Legumes,150.0,fried,24.9,63.52,86.19,51.6,0.0,4.1,1031.1
Chia Seeds,Nuts & Legumes,150.0,deep_fried,24.72,63.06,105.62,51.6,0.0,3.5,1201.1
Chia Seeds,Nuts & Legumes,200.0,raw,33.3,84.95,62.5,68.8,0.0,5.9,907.1
Chia Seeds,Nuts & Legumes,200.0,boiled,33.25,84.85,61.09,68.8,0.0,6.7,890.4
Chia Seeds,Nuts & Legumes,200.0,steamed,33.23,84.78,61.62,68.8,0.0,6.1,896.6
Chia Seeds,Nuts & Legumes,200.0,grilled,32.89,83.91,56.1,68.8,0.0,4.9,848.2
Chia Seeds,Nuts & Legumes,200.0,baked,32.73,83.52,57.39,68.8,0.0,5.1,853.7
Chia Seeds,Nuts & Legumes,200.0,fried,32.85,83.81,112.54,68.8,0.0,4.0,1344.8
Chia Seeds,Nuts & Legumes,200.0,deep_fried,33.05,84.32,141.64,68.8,0.0,3.5,1611.2
Chia Seeds,Nuts & Legumes,250.0,raw,41.42,105.68,77.38,86.0,0.0,5.8,1122.8
Chia Seeds,Nuts & Legumes,250.0,boiled,40.58,103.54,72.76,86.0,0.0,6.6,1060.0
Chia Seeds,Nuts & Legumes,250.0,steamed,41.25,105.24,75.97,86.0,0.0,6.1,1105.1
Chia Seeds,Nuts & Legumes,250.0,grilled,41.3,105.37,70.78,86.0,0.0,4.9,1070.1
Chia Seeds,Nuts & Legumes,250.0,baked,41.16,105.03,72.61,86.0,0.0,5.1,1080.2
Chia Seeds,Nuts & Legumes,250.0,fried,41.65,106.27,144.74,86.0,0.0,4.1,1732.2
Chia Seeds,Nuts & Legumes,250.0,deep_fried,41.38,105.58,177.64,86.0,0.0,3.5,2021.2
Chia Seeds,Nuts & Legumes,300.0,raw,49.99,127.54,93.91,103.2,0.0,5.9,1363.0
Chia Seeds,Nuts & Legumes,300.0,boiled,49.42,126.1,89.97,103.2,0.0,6.7,1310.9
Chia Seeds,Nuts & Legumes,300.0,steamed,49.85,127.19,92.46,103.2,0.0,6.1,1345.3
Chia Seeds,Nuts & Legumes,300.0,grilled,50.11,127.85,86.81,103.2,0.0,5.0,1312.7
Chia Seeds,Nuts & Legumes,300.0,baked,49.99,127.54,89.22,103.2,0.0,5.2,1327.5
Chia Seeds,Nuts & Legumes,300.0,fried,49.09,125.27,167.59,103.2,0.0,4.0,2001.9
Chia Seeds,Nuts & Legumes,300.0,deep_fried,49.41,126.06,211.02,103.2,0.0,3.5,2399.5
Chia Seeds,Nuts & Legumes,400.0,raw,65.83,167.96,122.16,137.6,0.0,5.8,1772.3
Chia Seeds,Nuts & Legumes,400.0,boiled,66.24,169.02,121.23,137.6,0.0,6.7,1766.7
Chia Seeds,Nuts & Legumes,400.0,steamed,66.34,169.27,122.82,137.6,0.0,6.1,1786.9
Chia Seeds,Nuts & Legumes,400.0,grilled,65.58,167.34,111.55,137.6,0.0,4.9,1686.6
Chia Seeds,Nuts & Legumes,400.0,baked,66.03,168.49,116.78,137.6,0.0,5.1,1737.3
Chia Seeds,Nuts & Legumes,400.0,fried,65.0,165.85,220.3,137.6,0.0,4.0,2629.9
Chia Seeds,Nuts & Legumes,400.0,deep_fried,66.71,170.22,288.55,137.6,0.0,3.5,3286.5
Chia Seeds,Nuts & Legumes,500.0,raw,82.18,209.69,152.32,172.0,0.0,5.8,2209.8
Chia Seeds,Nuts & Legumes,500.0,boiled,82.53,210.59,150.56,172.0,0.0,6.7,2193.9
Chia Seeds,Nuts & Legumes,500.0,steamed,82.31,210.01,151.26,172.0,0.0,6.1,2200.2
Chia Seeds,Nuts & Legumes,500.0,grilled,83.21,212.31,143.65,172.0,0.0,5.0,2172.0
Chia Seeds,Nuts & Legumes,500.0,baked,80.74,206.02,139.62,172.0,0.0,5.0,2077.2
Chia Seeds,Nuts & Legumes,500.0,fried,82.49,210.47,283.9,172.0,0.0,4.1,3394.0
Chia Seeds,Nuts & Legumes,500.0,deep_fried,82.43,210.33,352.49,172.0,0.0,3.5,4008.7
Chickpeas (Cooked),Nuts & Legumes,30.0,raw,2.66,8.19,0.77,2.28,1.44,60.0,46.0
Chickpeas (Cooked),Nuts & Legumes,30.0,boiled,2.7,8.33,0.78,2.28,1.44,70.1,46.8
Chickpeas (Cooked),Nuts & Legumes,30.0,steamed,2.65,8.17,0.76,2.28,1.44,62.8,45.7
Chickpeas (Cooked),Nuts & Legumes,30.0,grilled,2.69,8.27,0.73,2.28,1.44,51.5,46.4
Chickpeas (Cooked),Nuts & Legumes,30.0,baked,2.68,8.24,0.74,2.28,1.44,53.1,46.2
Chickpeas (Cooked),Nuts & Legumes,30.0,fried,2.7,8.3,1.47,2.28,1.44,42.5,54.4
Chickpeas (Cooked),Nuts & Legumes,30.0,deep_fried,2.66,8.18,1.78,2.28,1.44,35.9,57.0
Chickpeas (Cooked),Nuts & Legumes,50.0,raw,4.43,13.62,1.29,3.8,2.4,59.9,76.5
Chickpeas (Cooked),Nuts & Legumes,50.0,boiled,4.49,13.81,1.29,3.8,2.4,69.8,77.5
Chickpeas (Cooked),Nuts & Legumes,50.0,steamed,4.46,13.74,1.3,3.8,2.4,63.4,77.3
Chickpeas (Cooked),Nuts & Legumes,50.0,grilled,4.4,13.54,1.17,3.8,2.4,50.6,75.3
Chickpeas (Cooked),Nuts & Legumes,50.0,baked,4.43,13.64,1.23,3.8,2.4,52.8,76.3
Chickpeas (Cooked),Nuts & Legumes,50.0,fried,4.46,13.74,2.42,3.8,2.4,42.3,89.6
Chickpeas (Cooked),Nuts & Legumes,50.0,deep_fried,4.48,13.79,3.03,3.8,2.4,36.3,96.7
Chickpeas (Cooked),Nuts & Legumes,75.0,raw,6.64,20.45,1.93,5.7,3.6,59.9,114.8
Chickpeas (Cooked),Nuts & Legumes,75.0,boiled,6.53,20.1,1.83,5.7,3.6,67.7,111.0
Chickpeas (Cooked),Nuts & Legumes,75.0,steamed,6.7,20.63,1.95,5.7,3.6,63.5,116.1
Chickpeas (Cooked),Nuts & Legumes,75.0,grilled,6.61,20.36,1.76,5.7,3.6,50.7,113.3
Chickpeas (Cooked),Nuts & Legumes,75.0,baked,6.57,20.24,1.8,5.7,3.6,52.2,112.5
Chickpeas (Cooked),Nuts & Legumes,75.0,fried,6.53,20.11,3.45,5.7,3.6,41.2,129.3
Chickpeas (Cooked),Nuts & Legumes,75.0,deep_fried,6.72,20.68,4.54,5.7,3.6,36.3,145.0
Chickpeas (Cooked),Nuts & Legumes,100.0,raw,8.91,27.43,2.61,7.6,4.8,60.3,154.5
Chickpeas (Cooked),Nuts & Legumes,100.0,boiled,8.88,27.35,2.54,7.6,4.8,69.1,152.7
Chickpeas (Cooked),Nuts & Legumes,100.0,steamed,8.99,27.69,2.63,7.6,4.8,63.9,156.3
Chickpeas (Cooked),Nuts & Legumes,100.0,grilled,8.94,27.53,2.41,7.6,4.8,51.4,154.3
Chickpeas (Cooked),Nuts & Legumes,100.0,baked,9.01,27.73,2.53,7.6,4.8,53.6,156.4
Chickpeas (Cooked),Nuts & Legumes,100.0,fried,8.81,27.11,4.71,7.6,4.8,41.7,175.5
Chickpeas (Cooked),Nuts & Legumes,100.0,deep_fried,8.9,27.39,5.98,7.6,4.8,36.1,191.4
Chickpeas (Cooked),Nuts & Legumes,150.0,raw,13.19,40.6,3.81,11.4,7.2,59.5,227.1
Chickpeas (Cooked),Nuts & Legumes,150.0,boiled,13.33,41.03,3.81,11.4,7.2,69.1,229.2
Chickpeas (Cooked),Nuts & Legumes,150.0,steamed,13.33,41.02,3.85,11.4,7.2,63.1,230.0
Chickpeas (Cooked),Nuts & Legumes,150.0,grilled,13.41,41.29,3.62,11.4,7.2,51.4,231.4
Chickpeas (Cooked),Nuts & Legumes,150.0,baked,13.35,41.11,3.71,11.4,7.2,53.0,230.5
Chickpeas (Cooked),Nuts & Legumes,150.0,fried,13.41,41.29,7.28,11.4,7.2,42.3,269.6
Chickpeas (Cooked),Nuts & Legumes,150.0,deep_fried,13.42,41.32,9.06,11.4,7.2,36.3,289.5
Chickpeas (Cooked),Nuts & Legumes,200.0,raw,18.09,55.69,5.37,15.2,9.6,61.2,316.3
Chickpeas (Cooked),Nuts & Legumes,200.0,boiled,17.76,54.67,5.07,15.2,9.6,69.1,305.2
Chickpeas (Cooked),Nuts & Legumes,200.0,steamed,17.67,54.41,5.08,15.2,9.6,62.8,304.2
Chickpeas (Cooked),Nuts & Legumes,200.0,grilled,17.83,54.9,4.8,15.2,9.6,51.3,307.2
Chickpeas (Cooked),Nuts & Legumes,200.0,baked,17.69,54.47,4.88,15.2,9.6,52.7,304.3
Chickpeas (Cooked),Nuts & Legumes,200.0,fried,18.0,55.41,9.83,15.2,9.6,42.6,363.2
Chickpeas (Cooked),Nuts & Legumes,200.0,deep_fried,17.76,54.68,11.91,15.2,9.6,36.0,381.5
Chickpeas (Cooked),Nuts & Legumes,250.0,raw,22.16,68.21,6.44,19.0,12.0,59.9,383.1
Chickpeas (Cooked),Nuts & Legumes,250.0,boiled,22.17,68.26,6.32,19.0,12.0,69.0,380.8
Chickpeas (Cooked),Nuts & Legumes,250.0,steamed,22.37,68.87,6.5,19.0,12.0,63.6,387.6
Chickpeas (Cooked),Nuts & Legumes,250.0,grilled,22.22,68.42,5.97,19.0,12.0,51.1,382.3
Chickpeas (Cooked),Nuts & Legumes,250.0,baked,22.14,68.17,6.12,19.0,12.0,52.7,381.1
Chickpeas (Cooked),Nuts & Legumes,250.0,fried,22.53,69.36,12.33,19.0,12.0,42.7,455.1
Chickpeas (Cooked),Nuts & Legumes,250.0,deep_fried,22.11,68.06,14.76,19.0,12.0,35.9,473.6
Chickpeas (Cooked),Nuts & Legumes,300.0,raw,26.71,82.22,7.8,22.8,14.4,60.2,462.9
Chickpeas (Cooked),Nuts & Legumes,300.0,boiled,26.83,82.6,7.72,22.8,14.4,69.6,463.0
Chickpeas (Cooked),Nuts & Legumes,300.0,steamed,26.37,81.19,7.53,22.8,14.4,62.4,452.6
Chickpeas (Cooked),Nuts & Legumes,300.0,grilled,26.8,82.5,7.23,22.8,14.4,51.4,462.1
Chickpeas (Cooked),Nuts & Legumes,300.0,baked,26.49,81.55,7.29,22.8,14.4,52.6,455.1
Chickpeas (Cooked),Nuts & Legumes,300.0,fried,26.86,82.71,14.61,22.8,14.4,42.4,540.6
Chickpeas (Cooked),Nuts & Legumes,300.0,deep_fried,26.51,81.61,17.68,22.8,14.4,35.9,567.6
Chickpeas (Cooked),Nuts & Legumes,400.0,raw,35.78,110.17,10.51,30.4,19.2,60.5,622.0
Chickpeas (Cooked),Nuts & Legumes,400.0,boiled,35.9,110.51,10.36,30.4,19.2,69.8,620.5
Chickpeas (Cooked),Nuts & Legumes,400.0,steamed,35.83,110.31,10.43,30.4,19.2,63.6,621.3
Chickpeas (Cooked),Nuts & Legumes,400.0,grilled,35.67,109.81,9.6,30.4,19.2,51.3,614.5
Chickpeas (Cooked),Nuts & Legumes,400.0,baked,35.54,109.41,9.85,30.4,19.2,52.9,612.7
Chickpeas (Cooked),Nuts & Legumes,400.0,fried,35.45,109.13,19.07,30.4,19.2,42.0,708.9
Chickpeas (Cooked),Nuts & Legumes,400.0,deep_fried,35.99,110.81,24.45,30.4,19.2,36.5,779.4
Chickpeas (Cooked),Nuts & Legumes,500.0,raw,44.27,136.28,12.86,38.0,24.0,59.9,765.0
Chickpeas (Cooked),Nuts & Legumes,500.0,boiled,44.15,135.93,12.54,38.0,24.0,68.7,756.6
Chickpeas (Cooked),Nuts & Legumes,500.0,steamed,44.72,137.68,13.0,38.0,24.0,63.5,774.8
Chickpeas (Cooked),Nuts & Legumes,500.0,grilled,44.23,136.18,11.82,38.0,24.0,50.9,758.9
Chickpeas (Cooked),Nuts & Legumes,500.0,baked,44.18,136.02,12.17,38.0,24.0,52.6,759.4
Chickpeas (Cooked),Nuts & Legumes,500.0,fried,44.02,135.52,23.53,38.0,24.0,41.7,876.9
Chickpeas (Cooked),Nuts & Legumes,500.0,deep_fried,44.34,136.5,29.68,38.0,24.0,36.0,951.5
Black Beans (Cooked),Nuts & Legumes,30.0,raw,2.67,7.11,0.15,2.61,0.09,65.4,35.6
Black Beans (Cooked),Nuts & Legumes,30.0,boiled,2.67,7.12,0.15,2.61,0.09,75.3,35.5
Black Beans (Cooked),Nuts & Legumes,30.0,steamed,2.69,7.16,0.15,2.61,0.09,69.2,35.9
Black Beans (Cooked),Nuts & Legumes,30.0,grilled,2.68,7.14,0.14,2.61,0.09,55.8,35.9
Black Beans (Cooked),Nuts & Legumes,30.0,baked,2.67,7.1,0.14,2.61,0.09,57.5,35.6
Black Beans (Cooked),Nuts & Legumes,30.0,fried,2.67,7.1,0.28,2.61,0.09,45.7,38.0
Black Beans (Cooked),Nuts & Legumes,30.0,deep_fried,2.68,7.14,0.35,2.61,0.09,39.4,39.7
Black Beans (Cooked),Nuts & Legumes,50.0,raw,4.49,11.96,0.25,4.35,0.15,66.0,60.1
Black Beans (Cooked),Nuts & Legumes,50.0,boiled,4.45,11.86,0.25,4.35,0.15,75.3,59.1
Black Beans (Cooked),Nuts & Legumes,50.0,steamed,4.43,11.81,0.25,4.35,0.15,68.4,58.9
Black Beans (Cooked),Nuts & Legumes,50.0,grilled,4.42,11.76,0.23,4.35,0.15,55.2,58.8
Black Beans (Cooked),Nuts & Legumes,50.0,baked,4.4,11.72,0.23,4.35,0.15,56.9,58.4
Black Beans (Cooked),Nuts & Legumes,50.0,fried,4.47,11.91,0.47,4.35,0.15,46.0,63.9
Black Beans (Cooked),Nuts & Legumes,50.0,deep_fried,4.47,11.9,0.58,4.35,0.15,39.4,66.1
Black Beans (Cooked),Nuts & Legumes,75.0,raw,6.7,17.85,0.38,6.52,0.22,65.7,89.6
Black Beans (Cooked),Nuts & Legumes,75.0,boiled,6.67,17.76,0.37,6.52,0.22,75.1,88.5
Black Beans (Cooked),Nuts & Legumes,75.0,steamed,6.75,17.96,0.38,6.52,0.22,69.4,90.2
Black Beans (Cooked),Nuts & Legumes,75.0,grilled,6.65,17.71,0.34,6.52,0.22,55.4,88.7
Black Beans (Cooked),Nuts & Legumes,75.0,baked,6.72,17.9,0.36,6.52,0.22,58.0,90.0
Black Beans (Cooked),Nuts & Legumes,75.0,fried,6.67,17.77,0.69,6.52,0.22,45.8,95.1
Black Beans (Cooked),Nuts & Legumes,75.0,deep_fried,6.64,17.69,0.85,6.52,0.22,39.1,97.9
Black Beans (Cooked),Nuts & Legumes,100.0,raw,8.94,23.81,0.5,8.7,0.3,65.7,119.4
Black Beans (Cooked),Nuts & Legumes,100.0,boiled,8.93,23.77,0.49,8.7,0.3,75.4,118.6
Black Beans (Cooked),Nuts & Legumes,100.0,steamed,8.92,23.76,0.5,8.7,0.3,68.9,118.9
Black Beans (Cooked),Nuts & Legumes,100.0,grilled,8.91,23.71,0.46,8.7,0.3,55.6,119.0
Black Beans (Cooked),Nuts & Legumes,100.0,baked,8.9,23.69,0.47,8.7,0.3,57.5,118.7
Black Beans (Cooked),Nuts & Legumes,100.0,fried,9.06,24.12,0.96,8.7,0.3,46.6,130.3
Black Beans (Cooked),Nuts & Legumes,100.0,deep_fried,8.98,23.91,1.17,8.7,0.3,39.6,133.1
Black Beans (Cooked),Nuts & Legumes,150.0,raw,13.42,35.74,0.76,13.05,0.45,65.8,179.4
Black Beans (Cooked),Nuts & Legumes,150.0,boiled,13.36,35.58,0.74,13.05,0.45,75.3,177.3
Black Beans (Cooked),Nuts & Legumes,150.0,steamed,13.45,35.82,0.75,13.05,0.45,69.2,179.6
Black Beans (Cooked),Nuts & Legumes,150.0,grilled,13.4,35.69,0.7,13.05,0.45,55.8,179.3
Black Beans (Cooked),Nuts & Legumes,150.0,baked,13.35,35.56,0.71,13.05,0.45,57.6,178.2
Black Beans (Cooked),Nuts & Legumes,150.0,fried,13.32,35.47,1.38,13.05,0.45,45.7,189.8
Black Beans (Cooked),Nuts & Legumes,150.0,deep_fried,13.34,35.53,1.72,13.05,0.45,39.2,197.0
Black Beans (Cooked),Nuts & Legumes,200.0,raw,17.38,46.27,0.95,17.4,0.6,63.8,229.0
Black Beans (Cooked),Nuts & Legumes,200.0,boiled,17.83,47.47,0.98,17.4,0.6,75.3,236.6
Black Beans (Cooked),Nuts & Legumes,200.0,steamed,17.73,47.23,0.98,17.4,0.6,68.4,235.5
Black Beans (Cooked),Nuts & Legumes,200.0,grilled,18.01,47.97,0.94,17.4,0.6,56.3,241.9
Black Beans (Cooked),Nuts & Legumes,200.0,baked,17.8,47.41,0.95,17.4,0.6,57.6,237.6
Black Beans (Cooked),Nuts & Legumes,200.0,fried,17.64,46.98,1.82,17.4,0.6,45.4,250.6
Black Beans (Cooked),Nuts & Legumes,200.0,deep_fried,17.79,47.38,2.3,17.4,0.6,39.2,262.7
Black Beans (Cooked),Nuts & Legumes,250.0,raw,22.08,58.79,1.23,21.75,0.75,64.9,293.2
Black Beans (Cooked),Nuts & Legumes,250.0,boiled,22.33,59.46,1.23,21.75,0.75,75.5,296.7
Black Beans (Cooked),Nuts & Legumes,250.0,steamed,22.3,59.38,1.24,21.75,0.75,68.8,297.0
Black Beans (Cooked),Nuts & Legumes,250.0,grilled,22.41,59.68,1.17,21.75,0.75,56.0,300.3
Black Beans (Cooked),Nuts & Legumes,250.0,baked,22.12,58.9,1.17,21.75,0.75,57.2,294.3
Black Beans (Cooked),Nuts & Legumes,250.0,fried,22.26,59.27,2.31,21.75,0.75,45.8,317.4
Black Beans (Cooked),Nuts & Legumes,250.0,deep_fried,22.02,58.64,2.82,21.75,0.75,38.8,323.7
Black Beans (Cooked),Nuts & Legumes,300.0,raw,26.84,71.47,1.52,26.1,0.9,65.7,358.8
Black Beans (Cooked),Nuts & Legumes,300.0,boiled,26.8,71.38,1.48,26.1,0.9,75.5,356.2
Black Beans (Cooked),Nuts & Legumes,300.0,steamed,26.8,71.36,1.5,26.1,0.9,68.9,357.2
Black Beans (Cooked),Nuts & Legumes,300.0,grilled,26.7,71.1,1.38,26.1,0.9,55.6,356.6
Black Beans (Cooked),Nuts & Legumes,300.0,baked,26.78,71.32,1.43,26.1,0.9,57.7,357.9
Black Beans (Cooked),Nuts & Legumes,300.0,fried,27.02,71.96,2.84,26.1,0.9,46.3,387.5
Black Beans (Cooked),Nuts & Legumes,300.0,deep_fried,26.64,70.95,3.44,26.1,0.9,39.2,393.1
Black Beans (Cooked),Nuts & Legumes,400.0,raw,35.64,94.9,2.0,34.8,1.2,65.5,475.4
Black Beans (Cooked),Nuts & Legumes,400.0,boiled,35.31,94.03,1.93,34.8,1.2,74.6,466.5
Black Beans (Cooked),Nuts & Legumes,400.0,steamed,35.37,94.18,1.95,34.8,1.2,68.2,469.0
Black Beans (Cooked),Nuts & Legumes,400.0,grilled,35.63,94.87,1.84,34.8,1.2,55.6,475.9
Black Beans (Cooked),Nuts & Legumes,400.0,baked,35.89,95.58,1.93,34.8,1.2,58.0,480.9
Black Beans (Cooked),Nuts & Legumes,400.0,fried,35.53,94.62,3.69,34.8,1.2,45.7,506.3
Black Beans (Cooked),Nuts & Legumes,400.0,deep_fried,35.54,94.63,4.58,34.8,1.2,39.2,524.4
Black Beans (Cooked),Nuts & Legumes,500.0,raw,44.36,118.14,2.48,43.5,1.5,65.2,590.6
Black Beans (Cooked),Nuts & Legumes,500.0,boiled,44.32,118.02,2.43,43.5,1.5,74.9,586.7
Black Beans (Cooked),Nuts & Legumes,500.0,steamed,44.6,118.76,2.49,43.5,1.5,68.8,594.0
Black Beans (Cooked),Nuts & Legumes,500.0,grilled,44.0,117.17,2.25,43.5,1.5,55.0,584.5
Black Beans (Cooked),Nuts & Legumes,500.0,baked,44.93,119.64,2.42,43.5,1.5,58.1,602.3
Black Beans (Cooked),Nuts & Legumes,500.0,fried,44.28,117.91,4.58,43.5,1.5,45.6,630.0
Black Beans (Cooked),Nuts & Legumes,500.0,deep_fried,44.74,119.14,5.81,43.5,1.5,39.5,662.3
Lentils (Cooked),Nuts & Legumes,30.0,raw,2.67,5.97,0.12,2.37,0.54,68.9,31.1
Lentils (Cooked),Nuts & Legumes,30.0,boiled,2.71,6.06,0.12,2.37,0.54,80.4,31.6
Lentils (Cooked),Nuts & Legumes,30.0,steamed,2.71,6.06,0.12,2.37,0.54,73.4,31.7
Lentils (Cooked),Nuts & Legumes,30.0,grilled,2.71,6.05,0.11,2.37,0.54,59.3,31.7
Lentils (Cooked),Nuts & Legumes,30.0,baked,2.68,5.99,0.11,2.37,0.54,60.8,31.2
Lentils (Cooked),Nuts & Legumes,30.0,fried,2.71,6.04,0.22,2.37,0.54,48.8,33.7
Lentils (Cooked),Nuts & Legumes,30.0,deep_fried,2.68,5.98,0.27,2.37,0.54,41.4,34.4
Lentils (Cooked),Nuts & Legumes,50.0,raw,4.49,10.03,0.2,3.95,0.9,69.5,52.4
Lentils (Cooked),Nuts & Legumes,50.0,boiled,4.53,10.13,0.2,3.95,0.9,80.7,52.9
Lentils (Cooked),Nuts & Legumes,50.0,steamed,4.53,10.11,0.2,3.95,0.9,73.5,52.9
Lentils (Cooked),Nuts & Legumes,50.0,grilled,4.5,10.05,0.18,3.95,0.9,59.2,52.6
Lentils (Cooked),Nuts & Legumes,50.0,baked,4.47,9.98,0.19,3.95,0.9,60.8,52.1
Lentils (Cooked),Nuts & Legumes,50.0,fried,4.52,10.1,0.37,3.95,0.9,49.0,56.4
Lentils (Cooked),Nuts & Legumes,50.0,deep_fried,4.5,10.05,0.46,3.95,0.9,41.8,58.0
Lentils (Cooked),Nuts & Legumes,75.0,raw,6.63,14.81,0.29,5.93,1.35,68.4,76.8
Lentils (Cooked),Nuts & Legumes,75.0,boiled,6.79,15.16,0.3,5.93,1.35,80.5,79.1
Lentils (Cooked),Nuts & Legumes,75.0,steamed,6.75,15.07,0.3,5.93,1.35,73.1,78.7
Lentils (Cooked),Nuts & Legumes,75.0,grilled,6.81,15.21,0.28,5.93,1.35,59.7,80.0
Lentils (Cooked),Nuts & Legumes,75.0,baked,6.69,14.95,0.28,5.93,1.35,60.7,78.0
Lentils (Cooked),Nuts & Legumes,75.0,fried,6.59,14.72,0.53,5.93,1.35,47.6,81.2
Lentils (Cooked),Nuts & Legumes,75.0,deep_fried,6.76,15.11,0.69,5.93,1.35,41.8,87.2
Lentils (Cooked),Nuts & Legumes,100.0,raw,9.02,20.14,0.4,7.9,1.8,69.8,105.5
Lentils (Cooked),Nuts & Legumes,100.0,boiled,8.89,19.85,0.38,7.9,1.8,79.0,102.7
Lentils (Cooked),Nuts & Legumes,100.0,steamed,8.93,19.95,0.39,7.9,1.8,72.5,103.8
Lentils (Cooked),Nuts & Legumes,100.0,grilled,9.19,20.52,0.38,7.9,1.8,60.4,108.6
Lentils (Cooked),Nuts & Legumes,100.0,baked,8.98,20.05,0.38,7.9,1.8,61.1,104.9
Lentils (Cooked),Nuts & Legumes,100.0,fried,9.05,20.21,0.75,7.9,1.8,49.0,113.1
Lentils (Cooked),Nuts & Legumes,100.0,deep_fried,8.96,20.0,0.91,7.9,1.8,41.6,115.1
Lentils (Cooked),Nuts & Legumes,150.0,raw,13.29,29.68,0.58,11.85,2.7,68.5,154.1
Lentils (Cooked),Nuts & Legumes,150.0,boiled,13.48,30.11,0.59,11.85,2.7,79.9,156.6
Lentils (Cooked),Nuts & Legumes,150.0,steamed,13.47,30.09,0.59,11.85,2.7,72.9,156.9
Lentils (Cooked),Nuts & Legumes,150.0,grilled,13.46,30.06,0.55,11.85,2.7,59.0,157.3
Lentils (Cooked),Nuts & Legumes,150.0,baked,13.49,30.12,0.57,11.85,2.7,61.2,157.7
Lentils (Cooked),Nuts & Legumes,150.0,fried,13.53,30.21,1.11,11.85,2.7,48.8,168.7
Lentils (Cooked),Nuts & Legumes,150.0,deep_fried,13.48,30.12,1.38,11.85,2.7,41.7,173.7
Lentils (Cooked),Nuts & Legumes,200.0,raw,17.83,39.82,0.78,15.8,3.6,68.9,207.3
Lentils (Cooked),Nuts & Legumes,200.0,boiled,18.07,40.35,0.79,15.8,3.6,80.3,210.4
Lentils (Cooked),Nuts & Legumes,200.0,steamed,17.74,39.61,0.77,15.8,3.6,72.0,205.3
Lentils (Cooked),Nuts & Legumes,200.0,grilled,17.72,39.58,0.71,15.8,3.6,58.3,205.9
Lentils (Cooked),Nuts & Legumes,200.0,baked,18.1,40.42,0.77,15.8,3.6,61.6,212.2
Lentils (Cooked),Nuts & Legumes,200.0,fried,18.07,40.35,1.49,15.8,3.6,48.9,225.5
Lentils (Cooked),Nuts & Legumes,200.0,deep_fried,17.99,40.18,1.84,15.8,3.6,41.7,231.7
Lentils (Cooked),Nuts & Legumes,250.0,raw,22.26,49.72,0.98,19.75,4.5,68.9,258.8
Lentils (Cooked),Nuts & Legumes,250.0,boiled,22.38,49.98,0.97,19.75,4.5,79.6,259.5
Lentils (Cooked),Nuts & Legumes,250.0,steamed,22.46,50.15,0.99,19.75,4.5,72.9,261.6
Lentils (Cooked),Nuts & Legumes,250.0,grilled,22.23,49.65,0.9,19.75,4.5,58.5,258.7
Lentils (Cooked),Nuts & Legumes,250.0,baked,22.38,49.97,0.94,19.75,4.5,60.9,261.0
Lentils (Cooked),Nuts & Legumes,250.0,fried,22.61,50.5,1.87,19.75,4.5,49.0,282.4
Lentils (Cooked),Nuts & Legumes,250.0,deep_fried,22.74,50.79,2.35,19.75,4.5,42.2,294.4
Lentils (Cooked),Nuts & Legumes,300.0,raw,26.92,60.11,1.19,23.7,5.4,69.4,314.0
Lentils (Cooked),Nuts & Legumes,300.0,boiled,27.15,60.64,1.19,23.7,5.4,80.5,316.5
Lentils (Cooked),Nuts & Legumes,300.0,steamed,26.61,59.43,1.15,23.7,5.4,72.0,308.0
Lentils (Cooked),Nuts & Legumes,300.0,grilled,27.13,60.6,1.11,23.7,5.4,59.5,318.3
Lentils (Cooked),Nuts & Legumes,300.0,baked,26.84,59.94,1.13,23.7,5.4,60.9,313.0
Lentils (Cooked),Nuts & Legumes,300.0,fried,27.06,60.44,2.23,23.7,5.4,48.8,337.5
Lentils (Cooked),Nuts & Legumes,300.0,deep_fried,26.95,60.19,2.75,23.7,5.4,41.7,346.9
Lentils (Cooked),Nuts & Legumes,400.0,raw,36.36,81.2,1.63,31.6,7.2,70.3,426.8
Lentils (Cooked),Nuts & Legumes,400.0,boiled,35.76,79.87,1.55,31.6,7.2,79.5,414.4
Lentils (Cooked),Nuts & Legumes,400.0,steamed,36.17,80.78,1.6,31.6,7.2,73.4,422.7
Lentils (Cooked),Nuts & Legumes,400.0,grilled,35.92,80.23,1.47,31.6,7.2,59.0,420.1
Lentils (Cooked),Nuts & Legumes,400.0,baked,35.96,80.3,1.52,31.6,7.2,61.2,420.3
Lentils (Cooked),Nuts & Legumes,400.0,fried,35.95,80.29,2.95,31.6,7.2,48.7,447.6
Lentils (Cooked),Nuts & Legumes,400.0,deep_fried,35.77,79.89,3.63,31.6,7.2,41.5,459.5
Lentils (Cooked),Nuts & Legumes,500.0,raw,45.0,100.49,2.0,39.5,9.0,69.6,525.7
Lentils (Cooked),Nuts & Legumes,500.0,boiled,44.98,100.45,1.96,39.5,9.0,80.0,522.7
Lentils (Cooked),Nuts & Legumes,500.0,steamed,45.08,100.68,1.99,39.5,9.0,73.2,526.0
Lentils (Cooked),Nuts & Legumes,500.0,grilled,45.03,100.56,1.84,39.5,9.0,59.2,527.2
Lentils (Cooked),Nuts & Legumes,500.0,baked,45.27,101.1,1.92,39.5,9.0,61.6,530.9
Lentils (Cooked),Nuts & Legumes,500.0,fried,45.31,101.2,3.75,39.5,9.0,49.1,566.4
Lentils (Cooked),Nuts & Legumes,500.0,deep_fried,44.65,99.71,4.53,39.5,9.0,41.4,573.1
Tofu (Firm),Nuts & Legumes,30.0,raw,2.75,0.57,1.46,0.27,0.18,83.0,25.9
Tofu (Firm),Nuts & Legumes,30.0,boiled,2.71,0.56,1.39,0.27,0.18,94.0,24.8
Tofu (Firm),Nuts & Legumes,30.0,steamed,2.74,0.57,1.44,0.27,0.18,87.0,25.6
Tofu (Firm),Nuts & Legumes,30.0,grilled,2.74,0.57,1.34,0.27,0.18,70.5,24.9
Tofu (Firm),Nuts & Legumes,30.0,baked,2.69,0.56,1.33,0.27,0.18,71.6,24.4
Tofu (Firm),Nuts & Legumes,30.0,fried,2.73,0.57,2.67,0.27,0.18,57.8,36.7
Tofu (Firm),Nuts & Legumes,30.0,deep_fried,2.72,0.57,3.29,0.27,0.18,49.3,42.2
Tofu (Firm),Nuts & Legumes,50.0,raw,4.52,0.94,2.37,0.45,0.3,82.0,42.1
Tofu (Firm),Nuts & Legumes,50.0,boiled,4.6,0.96,2.4,0.45,0.3,95.8,42.8
Tofu (Firm),Nuts & Legumes,50.0,steamed,4.53,0.95,2.35,0.45,0.3,86.2,42.0
Tofu (Firm),Nuts & Legumes,50.0,grilled,4.52,0.94,2.18,0.45,0.3,69.7,40.7
Tofu (Firm),Nuts & Legumes,50.0,baked,4.55,0.95,2.28,0.45,0.3,72.6,41.7
Tofu (Firm),Nuts & Legumes,50.0,fried,4.57,0.95,4.49,0.45,0.3,58.0,61.6
Tofu (Firm),Nuts & Legumes,50.0,deep_fried,4.55,0.95,5.51,0.45,0.3,49.4,70.6
Tofu (Firm),Nuts & Legumes,75.0,raw,6.88,1.44,3.66,0.68,0.45,83.2,64.9
Tofu (Firm),Nuts & Legumes,75.0,boiled,6.85,1.43,3.56,0.68,0.45,95.3,63.5
Tofu (Firm),Nuts & Legumes,75.0,steamed,6.71,1.4,3.45,0.68,0.45,85.2,61.6
Tofu (Firm),Nuts & Legumes,75.0,grilled,6.8,1.42,3.29,0.68,0.45,69.8,61.4
Tofu (Firm),Nuts & Legumes,75.0,baked,6.8,1.42,3.39,0.68,0.45,72.3,62.1
Tofu (Firm),Nuts & Legumes,75.0,fried,6.85,1.43,6.71,0.68,0.45,58.0,92.1
Tofu (Firm),Nuts & Legumes,75.0,deep_fried,6.69,1.4,7.95,0.68,0.45,48.5,102.0
Tofu (Firm),Nuts & Legumes,100.0,raw,9.27,1.94,4.98,0.9,0.6,84.1,88.1
Tofu (Firm),Nuts & Legumes,100.0,boiled,9.14,1.91,4.74,0.9,0.6,95.3,84.7
Tofu (Firm),Nuts & Legumes,100.0,steamed,9.11,1.9,4.76,0.9,0.6,86.7,84.8
Tofu (Firm),Nuts & Legumes,100.0,grilled,9.18,1.92,4.49,0.9,0.6,70.7,83.6
Tofu (Firm),Nuts & Legumes,100.0,baked,9.26,1.93,4.72,0.9,0.6,73.9,86.0
Tofu (Firm),Nuts & Legumes,100.0,fried,9.16,1.91,9.0,0.9,0.6,58.1,123.6
Tofu (Firm),Nuts & Legumes,100.0,deep_fried,9.16,1.91,11.2,0.9,0.6,49.9,143.5
Tofu (Firm),Nuts & Legumes,150.0,raw,13.66,2.85,7.21,1.35,0.9,82.6,128.0
Tofu (Firm),Nuts & Legumes,150.0,boiled,13.64,2.85,7.04,1.35,0.9,94.8,125.9
Tofu (Firm),Nuts & Legumes,150.0,steamed,13.6,2.84,7.08,1.35,0.9,86.3,126.2
Tofu (Firm),Nuts & Legumes,150.0,grilled,13.57,2.83,6.54,1.35,0.9,69.7,122.2
Tofu (Firm),Nuts & Legumes,150.0,baked,13.58,2.84,6.77,1.35,0.9,72.2,124.0
Tofu (Firm),Nuts & Legumes,150.0,fried,13.51,2.82,13.05,1.35,0.9,57.2,179.4
Tofu (Firm),Nuts & Legumes,150.0,deep_fried,13.64,2.85,16.54,1.35,0.9,49.5,212.0
Tofu (Firm),Nuts & Legumes,200.0,raw,17.97,3.75,9.36,1.8,1.2,81.5,166.6
Tofu (Firm),Nuts & Legumes,200.0,boiled,18.23,3.81,9.43,1.8,1.2,95.0,168.6
Tofu (Firm),Nuts & Legumes,200.0,steamed,18.2,3.8,9.5,1.8,1.2,86.6,169.3
Tofu (Firm),Nuts & Legumes,200.0,grilled,18.22,3.8,8.85,1.8,1.2,70.2,165.0
Tofu (Firm),Nuts & Legumes,200.0,baked,18.13,3.79,9.05,1.8,1.2,72.3,165.7
Tofu (Firm),Nuts & Legumes,200.0,fried,18.62,3.89,18.58,1.8,1.2,59.1,255.0
Tofu (Firm),Nuts & Legumes,200.0,deep_fried,18.39,3.84,22.53,1.8,1.2,50.0,288.8
Tofu (Firm),Nuts & Legumes,250.0,raw,22.54,4.71,11.78,2.25,1.5,81.7,209.5
Tofu (Firm),Nuts & Legumes,250.0,boiled,22.79,4.76,11.8,2.25,1.5,95.0,210.9
Tofu (Firm),Nuts & Legumes,250.0,steamed,22.65,4.73,11.77,2.25,1.5,86.2,210.0
Tofu (Firm),Nuts & Legumes,250.0,grilled,22.58,4.71,10.87,2.25,1.5,69.6,203.1
Tofu (Firm),Nuts & Legumes,250.0,baked,22.52,4.7,11.17,2.25,1.5,71.9,204.8
Tofu (Firm),Nuts & Legumes,250.0,fried,22.82,4.77,22.34,2.25,1.5,57.9,306.8
Tofu (Firm),Nuts & Legumes,250.0,deep_fried,22.63,4.73,27.32,2.25,1.5,49.2,350.3
Tofu (Firm),Nuts & Legumes,300.0,raw,27.5,5.74,14.61,2.7,1.8,83.1,259.0
Tofu (Firm),Nuts & Legumes,300.0,boiled,27.5,5.74,14.32,2.7,1.8,95.6,255.6
Tofu (Firm),Nuts & Legumes,300.0,steamed,27.58,5.76,14.55,2.7,1.8,87.5,258.8
Tofu (Firm),Nuts & Legumes,300.0,grilled,27.13,5.66,13.08,2.7,1.8,69.7,244.3
Tofu (Firm),Nuts & Legumes,300.0,baked,27.4,5.72,13.78,2.7,1.8,72.9,251.9
Tofu (Firm),Nuts & Legumes,300.0,fried,27.43,5.73,26.89,2.7,1.8,58.0,369.3
Tofu (Firm),Nuts & Legumes,300.0,deep_fried,27.2,5.68,32.88,2.7,1.8,49.3,421.5
Tofu (Firm),Nuts & Legumes,400.0,raw,36.19,7.56,18.98,3.6,2.4,82.0,337.3
Tofu (Firm),Nuts & Legumes,400.0,boiled,36.84,7.69,19.27,3.6,2.4,96.0,343.7
Tofu (Firm),Nuts & Legumes,400.0,steamed,36.46,7.61,19.07,3.6,2.4,86.8,339.7
Tofu (Firm),Nuts & Legumes,400.0,grilled,36.57,7.64,17.83,3.6,2.4,70.5,332.2
Tofu (Firm),Nuts & Legumes,400.0,baked,36.18,7.55,18.02,3.6,2.4,72.2,330.0
Tofu (Firm),Nuts & Legumes,400.0,fried,36.07,7.53,34.87,3.6,2.4,57.2,479.3
Tofu (Firm),Nuts & Legumes,400.0,deep_fried,36.24,7.57,43.78,3.6,2.4,49.3,561.3
Tofu (Firm),Nuts & Legumes,500.0,raw,45.46,9.49,23.96,4.5,3.0,82.4,425.4
Tofu (Firm),Nuts & Legumes,500.0,boiled,45.14,9.42,23.14,4.5,3.0,94.1,414.3
Tofu (Firm),Nuts & Legumes,500.0,steamed,45.5,9.5,23.76,4.5,3.0,86.6,423.4
Tofu (Firm),Nuts & Legumes,500.0,grilled,44.92,9.38,21.52,4.5,3.0,69.2,402.5
Tofu (Firm),Nuts & Legumes,500.0,baked,45.12,9.42,22.42,4.5,3.0,72.0,410.9
Tofu (Firm),Nuts & Legumes,500.0,fried,45.73,9.55,44.85,4.5,3.0,58.0,615.9
Tofu (Firm),Nuts & Legumes,500.0,deep_fried,45.71,9.54,55.7,4.5,3.0,49.7,714.0
Cashews,Nuts & Legumes,30.0,raw,5.44,9.03,13.06,0.99,1.77,5.2,172.6
Cashews,Nuts & Legumes,30.0,boiled,5.42,8.99,12.68,0.99,1.77,5.9,168.3
Cashews,Nuts & Legumes,30.0,steamed,5.42,8.99,12.81,0.99,1.77,5.4,169.8
Cashews,Nuts & Legumes,30.0,grilled,5.44,9.03,12.02,0.99,1.77,4.4,164.7
Cashews,Nuts & Legumes,30.0,baked,5.49,9.1,12.6,0.99,1.77,4.6,170.2
Cashews,Nuts & Legumes,30.0,fried,5.5,9.12,24.65,0.99,1.77,3.7,276.1
Cashews,Nuts & Legumes,30.0,deep_fried,5.44,9.03,30.0,0.99,1.77,3.1,321.9
Cashews,Nuts & Legumes,50.0,raw,9.02,14.97,21.52,1.65,2.95,5.2,284.6
Cashews,Nuts & Legumes,50.0,boiled,9.12,15.13,21.55,1.65,2.95,6.0,285.9
Cashews,Nuts & Legumes,50.0,steamed,9.04,15.01,21.41,1.65,2.95,5.4,283.7
Cashews,Nuts & Legumes,50.0,grilled,9.06,15.04,19.99,1.65,2.95,4.4,274.0
Cashews,Nuts & Legumes,50.0,baked,9.19,15.25,21.22,1.65,2.95,4.6,286.5
Cashews,Nuts & Legumes,50.0,fried,9.16,15.19,41.02,1.65,2.95,3.7,459.4
Cashews,Nuts & Legumes,50.0,deep_fried,9.11,15.12,50.49,1.65,2.95,3.1,542.0
Cashews,Nuts & Legumes,75.0,raw,13.52,22.43,32.22,2.47,4.43,5.2,426.1
Cashews,Nuts & Legumes,75.0,boiled,13.67,22.69,32.3,2.47,4.43,6.0,428.5
Cashews,Nuts & Legumes,75.0,steamed,13.76,22.83,33.04,2.47,4.43,5.5,437.6
Cashews,Nuts & Legumes,75.0,grilled,13.61,22.59,30.05,2.47,4.43,4.4,411.9
Cashews,Nuts & Legumes,75.0,baked,13.79,22.88,31.84,2.47,4.43,4.6,429.9
Cashews,Nuts & Legumes,75.0,fried,13.78,22.87,61.95,2.47,4.43,3.7,694.1
Cashews,Nuts & Legumes,75.0,deep_fried,13.82,22.93,77.44,2.47,4.43,3.2,832.4
Cashews,Nuts & Legumes,100.0,raw,18.24,30.27,44.0,3.3,5.9,5.2,581.5
Cashews,Nuts & Legumes,100.0,boiled,18.28,30.33,43.3,3.3,5.9,6.0,574.4
Cashews,Nuts & Legumes,100.0,steamed,18.39,30.52,44.28,3.3,5.9,5.5,586.4
Cashews,Nuts & Legumes,100.0,grilled,18.26,30.3,40.57,3.3,5.9,4.4,555.7
Cashews,Nuts & Legumes,100.0,baked,18.13,30.09,41.3,3.3,5.9,4.6,558.1
Cashews,Nuts & Legumes,100.0,fried,18.14,30.1,80.48,3.3,5.9,3.6,900.8
Cashews,Nuts & Legumes,100.0,deep_fried,18.23,30.25,101.1,3.3,5.9,3.1,1085.4
Cashews,Nuts & Legumes,150.0,raw,27.04,44.86,64.43,4.95,8.85,5.1,852.0
Cashews,Nuts & Legumes,150.0,boiled,27.27,45.25,64.25,4.95,8.85,6.0,852.4
Cashews,Nuts & Legumes,150.0,steamed,27.52,45.67,66.11,4.95,8.85,5.5,875.5
Cashews,Nuts & Legumes,150.0,grilled,26.85,44.56,58.46,4.95,8.85,4.3,802.1
Cashews,Nuts & Legumes,150.0,baked,27.61,45.82,63.85,4.95,8.85,4.6,862.1
Cashews,Nuts & Legumes,150.0,fried,27.53,45.68,123.59,4.95,8.85,3.7,1384.5
Cashews,Nuts & Legumes,150.0,deep_fried,27.21,45.14,150.07,4.95,8.85,3.1,1610.3
Cashews,Nuts & Legumes,200.0,raw,36.55,60.65,88.31,6.6,11.8,5.2,1167.1
Cashews,Nuts & Legumes,200.0,boiled,36.4,60.4,85.85,6.6,11.8,6.0,1139.0
Cashews,Nuts & Legumes,200.0,steamed,36.74,60.96,88.32,6.6,11.8,5.5,1169.7
Cashews,Nuts & Legumes,200.0,grilled,36.67,60.85,81.78,6.6,11.8,4.5,1120.1
Cashews,Nuts & Legumes,200.0,baked,36.02,59.77,81.47,6.6,11.8,4.5,1101.4
Cashews,Nuts & Legumes,200.0,fried,36.56,60.67,163.49,6.6,11.8,3.7,1830.9
Cashews,Nuts & Legumes,200.0,deep_fried,36.34,60.31,200.86,6.6,11.8,3.1,2155.7
Cashews,Nuts & Legumes,250.0,raw,45.53,75.55,109.64,8.25,14.75,5.2,1449.2
Cashews,Nuts & Legumes,250.0,boiled,45.25,75.09,106.14,8.25,14.75,5.9,1408.5
Cashews,Nuts & Legumes,250.0,steamed,46.1,76.49,111.25,8.25,14.75,5.5,1473.2
Cashews,Nuts & Legumes,250.0,grilled,45.85,76.09,102.31,8.25,14.75,4.5,1401.2
Cashews,Nuts & Legumes,250.0,baked,45.25,75.08,102.87,8.25,14.75,4.6,1390.2
Cashews,Nuts & Legumes,250.0,fried,45.04,74.74,198.52,8.25,14.75,3.6,2220.8
Cashews,Nuts & Legumes,250.0,deep_fried,45.37,75.28,250.39,8.25,14.75,3.1,2686.9
Cashews,Nuts & Legumes,300.0,raw,54.78,90.9,132.26,9.9,17.7,5.2,1748.0
Cashews,Nuts & Legumes,300.0,boiled,54.7,90.76,129.24,9.9,17.7,6.0,1714.5
Cashews,Nuts & Legumes,300.0,steamed,55.11,91.45,132.53,9.9,17.7,5.5,1755.1
Cashews,Nuts & Legumes,300.0,grilled,54.92,91.14,122.32,9.9,17.7,4.4,1675.4
Cashews,Nuts & Legumes,300.0,baked,55.0,91.26,126.65,9.9,17.7,4.6,1710.3
Cashews,Nuts & Legumes,300.0,fried,54.73,90.82,244.28,9.9,17.7,3.6,2735.2
Cashews,Nuts & Legumes,300.0,deep_fried,54.03,89.66,295.92,9.9,17.7,3.1,3173.1
Cashews,Nuts & Legumes,400.0,raw,72.69,120.62,174.69,13.2,23.6,5.2,2309.1
Cashews,Nuts & Legumes,400.0,boiled,73.38,121.76,174.43,13.2,23.6,6.0,2313.6
Cashews,Nuts & Legumes,400.0,steamed,72.77,120.75,173.31,13.2,23.6,5.5,2295.9
Cashews,Nuts & Legumes,400.0,grilled,73.07,121.26,162.4,13.2,23.6,4.4,2224.7
Cashews,Nuts & Legumes,400.0,baked,72.63,120.51,165.64,13.2,23.6,4.6,2238.1
Cashews,Nuts & Legumes,400.0,fried,72.24,119.87,319.11,13.2,23.6,3.6,3570.4
Cashews,Nuts & Legumes,400.0,deep_fried,72.73,120.69,402.21,13.2,23.6,3.1,4317.0
Cashews,Nuts & Legumes,500.0,raw,91.21,151.35,220.02,16.5,29.5,5.2,2907.9
Cashews,Nuts & Legumes,500.0,boiled,90.55,150.26,212.51,16.5,29.5,6.0,2820.0
Cashews,Nuts & Legumes,500.0,steamed,90.84,150.73,216.04,16.5,29.5,5.5,2862.2
Cashews,Nuts & Legumes,500.0,grilled,90.36,149.94,198.64,16.5,29.5,4.4,2723.2
Cashews,Nuts & Legumes,500.0,baked,91.76,152.27,211.54,16.5,29.5,4.6,2856.6
Cashews,Nuts & Legumes,500.0,fried,90.8,150.67,403.36,16.5,29.5,3.6,4514.8
Cashews,Nuts & Legumes,500.0,deep_fried,91.99,152.65,514.68,16.5,29.5,3.2,5531.5
Cheeseburger,Prepared,30.0,raw,4.61,7.22,4.33,0.39,1.44,48.6,85.9
Cheeseburger,Prepared,30.0,boiled,4.56,7.14,4.14,0.39,1.44,55.2,83.1
Cheeseburger,Prepared,30.0,steamed,4.53,7.09,4.12,0.39,1.44,50.0,82.6
Cheeseburger,Prepared,30.0,grilled,4.49,7.03,3.77,0.39,1.44,40.2,79.5
Cheeseburger,Prepared,30.0,baked,4.51,7.06,3.93,0.39,1.44,41.8,81.1
Cheeseburger,Prepared,30.0,fried,4.51,7.07,7.66,0.39,1.44,33.3,114.7
Cheeseburger,Prepared,30.0,deep_fried,4.61,7.21,9.93,0.39,1.44,29.1,137.2
Cheeseburger,Prepared,50.0,raw,7.61,11.91,7.06,0.65,2.4,48.0,140.5
Cheeseburger,Prepared,50.0,boiled,7.62,11.93,6.95,0.65,2.4,55.4,139.2
Cheeseburger,Prepared,50.0,steamed,7.47,11.7,6.75,0.65,2.4,49.6,135.5
Cheeseburger,Prepared,50.0,grilled,7.53,11.79,6.37,0.65,2.4,40.4,134.1
Cheeseburger,Prepared,50.0,baked,7.65,11.98,6.79,0.65,2.4,42.5,139.3
Cheeseburger,Prepared,50.0,fried,7.62,11.93,13.1,0.65,2.4,33.7,195.9
Cheeseburger,Prepared,50.0,deep_fried,7.59,11.89,16.18,0.65,2.4,28.8,223.7
Cheeseburger,Prepared,75.0,raw,11.45,17.93,10.66,0.98,3.6,48.2,212.0
Cheeseburger,Prepared,75.0,boiled,11.54,18.07,10.62,0.98,3.6,55.9,212.3
Cheeseburger,Prepared,75.0,steamed,11.38,17.82,10.43,0.98,3.6,50.3,208.6
Cheeseburger,Prepared,75.0,grilled,11.41,17.86,9.74,0.98,3.6,40.8,204.5
Cheeseburger,Prepared,75.0,baked,11.42,17.88,10.08,0.98,3.6,42.3,207.2
Cheeseburger,Prepared,75.0,fried,11.6,18.17,20.27,0.98,3.6,34.2,302.4
Cheeseburger,Prepared,75.0,deep_fried,11.22,17.57,23.56,0.98,3.6,28.3,326.1
Cheeseburger,Prepared,100.0,raw,15.28,23.92,14.24,1.3,4.8,48.2,283.1
Cheeseburger,Prepared,100.0,boiled,15.19,23.78,13.79,1.3,4.8,55.2,276.7
Cheeseburger,Prepared,100.0,steamed,15.26,23.9,14.08,1.3,4.8,50.6,281.0
Cheeseburger,Prepared,100.0,grilled,15.13,23.68,12.84,1.3,4.8,40.6,270.1
Cheeseburger,Prepared,100.0,baked,15.19,23.79,13.39,1.3,4.8,42.2,275.3
Cheeseburger,Prepared,100.0,fried,15.28,23.93,26.36,1.3,4.8,33.8,393.9
Cheeseburger,Prepared,100.0,deep_fried,15.55,24.36,33.94,1.3,4.8,29.5,468.5
Cheeseburger,Prepared,150.0,raw,22.94,35.92,21.41,1.95,7.2,48.3,425.4
Cheeseburger,Prepared,150.0,boiled,22.65,35.47,20.46,1.95,7.2,54.8,411.0
Cheeseburger,Prepared,150.0,steamed,22.73,35.59,20.81,1.95,7.2,50.2,416.2
Cheeseburger,Prepared,150.0,grilled,22.72,35.58,19.33,1.95,7.2,40.7,406.2
Cheeseburger,Prepared,150.0,baked,22.49,35.22,19.55,1.95,7.2,41.7,403.6
Cheeseburger,Prepared,150.0,fried,22.74,35.61,38.93,1.95,7.2,33.5,582.3
Cheeseburger,Prepared,150.0,deep_fried,22.93,35.9,49.18,1.95,7.2,29.0,679.5
Cheeseburger,Prepared,200.0,raw,30.11,47.15,27.66,2.6,9.6,47.5,551.9
Cheeseburger,Prepared,200.0,boiled,30.64,47.97,28.07,2.6,9.6,55.6,561.9
Cheeseburger,Prepared,200.0,steamed,30.51,47.77,28.12,2.6,9.6,50.6,561.5
Cheeseburger,Prepared,200.0,grilled,30.23,47.34,25.66,2.6,9.6,40.6,539.7
Cheeseburger,Prepared,200.0,baked,30.37,47.55,26.73,2.6,9.6,42.2,549.9
Cheeseburger,Prepared,200.0,fried,30.76,48.17,53.42,2.6,9.6,34.0,797.7
Cheeseburger,Prepared,200.0,deep_fried,30.57,47.86,65.57,2.6,9.6,29.0,906.0
Cheeseburger,Prepared,250.0,raw,38.0,59.5,35.25,3.25,12.0,48.0,701.5
Cheeseburger,Prepared,250.0,boiled,37.93,59.39,34.42,3.25,12.0,55.1,690.6
Cheeseburger,Prepared,250.0,steamed,38.02,59.53,34.94,3.25,12.0,50.4,698.1
Cheeseburger,Prepared,250.0,grilled,37.85,59.27,32.18,3.25,12.0,40.6,676.5
Cheeseburger,Prepared,250.0,baked,37.4,58.56,32.43,3.25,12.0,41.6,669.9
Cheeseburger,Prepared,250.0,fried,38.58,60.41,67.21,3.25,12.0,34.1,1003.3
Cheeseburger,Prepared,250.0,deep_fried,38.04,59.57,81.26,3.25,12.0,28.8,1123.1
Cheeseburger,Prepared,300.0,raw,45.74,71.61,42.55,3.9,14.4,48.1,846.2
Cheeseburger,Prepared,300.0,boiled,45.58,71.37,41.42,3.9,14.4,55.2,830.8
Cheeseburger,Prepared,300.0,steamed,45.35,71.01,41.42,3.9,14.4,50.1,829.0
Cheeseburger,Prepared,300.0,grilled,45.54,71.3,38.81,3.9,14.4,40.7,815.3
Cheeseburger,Prepared,300.0,baked,45.05,70.54,39.22,3.9,14.4,41.7,809.2
Cheeseburger,Prepared,300.0,fried,46.38,72.62,80.93,3.9,14.4,34.2,1207.9
Cheeseburger,Prepared,300.0,deep_fried,45.18,70.74,95.49,3.9,14.4,28.5,1321.0
Cheeseburger,Prepared,400.0,raw,60.33,94.46,55.53,5.2,19.2,47.6,1107.3
Cheeseburger,Prepared,400.0,boiled,60.6,94.89,54.91,5.2,19.2,55.0,1102.2
Cheeseburger,Prepared,400.0,steamed,61.39,96.12,56.91,5.2,19.2,50.9,1134.7
Cheeseburger,Prepared,400.0,grilled,60.81,95.21,51.9,5.2,19.2,40.8,1089.8
Cheeseburger,Prepared,400.0,baked,60.24,94.32,52.59,5.2,19.2,41.8,1084.2
Cheeseburger,Prepared,400.0,fried,61.37,96.1,106.3,5.2,19.2,33.9,1587.8
Cheeseburger,Prepared,400.0,deep_fried,61.13,95.72,131.14,5.2,19.2,29.0,1811.9
Cheeseburger,Prepared,500.0,raw,76.31,119.48,71.07,6.5,24.0,48.2,1412.9
Cheeseburger,Prepared,500.0,boiled,76.41,119.64,69.83,6.5,24.0,55.5,1398.6
Cheeseburger,Prepared,500.0,steamed,77.36,121.14,72.3,6.5,24.0,51.3,1438.8
Cheeseburger,Prepared,500.0,grilled,77.25,120.95,66.99,6.5,24.0,41.5,1400.5
Cheeseburger,Prepared,500.0,baked,75.61,118.39,66.29,6.5,24.0,42.0,1365.0
Cheeseburger,Prepared,500.0,fried,76.93,120.45,133.6,6.5,24.0,34.0,1995.0
Cheeseburger,Prepared,500.0,deep_fried,76.22,119.34,163.08,6.5,24.0,28.9,2253.7
Pepperoni Pizza,Prepared,30.0,raw,3.61,8.43,3.48,0.6,1.05,47.2,78.5
Pepperoni Pizza,Prepared,30.0,boiled,3.55,8.29,3.3,0.6,1.05,53.4,75.5
Pepperoni Pizza,Prepared,30.0,steamed,3.6,8.39,3.41,0.6,1.05,49.3,77.5
Pepperoni Pizza,Prepared,30.0,grilled,3.58,8.35,3.14,0.6,1.05,39.7,75.3
Pepperoni Pizza,Prepared,30.0,baked,3.62,8.45,3.32,0.6,1.05,41.6,77.6
Pepperoni Pizza,Prepared,30.0,fried,3.63,8.47,6.49,0.6,1.05,33.2,106.8
Pepperoni Pizza,Prepared,30.0,deep_fried,3.54,8.27,7.69,0.6,1.05,27.8,116.2
Pepperoni Pizza,Prepared,50.0,raw,6.0,14.0,5.75,1.0,1.75,47.0,130.0
Pepperoni Pizza,Prepared,50.0,boiled,6.05,14.12,5.73,1.0,1.75,54.5,130.4
Pepperoni Pizza,Prepared,50.0,steamed,5.99,13.98,5.68,1.0,1.75,49.3,129.0
Pepperoni Pizza,Prepared,50.0,grilled,6.03,14.08,5.35,1.0,1.75,40.2,127.9
Pepperoni Pizza,Prepared,50.0,baked,6.02,14.04,5.49,1.0,1.75,41.5,128.5
Pepperoni Pizza,Prepared,50.0,fried,6.02,14.04,10.69,1.0,1.75,33.0,176.1
Pepperoni Pizza,Prepared,50.0,deep_fried,5.99,13.97,13.17,1.0,1.75,28.1,198.6
Pepperoni Pizza,Prepared,75.0,raw,8.92,20.81,8.47,1.5,2.62,46.6,192.0
Pepperoni Pizza,Prepared,75.0,boiled,8.92,20.82,8.31,1.5,2.62,53.6,190.0
Pepperoni Pizza,Prepared,75.0,steamed,9.05,21.11,8.63,1.5,2.62,49.6,195.7
Pepperoni Pizza,Prepared,75.0,grilled,9.0,21.0,7.94,1.5,2.62,40.0,190.2
Pepperoni Pizza,Prepared,75.0,baked,8.99,20.98,8.18,1.5,2.62,41.3,191.6
Pepperoni Pizza,Prepared,75.0,fried,8.97,20.93,15.85,1.5,2.62,32.8,261.3
Pepperoni Pizza,Prepared,75.0,deep_fried,8.98,20.95,19.75,1.5,2.62,28.1,297.8
Pepperoni Pizza,Prepared,100.0,raw,12.09,28.22,11.68,2.0,3.5,47.4,263.5
Pepperoni Pizza,Prepared,100.0,boiled,11.97,27.93,11.21,2.0,3.5,53.9,255.9
Pepperoni Pizza,Prepared,100.0,steamed,11.88,27.72,11.16,2.0,3.5,48.9,254.3
Pepperoni Pizza,Prepared,100.0,grilled,12.07,28.16,10.7,2.0,3.5,40.2,255.9
Pepperoni Pizza,Prepared,100.0,baked,11.98,27.96,10.89,2.0,3.5,41.3,255.2
Pepperoni Pizza,Prepared,100.0,fried,12.0,28.01,21.29,2.0,3.5,32.9,350.7
Pepperoni Pizza,Prepared,100.0,deep_fried,12.14,28.34,27.09,2.0,3.5,28.5,407.7
Pepperoni Pizza,Prepared,150.0,raw,18.0,41.99,17.24,3.0,5.25,47.0,389.9
Pepperoni Pizza,Prepared,150.0,boiled,18.04,42.09,16.98,3.0,5.25,54.2,387.0
Pepperoni Pizza,Prepared,150.0,steamed,17.84,41.63,16.78,3.0,5.25,48.9,382.2
Pepperoni Pizza,Prepared,150.0,grilled,17.97,41.93,15.82,3.0,5.25,39.9,379.2
Pepperoni Pizza,Prepared,150.0,baked,18.08,42.19,16.54,3.0,5.25,41.5,386.8
Pepperoni Pizza,Prepared,150.0,fried,17.79,41.51,31.17,3.0,5.25,32.5,514.7
Pepperoni Pizza,Prepared,150.0,deep_fried,18.03,42.06,39.79,3.0,5.25,28.2,599.7
Pepperoni Pizza,Prepared,200.0,raw,24.02,56.04,23.03,4.0,7.0,47.0,520.7
Pepperoni Pizza,Prepared,200.0,boiled,24.01,56.02,22.55,4.0,7.0,54.1,514.4
Pepperoni Pizza,Prepared,200.0,steamed,24.19,56.44,23.12,4.0,7.0,49.7,524.1
Pepperoni Pizza,Prepared,200.0,grilled,24.06,56.14,21.27,4.0,7.0,40.1,509.1
Pepperoni Pizza,Prepared,200.0,baked,24.27,56.62,22.33,4.0,7.0,41.8,521.3
Pepperoni Pizza,Prepared,200.0,fried,23.82,55.58,41.92,4.0,7.0,32.7,691.6
Pepperoni Pizza,Prepared,200.0,deep_fried,24.02,56.06,53.01,4.0,7.0,28.2,798.9
Pepperoni Pizza,Prepared,250.0,raw,30.02,70.04,28.79,5.0,8.75,47.0,650.8
Pepperoni Pizza,Prepared,250.0,boiled,29.76,69.44,27.72,5.0,8.75,53.6,633.9
Pepperoni Pizza,Prepared,250.0,steamed,30.22,70.5,28.87,5.0,8.75,49.7,654.5
Pepperoni Pizza,Prepared,250.0,grilled,30.52,71.22,27.37,5.0,8.75,40.6,652.2
Pepperoni Pizza,Prepared,250.0,baked,30.0,69.99,27.31,5.0,8.75,41.4,639.7
Pepperoni Pizza,Prepared,250.0,fried,30.11,70.27,53.59,5.0,8.75,33.0,882.4
Pepperoni Pizza,Prepared,250.0,deep_fried,30.02,70.04,66.21,5.0,8.75,28.2,997.9
Pepperoni Pizza,Prepared,300.0,raw,35.81,83.55,34.13,6.0,10.5,46.7,773.0
Pepperoni Pizza,Prepared,300.0,boiled,35.51,82.85,32.89,6.0,10.5,53.3,753.4
Pepperoni Pizza,Prepared,300.0,steamed,35.81,83.56,33.79,6.0,10.5,49.1,769.0
Pepperoni Pizza,Prepared,300.0,grilled,35.62,83.12,31.08,6.0,10.5,39.5,747.2
Pepperoni Pizza,Prepared,300.0,baked,36.46,85.07,33.61,6.0,10.5,41.9,784.2
Pepperoni Pizza,Prepared,300.0,fried,35.97,83.93,63.71,6.0,10.5,32.9,1049.9
Pepperoni Pizza,Prepared,300.0,deep_fried,35.91,83.78,78.94,6.0,10.5,28.1,1190.3
Pepperoni Pizza,Prepared,400.0,raw,48.32,112.75,46.61,8.0,14.0,47.3,1051.9
Pepperoni Pizza,Prepared,400.0,boiled,47.6,111.06,44.32,8.0,14.0,53.6,1013.6
Pepperoni Pizza,Prepared,400.0,steamed,47.72,111.36,45.02,8.0,14.0,49.1,1024.5
Pepperoni Pizza,Prepared,400.0,grilled,48.02,112.06,42.36,8.0,14.0,40.0,1014.7
Pepperoni Pizza,Prepared,400.0,baked,48.37,112.86,44.37,8.0,14.0,41.7,1036.9
Pepperoni Pizza,Prepared,400.0,fried,48.18,112.42,85.74,8.0,14.0,33.0,1411.8
Pepperoni Pizza,Prepared,400.0,deep_fried,48.09,112.21,106.19,8.0,14.0,28.3,1600.3
Pepperoni Pizza,Prepared,500.0,raw,60.04,140.08,57.57,10.0,17.5,47.0,1301.4
Pepperoni Pizza,Prepared,500.0,boiled,60.18,140.42,56.69,10.0,17.5,54.2,1291.8
Pepperoni Pizza,Prepared,500.0,steamed,60.09,140.21,57.1,10.0,17.5,49.4,1296.5
Pepperoni Pizza,Prepared,500.0,grilled,59.54,138.92,52.08,10.0,17.5,39.6,1251.0
Pepperoni Pizza,Prepared,500.0,baked,60.02,140.05,54.66,10.0,17.5,41.4,1280.2
Pepperoni Pizza,Prepared,500.0,fried,59.52,138.87,104.66,10.0,17.5,32.6,1727.0
Pepperoni Pizza,Prepared,500.0,deep_fried,60.04,140.09,132.41,10.0,17.5,28.2,1995.8
French Fries,Prepared,30.0,raw,1.02,12.38,4.47,1.14,0.09,38.9,91.6
French Fries,Prepared,30.0,boiled,1.04,12.66,4.58,1.14,0.09,45.7,94.1
French Fries,Prepared,30.0,steamed,1.02,12.42,4.45,1.14,0.09,40.9,91.5
French Fries,Prepared,30.0,grilled,1.01,12.29,4.05,1.14,0.09,32.8,87.9
French Fries,Prepared,30.0,baked,1.02,12.41,4.27,1.14,0.09,34.3,90.4
French Fries,Prepared,30.0,fried,1.02,12.47,8.39,1.14,0.09,27.4,128.1
French Fries,Prepared,30.0,deep_fried,1.03,12.58,10.61,1.14,0.09,23.7,149.3
French Fries,Prepared,50.0,raw,1.69,20.61,7.43,1.9,0.15,38.8,152.3
French Fries,Prepared,50.0,boiled,1.68,20.45,7.18,1.9,0.15,44.3,148.5
French Fries,Prepared,50.0,steamed,1.71,20.83,7.52,1.9,0.15,41.2,154.3
French Fries,Prepared,50.0,grilled,1.68,20.49,6.76,1.9,0.15,32.8,146.6
French Fries,Prepared,50.0,baked,1.69,20.63,7.08,1.9,0.15,34.2,149.9
French Fries,Prepared,50.0,fried,1.7,20.66,13.82,1.9,0.15,27.2,211.2
French Fries,Prepared,50.0,deep_fried,1.7,20.69,17.23,1.9,0.15,23.4,242.7
French Fries,Prepared,75.0,raw,2.56,31.21,11.37,2.85,0.22,39.2,232.4
French Fries,Prepared,75.0,boiled,2.54,30.89,10.91,2.85,0.22,44.6,225.4
French Fries,Prepared,75.0,steamed,2.54,30.99,11.09,2.85,0.22,40.9,228.1
French Fries,Prepared,75.0,grilled,2.55,31.05,10.35,2.85,0.22,33.1,223.7
French Fries,Prepared,75.0,baked,2.55,31.08,10.71,2.85,0.22,34.4,226.6
French Fries,Prepared,75.0,fried,2.55,31.07,20.84,2.85,0.22,27.3,318.3
French Fries,Prepared,75.0,deep_fried,2.56,31.15,26.04,2.85,0.22,23.5,366.7
French Fries,Prepared,100.0,raw,3.42,41.66,15.19,3.8,0.3,39.2,310.4
French Fries,Prepared,100.0,boiled,3.41,41.52,14.79,3.8,0.3,45.0,304.9
French Fries,Prepared,100.0,steamed,3.41,41.54,14.95,3.8,0.3,41.1,307.1
French Fries,Prepared,100.0,grilled,3.36,40.91,13.47,3.8,0.3,32.8,292.3
French Fries,Prepared,100.0,baked,3.4,41.42,14.26,3.8,0.3,34.3,301.8
French Fries,Prepared,100.0,fried,3.41,41.55,27.95,3.8,0.3,27.4,426.7
French Fries,Prepared,100.0,deep_fried,3.42,41.63,34.88,3.8,0.3,23.5,491.1
French Fries,Prepared,150.0,raw,5.07,61.78,22.27,5.7,0.45,38.8,456.4
French Fries,Prepared,150.0,boiled,5.07,61.79,21.83,5.7,0.45,44.6,451.0
French Fries,Prepared,150.0,steamed,5.08,61.83,22.08,5.7,0.45,40.8,454.5
French Fries,Prepared,150.0,grilled,5.12,62.35,20.87,5.7,0.45,33.3,450.6
French Fries,Prepared,150.0,baked,5.14,62.58,21.71,5.7,0.45,34.6,458.5
French Fries,Prepared,150.0,fried,5.08,61.91,41.37,5.7,0.45,27.2,632.1
French Fries,Prepared,150.0,deep_fried,5.13,62.52,52.45,5.7,0.45,23.6,738.4
French Fries,Prepared,200.0,raw,6.81,82.88,30.06,7.6,0.6,39.0,615.1
French Fries,Prepared,200.0,boiled,6.79,82.72,29.35,7.6,0.6,44.8,605.6
French Fries,Prepared,200.0,steamed,6.79,82.67,29.61,7.6,0.6,40.9,608.9
French Fries,Prepared,200.0,grilled,6.84,83.26,27.91,7.6,0.6,33.3,602.4
French Fries,Prepared,200.0,baked,6.82,83.0,28.64,7.6,0.6,34.4,605.7
French Fries,Prepared,200.0,fried,6.92,84.21,57.39,7.6,0.6,27.8,874.9
French Fries,Prepared,200.0,deep_fried,6.76,82.27,68.12,7.6,0.6,23.3,960.1
French Fries,Prepared,250.0,raw,8.53,103.9,37.79,9.5,0.75,39.2,772.8
French Fries,Prepared,250.0,boiled,8.47,103.09,36.46,9.5,0.75,44.7,753.0
French Fries,Prepared,250.0,steamed,8.44,102.83,36.64,9.5,0.75,40.7,754.6
French Fries,Prepared,250.0,grilled,8.5,103.49,34.49,9.5,0.75,33.1,745.7
French Fries,Prepared,250.0,baked,8.51,103.61,35.7,9.5,0.75,34.4,755.3
French Fries,Prepared,250.0,fried,8.69,105.77,72.41,9.5,0.75,27.9,1103.3
French Fries,Prepared,250.0,deep_fried,8.49,103.36,86.01,9.5,0.75,23.4,1211.7
French Fries,Prepared,300.0,raw,10.11,123.15,44.24,11.4,0.9,38.7,907.5
French Fries,Prepared,300.0,boiled,10.22,124.45,44.28,11.4,0.9,44.9,913.1
French Fries,Prepared,300.0,steamed,10.04,122.27,43.16,11.4,0.9,40.3,891.1
French Fries,Prepared,300.0,grilled,10.19,124.11,41.34,11.4,0.9,33.1,893.9
French Fries,Prepared,300.0,baked,10.2,124.21,42.76,11.4,0.9,34.3,904.9
French Fries,Prepared,300.0,fried,10.26,124.94,84.24,11.4,0.9,27.5,1285.7
French Fries,Prepared,300.0,deep_fried,10.27,125.11,105.01,11.4,0.9,23.6,1478.3
French Fries,Prepared,400.0,raw,13.55,164.97,59.55,15.2,1.2,38.9,1220.1
French Fries,Prepared,400.0,boiled,13.58,165.41,58.67,15.2,1.2,44.8,1210.8
French Fries,Prepared,400.0,steamed,13.52,164.65,58.72,15.2,1.2,40.7,1209.0
French Fries,Prepared,400.0,grilled,13.48,164.2,54.27,15.2,1.2,32.9,1176.1
French Fries,Prepared,400.0,baked,13.63,165.98,57.26,15.2,1.2,34.4,1211.1
French Fries,Prepared,400.0,fried,13.47,164.02,108.88,15.2,1.2,27.0,1665.1
French Fries,Prepared,400.0,deep_fried,13.56,165.09,137.14,15.2,1.2,23.3,1932.3
French Fries,Prepared,500.0,raw,16.87,205.45,73.88,19.0,1.5,38.7,1515.2
French Fries,Prepared,500.0,boiled,17.07,207.85,74.11,19.0,1.5,45.0,1527.5
French Fries,Prepared,500.0,steamed,17.23,209.8,76.26,19.0,1.5,41.5,1562.6
French Fries,Prepared,500.0,grilled,16.83,204.98,67.65,19.0,1.5,32.8,1466.7
French Fries,Prepared,500.0,baked,16.76,204.12,69.27,19.0,1.5,33.8,1471.8
French Fries,Prepared,500.0,fried,16.98,206.81,138.49,19.0,1.5,27.3,2115.5
French Fries,Prepared,500.0,deep_fried,17.0,207.02,172.54,19.0,1.5,23.4,2430.3
Fried Chicken Wing,Prepared,30.0,raw,7.06,2.04,5.87,0.09,0.06,51.1,89.1
Fried Chicken Wing,Prepared,30.0,boiled,7.03,2.03,5.69,0.09,0.06,58.5,86.9
Fried Chicken Wing,Prepared,30.0,steamed,7.04,2.04,5.77,0.09,0.06,53.5,87.9
Fried Chicken Wing,Prepared,30.0,grilled,7.07,2.05,5.41,0.09,0.06,43.5,85.7
Fried Chicken Wing,Prepared,30.0,baked,7.11,2.06,5.64,0.09,0.06,45.2,87.9
Fried Chicken Wing,Prepared,30.0,fried,6.95,2.01,10.51,0.09,0.06,35.2,129.4
Fried Chicken Wing,Prepared,30.0,deep_fried,7.03,2.03,13.38,0.09,0.06,30.5,155.9
Fried Chicken Wing,Prepared,50.0,raw,11.77,3.41,9.78,0.15,0.1,51.1,148.5
Fried Chicken Wing,Prepared,50.0,boiled,11.67,3.38,9.42,0.15,0.1,58.2,144.0
Fried Chicken Wing,Prepared,50.0,steamed,11.9,3.44,9.9,0.15,0.1,54.2,150.5
Fried Chicken Wing,Prepared,50.0,grilled,11.69,3.38,8.88,0.15,0.1,43.1,140.9
Fried Chicken Wing,Prepared,50.0,baked,11.75,3.4,9.26,0.15,0.1,44.9,144.3
Fried Chicken Wing,Prepared,50.0,fried,11.8,3.41,18.19,0.15,0.1,35.8,223.9
Fried Chicken Wing,Prepared,50.0,deep_fried,11.7,3.38,22.23,0.15,0.1,30.5,259.0
Fried Chicken Wing,Prepared,75.0,raw,17.38,5.03,14.22,0.22,0.15,50.3,216.4
Fried Chicken Wing,Prepared,75.0,boiled,17.57,5.08,14.24,0.22,0.15,58.5,217.4
Fried Chicken Wing,Prepared,75.0,steamed,17.76,5.14,14.7,0.22,0.15,54.0,223.7
Fried Chicken Wing,Prepared,75.0,grilled,17.58,5.09,13.39,0.22,0.15,43.2,212.3
Fried Chicken Wing,Prepared,75.0,baked,17.51,5.07,13.72,0.22,0.15,44.6,214.0
Fried Chicken Wing,Prepared,75.0,fried,17.75,5.14,27.43,0.22,0.15,35.9,337.6
Fried Chicken Wing,Prepared,75.0,deep_fried,17.58,5.09,33.47,0.22,0.15,30.5,390.0
Fried Chicken Wing,Prepared,100.0,raw,23.41,6.77,19.35,0.3,0.2,50.8,294.0
Fried Chicken Wing,Prepared,100.0,boiled,23.53,6.81,19.15,0.3,0.2,58.7,292.3
Fried Chicken Wing,Prepared,100.0,steamed,23.64,6.84,19.53,0.3,0.2,53.9,297.2
Fried Chicken Wing,Prepared,100.0,grilled,23.92,6.92,18.58,0.3,0.2,44.1,293.7
Fried Chicken Wing,Prepared,100.0,baked,23.65,6.84,18.75,0.3,0.2,45.2,292.0
Fried Chicken Wing,Prepared,100.0,fried,23.7,6.86,36.7,0.3,0.2,36.0,451.7
Fried Chicken Wing,Prepared,100.0,deep_fried,23.41,6.77,44.51,0.3,0.2,30.5,518.5
Fried Chicken Wing,Prepared,150.0,raw,34.98,10.12,28.8,0.45,0.3,50.6,437.8
Fried Chicken Wing,Prepared,150.0,boiled,35.27,10.2,28.69,0.45,0.3,58.7,437.9
Fried Chicken Wing,Prepared,150.0,steamed,35.28,10.21,29.0,0.45,0.3,53.6,441.6
Fried Chicken Wing,Prepared,150.0,grilled,34.96,10.12,26.47,0.45,0.3,43.0,420.2
Fried Chicken Wing,Prepared,150.0,baked,35.2,10.19,27.71,0.45,0.3,44.8,432.0
Fried Chicken Wing,Prepared,150.0,fried,35.36,10.23,54.44,0.45,0.3,35.8,670.0
Fried Chicken Wing,Prepared,150.0,deep_fried,35.35,10.23,67.64,0.45,0.3,30.7,788.2
Fried Chicken Wing,Prepared,200.0,raw,47.18,13.65,39.3,0.6,0.4,51.2,596.4
Fried Chicken Wing,Prepared,200.0,boiled,47.1,13.63,38.39,0.6,0.4,58.8,585.8
Fried Chicken Wing,Prepared,200.0,steamed,46.82,13.55,38.32,0.6,0.4,53.3,583.9
Fried Chicken Wing,Prepared,200.0,grilled,46.82,13.55,35.6,0.6,0.4,43.2,564.7
Fried Chicken Wing,Prepared,200.0,baked,46.58,13.48,36.38,0.6,0.4,44.5,567.9
Fried Chicken Wing,Prepared,200.0,fried,47.63,13.78,74.08,0.6,0.4,36.2,911.8
Fried Chicken Wing,Prepared,200.0,deep_fried,47.0,13.6,89.72,0.6,0.4,30.6,1045.3
Fried Chicken Wing,Prepared,250.0,raw,58.65,16.97,48.59,0.75,0.5,50.9,737.9
Fried Chicken Wing,Prepared,250.0,boiled,58.34,16.88,47.11,0.75,0.5,58.2,719.7
Fried Chicken Wing,Prepared,250.0,steamed,60.04,17.37,50.39,0.75,0.5,54.7,765.4
Fried Chicken Wing,Prepared,250.0,grilled,58.28,16.86,44.13,0.75,0.5,43.0,700.4
Fried Chicken Wing,Prepared,250.0,baked,58.56,16.95,46.01,0.75,0.5,44.7,717.5
Fried Chicken Wing,Prepared,250.0,fried,58.93,17.05,90.75,0.75,0.5,35.8,1116.9
Fried Chicken Wing,Prepared,250.0,deep_fried,59.01,17.08,113.13,0.75,0.5,30.7,1318.4
Fried Chicken Wing,Prepared,300.0,raw,71.01,20.55,59.34,0.9,0.6,51.4,900.2
Fried Chicken Wing,Prepared,300.0,boiled,71.46,20.68,58.88,0.9,0.6,59.4,897.3
Fried Chicken Wing,Prepared,300.0,steamed,70.77,20.48,58.35,0.9,0.6,53.8,888.2
Fried Chicken Wing,Prepared,300.0,grilled,69.94,20.24,52.97,0.9,0.6,43.0,840.7
Fried Chicken Wing,Prepared,300.0,baked,70.36,20.36,55.36,0.9,0.6,44.8,863.1
Fried Chicken Wing,Prepared,300.0,fried,70.66,20.45,108.72,0.9,0.6,35.8,1338.1
Fried Chicken Wing,Prepared,300.0,deep_fried,71.59,20.72,138.72,0.9,0.6,31.1,1617.4
Fried Chicken Wing,Prepared,400.0,raw,93.01,26.91,76.36,1.2,0.8,50.5,1161.2
Fried Chicken Wing,Prepared,400.0,boiled,94.85,27.45,77.82,1.2,0.8,59.2,1186.5
Fried Chicken Wing,Prepared,400.0,steamed,94.13,27.24,77.43,1.2,0.8,53.6,1179.0
Fried Chicken Wing,Prepared,400.0,grilled,94.59,27.37,72.66,1.2,0.8,43.6,1150.6
Fried Chicken Wing,Prepared,400.0,baked,93.93,27.18,73.99,1.2,0.8,44.8,1153.3
Fried Chicken Wing,Prepared,400.0,fried,93.41,27.03,142.48,1.2,0.8,35.5,1753.6
Fried Chicken Wing,Prepared,400.0,deep_fried,94.53,27.35,181.42,1.2,0.8,30.8,2114.2
Fried Chicken Wing,Prepared,500.0,raw,118.08,34.17,98.46,1.5,1.0,51.3,1494.1
Fried Chicken Wing,Prepared,500.0,boiled,118.36,34.25,96.94,1.5,1.0,59.1,1478.3
Fried Chicken Wing,Prepared,500.0,steamed,117.49,34.0,96.51,1.5,1.0,53.5,1469.8
Fried Chicken Wing,Prepared,500.0,grilled,116.97,33.85,88.89,1.5,1.0,43.2,1410.0
Fried Chicken Wing,Prepared,500.0,baked,116.13,33.6,90.46,1.5,1.0,44.4,1412.6
Fried Chicken Wing,Prepared,500.0,fried,118.22,34.21,182.59,1.5,1.0,35.9,2247.2
Fried Chicken Wing,Prepared,500.0,deep_fried,117.87,34.11,225.68,1.5,1.0,30.7,2629.8
Fried Rice with Veggies,Prepared,30.0,raw,1.34,7.45,1.83,0.48,0.36,62.5,50.6
Fried Rice with Veggies,Prepared,30.0,boiled,1.34,7.47,1.81,0.48,0.36,72.2,50.4
Fried Rice with Veggies,Prepared,30.0,steamed,1.35,7.47,1.83,0.48,0.36,65.9,50.7
Fried Rice with Veggies,Prepared,30.0,grilled,1.33,7.42,1.67,0.48,0.36,53.0,49.3
Fried Rice with Veggies,Prepared,30.0,baked,1.34,7.45,1.75,0.48,0.36,55.1,50.1
Fried Rice with Veggies,Prepared,30.0,fried,1.34,7.44,3.38,0.48,0.36,43.7,65.2
Fried Rice with Veggies,Prepared,30.0,deep_fried,1.35,7.48,4.25,0.48,0.36,37.7,73.8
Fried Rice with Veggies,Prepared,50.0,raw,2.24,12.43,3.07,0.8,0.6,62.7,84.7
Fried Rice with Veggies,Prepared,50.0,boiled,2.22,12.35,2.96,0.8,0.6,71.6,82.9
Fried Rice with Veggies,Prepared,50.0,steamed,2.28,12.69,3.16,0.8,0.6,67.2,87.1
Fried Rice with Veggies,Prepared,50.0,grilled,2.27,12.62,2.91,0.8,0.6,54.1,85.0
Fried Rice with Veggies,Prepared,50.0,baked,2.24,12.43,2.91,0.8,0.6,55.1,83.6
Fried Rice with Veggies,Prepared,50.0,fried,2.25,12.53,5.76,0.8,0.6,44.2,110.8
Fried Rice with Veggies,Prepared,50.0,deep_fried,2.26,12.54,7.17,0.8,0.6,37.9,124.3
Fried Rice with Veggies,Prepared,75.0,raw,3.41,18.92,4.73,1.2,0.9,63.6,130.0
Fried Rice with Veggies,Prepared,75.0,boiled,3.35,18.63,4.5,1.2,0.9,72.0,125.5
Fried Rice with Veggies,Prepared,75.0,steamed,3.4,18.9,4.68,1.2,0.9,66.7,129.3
Fried Rice with Veggies,Prepared,75.0,grilled,3.36,18.67,4.24,1.2,0.9,53.3,124.7
Fried Rice with Veggies,Prepared,75.0,baked,3.34,18.56,4.33,1.2,0.9,54.9,124.5
Fried Rice with Veggies,Prepared,75.0,fried,3.39,18.85,8.7,1.2,0.9,44.3,167.2
Fried Rice with Veggies,Prepared,75.0,deep_fried,3.41,18.93,10.9,1.2,0.9,38.2,188.7
Fried Rice with Veggies,Prepared,100.0,raw,4.59,25.49,6.44,1.6,1.2,64.2,176.4
Fried Rice with Veggies,Prepared,100.0,boiled,4.46,24.78,5.97,1.6,1.2,71.8,166.7
Fried Rice with Veggies,Prepared,100.0,steamed,4.52,25.13,6.2,1.6,1.2,66.5,171.5
Fried Rice with Veggies,Prepared,100.0,grilled,4.49,24.92,5.67,1.6,1.2,53.4,166.6
Fried Rice with Veggies,Prepared,100.0,baked,4.53,25.15,5.96,1.6,1.2,55.8,170.4
Fried Rice with Veggies,Prepared,100.0,fried,4.45,24.72,11.22,1.6,1.2,43.6,216.5
Fried Rice with Veggies,Prepared,100.0,deep_fried,4.46,24.76,13.99,1.6,1.2,37.4,243.2
Fried Rice with Veggies,Prepared,150.0,raw,6.71,37.28,9.19,2.4,1.8,62.6,253.8
Fried Rice with Veggies,Prepared,150.0,boiled,6.75,37.52,9.12,2.4,1.8,72.5,253.9
Fried Rice with Veggies,Prepared,150.0,steamed,6.72,37.32,9.12,2.4,1.8,65.8,253.1
Fried Rice with Veggies,Prepared,150.0,grilled,6.78,37.69,8.64,2.4,1.8,53.8,253.2
Fried Rice with Veggies,Prepared,150.0,baked,6.8,37.79,8.97,2.4,1.8,55.9,256.2
Fried Rice with Veggies,Prepared,150.0,fried,6.78,37.67,17.36,2.4,1.8,44.3,333.8
Fried Rice with Veggies,Prepared,150.0,deep_fried,6.83,37.96,21.91,2.4,1.8,38.3,379.2
Fried Rice with Veggies,Prepared,200.0,raw,9.03,50.16,12.48,3.2,2.4,63.2,343.5
Fried Rice with Veggies,Prepared,200.0,boiled,8.92,49.54,11.93,3.2,2.4,71.8,333.3
Fried Rice with Veggies,Prepared,200.0,steamed,9.09,50.51,12.53,3.2,2.4,66.8,345.9
Fried Rice with Veggies,Prepared,200.0,grilled,8.96,49.77,11.3,3.2,2.4,53.3,332.4
Fried Rice with Veggies,Prepared,200.0,baked,9.06,50.34,11.94,3.2,2.4,55.8,341.2
Fried Rice with Veggies,Prepared,200.0,fried,9.11,50.59,23.48,3.2,2.4,44.6,450.7
Fried Rice with Veggies,Prepared,200.0,deep_fried,9.03,50.17,28.72,3.2,2.4,37.9,497.8
Fried Rice with Veggies,Prepared,250.0,raw,11.12,61.8,15.15,4.0,3.0,62.3,419.3
Fried Rice with Veggies,Prepared,250.0,boiled,11.17,62.07,14.98,4.0,3.0,72.0,418.1
Fried Rice with Veggies,Prepared,250.0,steamed,11.36,63.12,15.65,4.0,3.0,66.8,432.1
Fried Rice with Veggies,Prepared,250.0,grilled,11.24,62.42,14.22,4.0,3.0,53.5,417.8
Fried Rice with Veggies,Prepared,250.0,baked,11.26,62.54,14.74,4.0,3.0,55.5,422.2
Fried Rice with Veggies,Prepared,250.0,fried,11.31,62.86,29.0,4.0,3.0,44.4,557.4
Fried Rice with Veggies,Prepared,250.0,deep_fried,11.31,62.83,36.02,4.0,3.0,38.0,624.2
Fried Rice with Veggies,Prepared,300.0,raw,13.53,75.16,18.68,4.8,3.6,63.1,514.4
Fried Rice with Veggies,Prepared,300.0,boiled,13.48,74.88,18.17,4.8,3.6,72.3,506.1
Fried Rice with Veggies,Prepared,300.0,steamed,13.47,74.82,18.33,4.8,3.6,66.0,508.3
Fried Rice with Veggies,Prepared,300.0,grilled,13.59,75.48,17.33,4.8,3.6,53.9,507.6
Fried Rice with Veggies,Prepared,300.0,baked,13.56,75.31,17.82,4.8,3.6,55.7,509.6
Fried Rice with Veggies,Prepared,300.0,fried,13.47,74.86,34.28,4.8,3.6,44.0,660.1
Fried Rice with Veggies,Prepared,300.0,deep_fried,13.61,75.61,43.47,4.8,3.6,38.1,752.9
Fried Rice with Veggies,Prepared,400.0,raw,17.98,99.9,24.75,6.4,4.8,62.9,682.4
Fried Rice with Veggies,Prepared,400.0,boiled,17.89,99.36,23.99,6.4,4.8,72.0,669.5
Fried Rice with Veggies,Prepared,400.0,steamed,17.9,99.43,24.27,6.4,4.8,65.8,674.0
Fried Rice with Veggies,Prepared,400.0,grilled,17.87,99.27,22.48,6.4,4.8,53.2,661.9
Fried Rice with Veggies,Prepared,400.0,baked,17.96,99.8,23.46,6.4,4.8,55.3,672.6
Fried Rice with Veggies,Prepared,400.0,fried,18.17,100.93,46.73,6.4,4.8,44.5,897.5
Fried Rice with Veggies,Prepared,400.0,deep_fried,17.89,99.4,56.35,6.4,4.8,37.6,978.7
Fried Rice with Veggies,Prepared,500.0,raw,22.53,125.18,31.09,8.0,6.0,63.1,856.4
Fried Rice with Veggies,Prepared,500.0,boiled,22.39,124.38,30.08,8.0,6.0,72.1,838.9
Fried Rice with Veggies,Prepared,500.0,steamed,22.46,124.76,30.57,8.0,6.0,66.0,847.7
Fried Rice with Veggies,Prepared,500.0,grilled,22.25,123.58,27.87,8.0,6.0,52.9,822.0
Fried Rice with Veggies,Prepared,500.0,baked,22.46,124.79,29.35,8.0,6.0,55.3,841.3
Fried Rice with Veggies,Prepared,500.0,fried,22.47,124.82,57.18,8.0,6.0,44.0,1101.0
Fried Rice with Veggies,Prepared,500.0,deep_fried,22.59,125.51,71.88,8.0,6.0,38.0,1245.8
Caesar Salad with Chicken,Prepared,30.0,raw,4.21,1.65,3.31,0.54,0.57,69.1,52.3
Caesar Salad with Chicken,Prepared,30.0,boiled,4.16,1.64,3.18,0.54,0.57,78.6,50.6
Caesar Salad with Chicken,Prepared,30.0,steamed,4.23,1.66,3.32,0.54,0.57,73.0,52.5
Caesar Salad with Chicken,Prepared,30.0,grilled,4.21,1.65,3.05,0.54,0.57,58.7,50.3
Caesar Salad with Chicken,Prepared,30.0,baked,4.21,1.65,3.14,0.54,0.57,60.8,51.0
Caesar Salad with Chicken,Prepared,30.0,fried,4.2,1.65,6.1,0.54,0.57,48.3,77.2
Caesar Salad with Chicken,Prepared,30.0,deep_fried,4.18,1.64,7.53,0.54,0.57,41.2,89.9
Caesar Salad with Chicken,Prepared,50.0,raw,7.01,2.75,5.52,0.9,0.95,69.1,87.1
Caesar Salad with Chicken,Prepared,50.0,boiled,7.02,2.76,5.43,0.9,0.95,79.6,86.2
Caesar Salad with Chicken,Prepared,50.0,steamed,6.91,2.71,5.3,0.9,0.95,71.5,84.2
Caesar Salad with Chicken,Prepared,50.0,grilled,6.97,2.74,5.02,0.9,0.95,58.4,83.0
Caesar Salad with Chicken,Prepared,50.0,baked,6.99,2.74,5.21,0.9,0.95,60.6,84.6
Caesar Salad with Chicken,Prepared,50.0,fried,7.01,2.76,10.21,0.9,0.95,48.4,129.3
Caesar Salad with Chicken,Prepared,50.0,deep_fried,7.06,2.77,12.88,0.9,0.95,41.8,153.8
Caesar Salad with Chicken,Prepared,75.0,raw,10.44,4.1,8.15,1.35,1.42,68.6,128.9
Caesar Salad with Chicken,Prepared,75.0,boiled,10.46,4.11,8.02,1.35,1.42,79.1,127.5
Caesar Salad with Chicken,Prepared,75.0,steamed,10.46,4.11,8.1,1.35,1.42,72.2,128.5
Caesar Salad with Chicken,Prepared,75.0,grilled,10.44,4.1,7.5,1.35,1.42,58.3,124.0
Caesar Salad with Chicken,Prepared,75.0,baked,10.47,4.11,7.8,1.35,1.42,60.6,126.6
Caesar Salad with Chicken,Prepared,75.0,fried,10.56,4.15,15.44,1.35,1.42,48.6,195.4
Caesar Salad with Chicken,Prepared,75.0,deep_fried,10.42,4.09,18.68,1.35,1.42,41.1,223.0
Caesar Salad with Chicken,Prepared,100.0,raw,14.04,5.52,11.07,1.8,1.9,69.2,174.8
Caesar Salad with Chicken,Prepared,100.0,boiled,13.82,5.43,10.5,1.8,1.9,78.3,167.1
Caesar Salad with Chicken,Prepared,100.0,steamed,13.94,5.48,10.8,1.8,1.9,72.1,171.2
Caesar Salad with Chicken,Prepared,100.0,grilled,13.97,5.49,10.07,1.8,1.9,58.5,166.5
Caesar Salad with Chicken,Prepared,100.0,baked,14.18,5.57,10.71,1.8,1.9,61.5,173.6
Caesar Salad with Chicken,Prepared,100.0,fried,13.97,5.49,20.27,1.8,1.9,48.2,256.6
Caesar Salad with Chicken,Prepared,100.0,deep_fried,13.77,5.41,24.46,1.8,1.9,40.7,292.1
Caesar Salad with Chicken,Prepared,150.0,raw,20.69,8.13,16.01,2.7,2.85,68.0,253.5
Caesar Salad with Chicken,Prepared,150.0,boiled,21.01,8.25,16.18,2.7,2.85,79.4,257.0
Caesar Salad with Chicken,Prepared,150.0,steamed,21.1,8.29,16.49,2.7,2.85,72.8,261.1
Caesar Salad with Chicken,Prepared,150.0,grilled,21.06,8.27,15.27,2.7,2.85,58.8,252.1
Caesar Salad with Chicken,Prepared,150.0,baked,21.03,8.26,15.71,2.7,2.85,60.8,255.0
Caesar Salad with Chicken,Prepared,150.0,fried,21.18,8.32,31.06,2.7,2.85,48.7,393.1
Caesar Salad with Chicken,Prepared,150.0,deep_fried,20.92,8.22,37.64,2.7,2.85,41.2,449.5
Caesar Salad with Chicken,Prepared,200.0,raw,28.19,11.07,22.3,3.6,3.8,69.5,351.9
Caesar Salad with Chicken,Prepared,200.0,boiled,27.66,10.87,21.03,3.6,3.8,78.4,334.7
Caesar Salad with Chicken,Prepared,200.0,steamed,27.81,10.93,21.48,3.6,3.8,72.0,340.8
Caesar Salad with Chicken,Prepared,200.0,grilled,27.62,10.85,19.69,3.6,3.8,57.9,326.1
Caesar Salad with Chicken,Prepared,200.0,baked,27.94,10.98,20.81,3.6,3.8,60.6,338.0
Caesar Salad with Chicken,Prepared,200.0,fried,27.99,11.0,40.67,3.6,3.8,48.3,514.8
Caesar Salad with Chicken,Prepared,200.0,deep_fried,28.02,11.01,50.69,3.6,3.8,41.4,605.3
Caesar Salad with Chicken,Prepared,250.0,raw,35.02,13.76,27.53,4.5,4.75,69.0,434.9
Caesar Salad with Chicken,Prepared,250.0,boiled,34.76,13.65,26.58,4.5,4.75,78.8,422.6
Caesar Salad with Chicken,Prepared,250.0,steamed,34.95,13.73,27.15,4.5,4.75,72.3,430.3
Caesar Salad with Chicken,Prepared,250.0,grilled,34.61,13.6,24.73,4.5,4.75,58.0,409.4
Caesar Salad with Chicken,Prepared,250.0,baked,35.36,13.89,26.66,4.5,4.75,61.3,432.1
Caesar Salad with Chicken,Prepared,250.0,fried,34.92,13.72,50.64,4.5,4.75,48.2,641.0
Caesar Salad with Chicken,Prepared,250.0,deep_fried,34.87,13.7,62.79,4.5,4.75,41.2,749.8
Caesar Salad with Chicken,Prepared,300.0,raw,42.5,16.7,33.79,5.4,5.7,69.8,532.9
Caesar Salad with Chicken,Prepared,300.0,boiled,41.61,16.35,31.74,5.4,5.7,78.6,504.9
Caesar Salad with Chicken,Prepared,300.0,steamed,41.65,16.36,32.12,5.4,5.7,71.8,509.6
Caesar Salad with Chicken,Prepared,300.0,grilled,41.65,16.36,29.86,5.4,5.7,58.2,494.0
Caesar Salad with Chicken,Prepared,300.0,baked,41.98,16.49,31.32,5.4,5.7,60.7,508.5
Caesar Salad with Chicken,Prepared,300.0,fried,42.14,16.55,61.45,5.4,5.7,48.5,777.8
Caesar Salad with Chicken,Prepared,300.0,deep_fried,42.23,16.59,76.74,5.4,5.7,41.6,916.6
Caesar Salad with Chicken,Prepared,400.0,raw,57.08,22.42,45.7,7.2,7.6,70.3,720.2
Caesar Salad with Chicken,Prepared,400.0,boiled,55.06,21.63,41.67,7.2,7.6,78.0,663.6
Caesar Salad with Chicken,Prepared,400.0,steamed,56.26,22.1,43.96,7.2,7.6,72.8,696.2
Caesar Salad with Chicken,Prepared,400.0,grilled,55.77,21.91,40.14,7.2,7.6,58.4,663.7
Caesar Salad with Chicken,Prepared,400.0,baked,55.75,21.9,41.43,7.2,7.6,60.5,673.0
Caesar Salad with Chicken,Prepared,400.0,fried,55.74,21.9,80.64,7.2,7.6,48.1,1020.9
Caesar Salad with Chicken,Prepared,400.0,deep_fried,55.62,21.85,99.82,7.2,7.6,41.1,1191.9
Caesar Salad with Chicken,Prepared,500.0,raw,70.88,27.85,56.39,9.0,9.5,69.9,889.3
Caesar Salad with Chicken,Prepared,500.0,boiled,70.44,27.67,54.58,9.0,9.5,79.9,866.2
Caesar Salad with Chicken,Prepared,500.0,steamed,70.01,27.5,54.47,9.0,9.5,72.5,863.1
Caesar Salad with Chicken,Prepared,500.0,grilled,70.71,27.78,51.63,9.0,9.5,59.2,851.6
Caesar Salad with Chicken,Prepared,500.0,baked,69.21,27.19,51.06,9.0,9.5,60.0,830.5
Caesar Salad with Chicken,Prepared,500.0,fried,69.3,27.23,99.72,9.0,9.5,47.8,1262.5
Caesar Salad with Chicken,Prepared,500.0,deep_fried,68.86,27.05,122.37,9.0,9.5,40.7,1461.0
Beef Burrito,Prepared,30.0,raw,2.84,7.82,2.52,0.84,0.54,54.7,63.6
Beef Burrito,Prepared,30.0,boiled,2.85,7.87,2.51,0.84,0.54,63.3,63.7
Beef Burrito,Prepared,30.0,steamed,2.85,7.87,2.53,0.84,0.54,57.8,64.0
Beef Burrito,Prepared,30.0,grilled,2.85,7.87,2.35,0.84,0.54,46.8,62.9
Beef Burrito,Prepared,30.0,baked,2.82,7.78,2.37,0.84,0.54,47.9,62.2
Beef Burrito,Prepared,30.0,fried,2.87,7.91,4.77,0.84,0.54,38.7,85.4
Beef Burrito,Prepared,30.0,deep_fried,2.86,7.87,5.89,0.84,0.54,33.1,95.7
Beef Burrito,Prepared,50.0,raw,4.78,13.17,4.3,1.4,0.9,55.3,108.0
Beef Burrito,Prepared,50.0,boiled,4.68,12.91,4.05,1.4,0.9,62.4,103.4
Beef Burrito,Prepared,50.0,steamed,4.76,13.13,4.23,1.4,0.9,57.9,106.9
Beef Burrito,Prepared,50.0,grilled,4.71,12.98,3.84,1.4,0.9,46.3,103.1
Beef Burrito,Prepared,50.0,baked,4.74,13.06,4.01,1.4,0.9,48.3,105.0
Beef Burrito,Prepared,50.0,fried,4.77,13.15,7.93,1.4,0.9,38.7,141.9
Beef Burrito,Prepared,50.0,deep_fried,4.75,13.11,9.79,1.4,0.9,33.0,159.1
Beef Burrito,Prepared,75.0,raw,7.08,19.52,6.29,2.1,1.35,54.6,158.8
Beef Burrito,Prepared,75.0,boiled,7.13,19.65,6.25,2.1,1.35,63.3,158.9
Beef Burrito,Prepared,75.0,steamed,7.04,19.42,6.17,2.1,1.35,57.1,156.7
Beef Burrito,Prepared,75.0,grilled,7.19,19.82,5.97,2.1,1.35,47.2,159.2
Beef Burrito,Prepared,75.0,baked,7.11,19.62,6.04,2.1,1.35,48.3,157.9
Beef Burrito,Prepared,75.0,fried,7.18,19.81,11.99,2.1,1.35,38.8,214.4
Beef Burrito,Prepared,75.0,deep_fried,7.1,19.57,14.55,2.1,1.35,32.9,236.6
Beef Burrito,Prepared,100.0,raw,9.46,26.1,8.43,2.8,1.8,54.8,212.6
Beef Burrito,Prepared,100.0,boiled,9.45,26.05,8.23,2.8,1.8,62.9,209.7
Beef Burrito,Prepared,100.0,steamed,9.56,26.37,8.53,2.8,1.8,58.1,215.4
Beef Burrito,Prepared,100.0,grilled,9.45,26.06,7.74,2.8,1.8,46.5,207.5
Beef Burrito,Prepared,100.0,baked,9.55,26.33,8.15,2.8,1.8,48.6,212.7
Beef Burrito,Prepared,100.0,fried,9.47,26.12,15.63,2.8,1.8,38.4,280.2
Beef Burrito,Prepared,100.0,deep_fried,9.36,25.81,18.97,2.8,1.8,32.5,309.1
Beef Burrito,Prepared,150.0,raw,14.19,39.13,12.64,4.2,2.7,54.8,318.8
Beef Burrito,Prepared,150.0,boiled,14.12,38.95,12.27,4.2,2.7,62.7,312.9
Beef Burrito,Prepared,150.0,steamed,14.25,39.31,12.63,4.2,2.7,57.8,319.6
Beef Burrito,Prepared,150.0,grilled,14.12,38.95,11.52,4.2,2.7,46.3,309.3
Beef Burrito,Prepared,150.0,baked,14.35,39.57,12.28,4.2,2.7,48.7,320.2
Beef Burrito,Prepared,150.0,fried,14.24,39.27,23.56,4.2,2.7,38.5,422.1
Beef Burrito,Prepared,150.0,deep_fried,14.23,39.25,29.25,4.2,2.7,33.0,475.5
Beef Burrito,Prepared,200.0,raw,19.09,52.66,17.17,5.6,3.6,55.3,431.6
Beef Burrito,Prepared,200.0,boiled,19.14,52.78,16.9,5.6,3.6,63.7,428.7
Beef Burrito,Prepared,200.0,steamed,19.0,52.39,16.82,5.6,3.6,57.7,425.8
Beef Burrito,Prepared,200.0,grilled,18.89,52.1,15.46,5.6,3.6,46.5,414.6
Beef Burrito,Prepared,200.0,baked,18.75,51.7,15.72,5.6,3.6,47.8,412.8
Beef Burrito,Prepared,200.0,fried,18.9,52.13,31.13,5.6,3.6,38.3,558.3
Beef Burrito,Prepared,200.0,deep_fried,18.91,52.16,38.74,5.6,3.6,32.8,630.1
Beef Burrito,Prepared,250.0,raw,23.77,65.55,21.28,7.0,4.5,55.0,535.8
Beef Burrito,Prepared,250.0,boiled,23.69,65.33,20.72,7.0,4.5,63.1,527.1
Beef Burrito,Prepared,250.0,steamed,23.87,65.84,21.25,7.0,4.5,58.0,537.0
Beef Burrito,Prepared,250.0,grilled,23.64,65.2,19.37,7.0,4.5,46.5,519.3
Beef Burrito,Prepared,250.0,baked,23.74,65.47,20.17,7.0,4.5,48.4,527.2
Beef Burrito,Prepared,250.0,fried,23.96,66.08,40.01,7.0,4.5,38.8,715.5
Beef Burrito,Prepared,250.0,deep_fried,23.81,65.67,49.13,7.0,4.5,33.1,798.1
Beef Burrito,Prepared,300.0,raw,28.49,78.56,25.48,8.4,5.4,55.0,641.7
Beef Burrito,Prepared,300.0,boiled,28.37,78.25,24.76,8.4,5.4,63.0,630.5
Beef Burrito,Prepared,300.0,steamed,28.36,78.23,25.01,8.4,5.4,57.5,633.9
Beef Burrito,Prepared,300.0,grilled,28.32,78.1,23.16,8.4,5.4,46.5,621.3
Beef Burrito,Prepared,300.0,baked,28.38,78.28,24.03,8.4,5.4,48.2,628.9
Beef Burrito,Prepared,300.0,fried,28.66,79.05,47.71,8.4,5.4,38.7,853.8
Beef Burrito,Prepared,300.0,deep_fried,28.45,78.47,58.45,8.4,5.4,32.9,950.3
Beef Burrito,Prepared,400.0,raw,37.62,103.74,33.31,11.2,7.2,54.4,841.7
Beef Burrito,Prepared,400.0,boiled,38.5,106.19,34.2,11.2,7.2,64.1,865.9
Beef Burrito,Prepared,400.0,steamed,38.09,105.05,33.82,11.2,7.2,57.9,855.4
Beef Burrito,Prepared,400.0,grilled,37.6,103.69,30.62,11.2,7.2,46.3,822.6
Beef Burrito,Prepared,400.0,baked,37.87,104.45,32.09,11.2,7.2,48.2,839.6
Beef Burrito,Prepared,400.0,fried,38.03,104.89,63.0,11.2,7.2,38.5,1128.5
Beef Burrito,Prepared,400.0,deep_fried,38.49,106.14,80.2,11.2,7.2,33.4,1300.9
Beef Burrito,Prepared,500.0,raw,47.11,129.91,41.79,14.0,9.0,54.5,1055.4
Beef Burrito,Prepared,500.0,boiled,47.85,131.96,42.26,14.0,9.0,63.7,1071.8
Beef Burrito,Prepared,500.0,steamed,48.0,132.37,42.96,14.0,9.0,58.4,1083.7
Beef Burrito,Prepared,500.0,grilled,47.28,130.38,38.73,14.0,9.0,46.5,1038.3
Beef Burrito,Prepared,500.0,baked,47.4,130.73,40.21,14.0,9.0,48.3,1051.6
Beef Burrito,Prepared,500.0,fried,47.13,129.98,77.4,14.0,9.0,38.2,1389.0
Beef Burrito,Prepared,500.0,deep_fried,47.43,130.8,97.45,14.0,9.0,32.9,1584.3
Hot Dog with Bun,Prepared,30.0,raw,3.12,5.46,5.4,0.3,1.14,52.0,82.4
Hot Dog with Bun,Prepared,30.0,boiled,3.14,5.49,5.34,0.3,1.14,60.1,82.0
Hot Dog with Bun,Prepared,30.0,steamed,3.15,5.5,5.43,0.3,1.14,55.0,83.1
Hot Dog with Bun,Prepared,30.0,grilled,3.1,5.43,4.91,0.3,1.14,44.0,78.4
Hot Dog with Bun,Prepared,30.0,baked,3.07,5.38,4.98,0.3,1.14,45.1,78.2
Hot Dog with Bun,Prepared,30.0,fried,3.12,5.46,9.99,0.3,1.14,36.4,123.5
Hot Dog with Bun,Prepared,30.0,deep_fried,3.13,5.47,12.47,0.3,1.14,31.3,145.9
Hot Dog with Bun,Prepared,50.0,raw,5.21,9.12,9.03,0.5,1.9,52.1,137.9
Hot Dog with Bun,Prepared,50.0,boiled,5.19,9.08,8.78,0.5,1.9,59.7,134.8
Hot Dog with Bun,Prepared,50.0,steamed,5.2,9.11,8.93,0.5,1.9,54.7,136.7
Hot Dog with Bun,Prepared,50.0,grilled,5.26,9.2,8.47,0.5,1.9,44.7,134.8
Hot Dog with Bun,Prepared,50.0,baked,5.21,9.13,8.6,0.5,1.9,45.9,134.7
Hot Dog with Bun,Prepared,50.0,fried,5.19,9.07,16.56,0.5,1.9,36.3,204.7
Hot Dog with Bun,Prepared,50.0,deep_fried,5.18,9.07,20.54,0.5,1.9,31.1,240.3
Hot Dog with Bun,Prepared,75.0,raw,7.79,13.63,13.47,0.75,2.85,51.9,205.7
Hot Dog with Bun,Prepared,75.0,boiled,7.9,13.82,13.55,0.75,2.85,60.5,207.7
Hot Dog with Bun,Prepared,75.0,steamed,7.79,13.63,13.33,0.75,2.85,54.5,204.2
Hot Dog with Bun,Prepared,75.0,grilled,7.8,13.65,12.42,0.75,2.85,44.2,198.0
Hot Dog with Bun,Prepared,75.0,baked,7.77,13.6,12.73,0.75,2.85,45.6,199.7
Hot Dog with Bun,Prepared,75.0,fried,7.86,13.76,25.39,0.75,2.85,36.7,313.8
Hot Dog with Bun,Prepared,75.0,deep_fried,7.91,13.85,31.96,0.75,2.85,31.7,374.1
Hot Dog with Bun,Prepared,100.0,raw,10.44,18.26,18.12,1.0,3.8,52.2,276.6
Hot Dog with Bun,Prepared,100.0,boiled,10.41,18.21,17.66,1.0,3.8,59.8,271.1
Hot Dog with Bun,Prepared,100.0,steamed,10.4,18.21,17.83,1.0,3.8,54.6,273.1
Hot Dog with Bun,Prepared,100.0,grilled,10.21,17.87,15.97,1.0,3.8,43.4,255.4
Hot Dog with Bun,Prepared,100.0,baked,10.46,18.3,17.29,1.0,3.8,46.0,270.8
Hot Dog with Bun,Prepared,100.0,fried,10.41,18.22,33.37,1.0,3.8,36.4,412.5
Hot Dog with Bun,Prepared,100.0,deep_fried,10.43,18.26,41.67,1.0,3.8,31.3,487.5
Hot Dog with Bun,Prepared,150.0,raw,15.52,27.15,26.71,1.5,5.7,51.7,408.2
Hot Dog with Bun,Prepared,150.0,boiled,15.56,27.22,26.31,1.5,5.7,59.6,404.0
Hot Dog with Bun,Prepared,150.0,steamed,15.55,27.22,26.57,1.5,5.7,54.4,407.1
Hot Dog with Bun,Prepared,150.0,grilled,15.72,27.51,25.22,1.5,5.7,44.5,401.7
Hot Dog with Bun,Prepared,150.0,baked,15.56,27.22,25.5,1.5,5.7,45.6,400.0
Hot Dog with Bun,Prepared,150.0,fried,15.84,27.73,51.51,1.5,5.7,37.0,636.8
Hot Dog with Bun,Prepared,150.0,deep_fried,15.65,27.39,62.5,1.5,5.7,31.3,731.2
Hot Dog with Bun,Prepared,200.0,raw,20.6,36.05,35.31,2.0,7.6,51.5,539.9
Hot Dog with Bun,Prepared,200.0,boiled,20.78,36.36,35.21,2.0,7.6,59.7,540.5
Hot Dog with Bun,Prepared,200.0,steamed,20.7,36.22,35.29,2.0,7.6,54.3,540.8
Hot Dog with Bun,Prepared,200.0,grilled,20.46,35.8,32.03,2.0,7.6,43.5,512.2
Hot Dog with Bun,Prepared,200.0,baked,21.05,36.84,35.02,2.0,7.6,46.3,548.1
Hot Dog with Bun,Prepared,200.0,fried,20.91,36.59,67.3,2.0,7.6,36.6,831.9
Hot Dog with Bun,Prepared,200.0,deep_fried,20.88,36.55,83.46,2.0,7.6,31.3,976.4
Hot Dog with Bun,Prepared,250.0,raw,26.03,45.56,45.11,2.5,9.5,52.1,688.7
Hot Dog with Bun,Prepared,250.0,boiled,25.73,45.03,43.19,2.5,9.5,59.2,663.8
Hot Dog with Bun,Prepared,250.0,steamed,25.91,45.33,44.23,2.5,9.5,54.4,677.7
Hot Dog with Bun,Prepared,250.0,grilled,26.16,45.79,41.92,2.5,9.5,44.5,667.8
Hot Dog with Bun,Prepared,250.0,baked,25.8,45.14,42.08,2.5,9.5,45.4,660.5
Hot Dog with Bun,Prepared,250.0,fried,25.51,44.64,80.09,2.5,9.5,35.7,990.3
Hot Dog with Bun,Prepared,250.0,deep_fried,25.96,45.42,103.15,2.5,9.5,31.1,1206.5
Hot Dog with Bun,Prepared,300.0,raw,31.17,54.54,53.89,3.0,11.4,51.9,823.0
Hot Dog with Bun,Prepared,300.0,boiled,31.23,54.66,53.03,3.0,11.4,59.9,813.8
Hot Dog with Bun,Prepared,300.0,steamed,31.37,54.9,54.04,3.0,11.4,54.9,827.1
Hot Dog with Bun,Prepared,300.0,grilled,31.35,54.86,50.16,3.0,11.4,44.4,799.1
Hot Dog with Bun,Prepared,300.0,baked,31.26,54.71,51.5,3.0,11.4,45.8,807.1
Hot Dog with Bun,Prepared,300.0,fried,31.48,55.09,101.69,3.0,11.4,36.7,1257.0
Hot Dog with Bun,Prepared,300.0,deep_fried,30.84,53.98,121.37,3.0,11.4,30.8,1419.3
Hot Dog with Bun,Prepared,400.0,raw,41.76,73.08,72.54,4.0,15.2,52.2,1107.2
Hot Dog with Bun,Prepared,400.0,boiled,41.8,73.14,71.22,4.0,15.2,60.1,1092.5
Hot Dog with Bun,Prepared,400.0,steamed,41.21,72.12,69.95,4.0,15.2,54.1,1072.7
Hot Dog with Bun,Prepared,400.0,grilled,41.13,71.98,64.75,4.0,15.2,43.7,1034.4
Hot Dog with Bun,Prepared,400.0,baked,41.37,72.39,67.63,4.0,15.2,45.5,1061.2
Hot Dog with Bun,Prepared,400.0,fried,41.39,72.44,131.88,4.0,15.2,36.2,1630.2
Hot Dog with Bun,Prepared,400.0,deep_fried,41.84,73.21,167.47,4.0,15.2,31.4,1959.4
Hot Dog with Bun,Prepared,500.0,raw,51.76,90.58,89.17,5.0,19.0,51.8,1362.4
Hot Dog with Bun,Prepared,500.0,boiled,51.67,90.42,87.07,5.0,19.0,59.4,1337.6
Hot Dog with Bun,Prepared,500.0,steamed,51.76,90.58,88.28,5.0,19.0,54.3,1352.8
Hot Dog with Bun,Prepared,500.0,grilled,52.44,91.76,84.19,5.0,19.0,44.6,1340.6
Hot Dog with Bun,Prepared,500.0,baked,52.01,91.01,85.52,5.0,19.0,45.8,1340.6
Hot Dog with Bun,Prepared,500.0,fried,51.93,90.88,166.05,5.0,19.0,36.4,2052.5
Hot Dog with Bun,Prepared,500.0,deep_fried,51.96,90.92,206.66,5.0,19.0,31.2,2417.3
Dark Chocolate (70%),Snacks,30.0,raw,2.36,13.9,13.03,3.27,7.2,1.4,176.7
Dark Chocolate (70%),Snacks,30.0,boiled,2.33,13.69,12.38,3.27,7.2,1.6,168.7
Dark Chocolate (70%),Snacks,30.0,steamed,2.36,13.91,12.9,3.27,7.2,1.5,175.4
Dark Chocolate (70%),Snacks,30.0,grilled,2.34,13.79,11.79,3.27,7.2,1.2,166.1
Dark Chocolate (70%),Snacks,30.0,baked,2.34,13.75,12.11,3.27,7.2,1.2,168.2
Dark Chocolate (70%),Snacks,30.0,fried,2.38,14.03,24.53,3.27,7.2,1.0,280.4
Dark Chocolate (70%),Snacks,30.0,deep_fried,2.32,13.66,28.93,3.27,7.2,1.0,315.7
Dark Chocolate (70%),Snacks,50.0,raw,3.89,22.89,21.19,5.45,12.0,1.4,287.6
Dark Chocolate (70%),Snacks,50.0,boiled,3.86,22.74,20.49,5.45,12.0,1.6,279.2
Dark Chocolate (70%),Snacks,50.0,steamed,3.93,23.11,21.39,5.45,12.0,1.5,290.9
Dark Chocolate (70%),Snacks,50.0,grilled,3.95,23.24,20.09,5.45,12.0,1.2,282.9
Dark Chocolate (70%),Snacks,50.0,baked,3.95,23.24,20.74,5.45,12.0,1.2,287.8
Dark Chocolate (70%),Snacks,50.0,fried,3.94,23.16,40.13,5.45,12.0,1.0,458.3
Dark Chocolate (70%),Snacks,50.0,deep_fried,3.89,22.92,48.84,5.45,12.0,1.0,533.4
Dark Chocolate (70%),Snacks,75.0,raw,5.83,34.33,31.77,8.18,18.0,1.4,431.2
Dark Chocolate (70%),Snacks,75.0,boiled,5.78,33.99,30.53,8.18,18.0,1.6,416.1
Dark Chocolate (70%),Snacks,75.0,steamed,5.94,34.95,32.6,8.18,18.0,1.5,443.2
Dark Chocolate (70%),Snacks,75.0,grilled,5.87,34.55,29.6,8.18,18.0,1.2,417.0
Dark Chocolate (70%),Snacks,75.0,baked,5.83,34.3,30.13,8.18,18.0,1.2,418.4
Dark Chocolate (70%),Snacks,75.0,fried,5.91,34.77,60.28,8.18,18.0,1.0,688.5
Dark Chocolate (70%),Snacks,75.0,deep_fried,5.81,34.17,72.41,8.18,18.0,1.0,790.3
Dark Chocolate (70%),Snacks,100.0,raw,7.82,46.04,42.86,10.9,24.0,1.4,581.6
Dark Chocolate (70%),Snacks,100.0,boiled,7.79,45.84,41.64,10.9,24.0,1.6,567.2
Dark Chocolate (70%),Snacks,100.0,steamed,7.84,46.12,42.58,10.9,24.0,1.5,579.1
Dark Chocolate (70%),Snacks,100.0,grilled,7.8,45.88,39.15,10.9,24.0,1.2,551.8
Dark Chocolate (70%),Snacks,100.0,baked,7.72,45.4,39.59,10.9,24.0,1.2,550.1
Dark Chocolate (70%),Snacks,100.0,fried,7.8,45.93,78.9,10.9,24.0,1.0,900.5
Dark Chocolate (70%),Snacks,100.0,deep_fried,7.86,46.26,99.52,10.9,24.0,1.0,1087.9
Dark Chocolate (70%),Snacks,150.0,raw,11.7,68.83,63.87,16.35,36.0,1.4,866.8
Dark Chocolate (70%),Snacks,150.0,boiled,11.77,69.25,63.35,16.35,36.0,1.6,862.8
Dark Chocolate (70%),Snacks,150.0,steamed,11.61,68.31,62.27,16.35,36.0,1.5,847.3
Dark Chocolate (70%),Snacks,150.0,grilled,11.7,68.84,58.76,16.35,36.0,1.2,828.1
Dark Chocolate (70%),Snacks,150.0,baked,11.65,68.53,60.14,16.35,36.0,1.2,835.3
Dark Chocolate (70%),Snacks,150.0,fried,11.77,69.24,119.54,16.35,36.0,1.0,1364.9
Dark Chocolate (70%),Snacks,150.0,deep_fried,11.7,68.87,147.04,16.35,36.0,1.0,1606.0
Dark Chocolate (70%),Snacks,200.0,raw,15.68,92.28,86.08,21.8,48.0,1.4,1168.0
Dark Chocolate (70%),Snacks,200.0,boiled,15.73,92.55,84.86,21.8,48.0,1.6,1155.7
Dark Chocolate (70%),Snacks,200.0,steamed,15.68,92.28,85.22,21.8,48.0,1.5,1159.0
Dark Chocolate (70%),Snacks,200.0,grilled,15.63,91.99,78.71,21.8,48.0,1.2,1109.0
Dark Chocolate (70%),Snacks,200.0,baked,15.48,91.11,79.73,21.8,48.0,1.2,1107.5
Dark Chocolate (70%),Snacks,200.0,fried,15.6,91.8,157.61,21.8,48.0,1.0,1798.9
Dark Chocolate (70%),Snacks,200.0,deep_fried,15.54,91.43,194.39,21.8,48.0,1.0,2122.3
Dark Chocolate (70%),Snacks,250.0,raw,19.45,114.45,105.95,27.25,60.0,1.4,1438.0
Dark Chocolate (70%),Snacks,250.0,boiled,19.45,114.43,103.78,27.25,60.0,1.6,1413.9
Dark Chocolate (70%),Snacks,250.0,steamed,19.36,113.91,103.89,27.25,60.0,1.5,1413.5
Dark Chocolate (70%),Snacks,250.0,grilled,19.21,113.07,95.1,27.25,60.0,1.2,1341.7
Dark Chocolate (70%),Snacks,250.0,baked,19.4,114.17,100.16,27.25,60.0,1.2,1391.1
Dark Chocolate (70%),Snacks,250.0,fried,19.53,114.92,197.6,27.25,60.0,1.0,2255.5
Dark Chocolate (70%),Snacks,250.0,deep_fried,19.3,113.59,240.0,27.25,60.0,1.0,2618.8
Dark Chocolate (70%),Snacks,300.0,raw,23.4,137.72,127.83,32.7,72.0,1.4,1734.8
Dark Chocolate (70%),Snacks,300.0,boiled,23.73,139.66,128.81,32.7,72.0,1.6,1753.9
Dark Chocolate (70%),Snacks,300.0,steamed,23.58,138.76,128.46,32.7,72.0,1.5,1746.9
Dark Chocolate (70%),Snacks,300.0,grilled,23.69,139.4,120.47,32.7,72.0,1.2,1696.5
Dark Chocolate (70%),Snacks,300.0,baked,23.47,138.1,122.12,32.7,72.0,1.2,1695.4
Dark Chocolate (70%),Snacks,300.0,fried,23.6,138.91,240.57,32.7,72.0,1.0,2747.5
Dark Chocolate (70%),Snacks,300.0,deep_fried,23.27,136.95,290.75,32.7,72.0,1.0,3173.9
Dark Chocolate (70%),Snacks,400.0,raw,31.05,182.71,168.75,43.6,96.0,1.4,2290.6
Dark Chocolate (70%),Snacks,400.0,boiled,30.56,179.83,160.13,43.6,96.0,1.6,2183.6
Dark Chocolate (70%),Snacks,400.0,steamed,31.48,185.23,171.7,43.6,96.0,1.5,2334.8
Dark Chocolate (70%),Snacks,400.0,grilled,31.56,185.72,160.39,43.6,96.0,1.2,2258.7
Dark Chocolate (70%),Snacks,400.0,baked,31.07,182.84,160.54,43.6,96.0,1.2,2229.6
Dark Chocolate (70%),Snacks,400.0,fried,31.14,183.25,314.04,43.6,96.0,1.0,3583.7
Dark Chocolate (70%),Snacks,400.0,deep_fried,31.02,182.56,387.49,43.6,96.0,1.0,4229.9
Dark Chocolate (70%),Snacks,500.0,raw,39.11,230.16,214.22,54.5,120.0,1.4,2906.9
Dark Chocolate (70%),Snacks,500.0,boiled,39.33,231.44,212.26,54.5,120.0,1.6,2890.6
Dark Chocolate (70%),Snacks,500.0,steamed,38.49,226.5,205.36,54.5,120.0,1.5,2795.0
Dark Chocolate (70%),Snacks,500.0,grilled,39.12,230.2,197.16,54.5,120.0,1.2,2777.9
Dark Chocolate (70%),Snacks,500.0,baked,38.92,229.02,201.51,54.5,120.0,1.2,2798.3
Dark Chocolate (70%),Snacks,500.0,fried,39.03,229.7,394.72,54.5,120.0,1.0,4505.3
Dark Chocolate (70%),Snacks,500.0,deep_fried,39.13,230.29,493.27,54.5,120.0,1.0,5389.5
Milk Chocolate,Snacks,30.0,raw,2.28,17.79,8.88,1.02,15.45,1.5,158.3
Milk Chocolate,Snacks,30.0,boiled,2.28,17.81,8.72,1.02,15.45,1.7,156.4
Milk Chocolate,Snacks,30.0,steamed,2.28,17.79,8.79,1.02,15.45,1.6,157.2
Milk Chocolate,Snacks,30.0,grilled,2.3,17.95,8.32,1.02,15.45,1.3,155.5
Milk Chocolate,Snacks,30.0,baked,2.29,17.88,8.52,1.02,15.45,1.3,156.3
Milk Chocolate,Snacks,30.0,fried,2.28,17.85,16.54,1.02,15.45,1.1,227.9
Milk Chocolate,Snacks,30.0,deep_fried,2.26,17.65,20.1,1.02,15.45,1.0,258.7
Milk Chocolate,Snacks,50.0,raw,3.79,29.62,14.77,1.7,25.75,1.5,263.2
Milk Chocolate,Snacks,50.0,boiled,3.83,29.9,14.75,1.7,25.75,1.7,264.2
Milk Chocolate,Snacks,50.0,steamed,3.8,29.71,14.71,1.7,25.75,1.6,263.0
Milk Chocolate,Snacks,50.0,grilled,3.82,29.85,13.8,1.7,25.75,1.3,258.0
Milk Chocolate,Snacks,50.0,baked,3.85,30.09,14.48,1.7,25.75,1.3,265.1
Milk Chocolate,Snacks,50.0,fried,3.83,29.93,27.9,1.7,25.75,1.1,384.3
Milk Chocolate,Snacks,50.0,deep_fried,3.8,29.72,34.2,1.7,25.75,1.0,439.9
Milk Chocolate,Snacks,75.0,raw,5.68,44.38,22.1,2.55,38.62,1.5,394.0
Milk Chocolate,Snacks,75.0,boiled,5.59,43.7,20.99,2.55,38.62,1.7,378.1
Milk Chocolate,Snacks,75.0,steamed,5.69,44.49,22.0,2.55,38.62,1.6,393.4
Milk Chocolate,Snacks,75.0,grilled,5.69,44.44,20.39,2.55,38.62,1.3,381.9
Milk Chocolate,Snacks,75.0,baked,5.72,44.68,21.29,2.55,38.62,1.3,390.6
Milk Chocolate,Snacks,75.0,fried,5.69,44.5,41.11,2.55,38.62,1.0,566.7
Milk Chocolate,Snacks,75.0,deep_fried,5.69,44.44,50.99,2.55,38.62,1.0,655.9
Milk Chocolate,Snacks,100.0,raw,7.5,58.61,28.91,3.4,51.5,1.5,516.4
Milk Chocolate,Snacks,100.0,boiled,7.55,58.98,28.7,3.4,51.5,1.7,515.4
Milk Chocolate,Snacks,100.0,steamed,7.63,59.61,29.61,3.4,51.5,1.6,529.1
Milk Chocolate,Snacks,100.0,grilled,7.7,60.16,28.03,3.4,51.5,1.3,523.2
Milk Chocolate,Snacks,100.0,baked,7.59,59.36,28.17,3.4,51.5,1.3,517.3
Milk Chocolate,Snacks,100.0,fried,7.62,59.55,55.22,3.4,51.5,1.1,761.0
Milk Chocolate,Snacks,100.0,deep_fried,7.65,59.82,69.29,3.4,51.5,1.0,891.1
Milk Chocolate,Snacks,150.0,raw,11.33,88.56,44.01,5.1,77.25,1.5,784.9
Milk Chocolate,Snacks,150.0,boiled,11.43,89.35,43.9,5.1,77.25,1.7,786.8
Milk Chocolate,Snacks,150.0,steamed,11.34,88.61,43.61,5.1,77.25,1.6,780.7
Milk Chocolate,Snacks,150.0,grilled,11.47,89.68,41.52,5.1,77.25,1.3,776.1
Milk Chocolate,Snacks,150.0,baked,11.41,89.2,42.42,5.1,77.25,1.3,778.6
Milk Chocolate,Snacks,150.0,fried,11.43,89.3,82.79,5.1,77.25,1.1,1140.9
Milk Chocolate,Snacks,150.0,deep_fried,11.33,88.58,101.26,5.1,77.25,1.0,1302.8
Milk Chocolate,Snacks,200.0,raw,15.28,119.43,60.03,6.8,103.0,1.5,1068.1
Milk Chocolate,Snacks,200.0,boiled,15.44,120.66,60.03,6.8,103.0,1.8,1073.4
Milk Chocolate,Snacks,200.0,steamed,15.09,117.9,57.92,6.8,103.0,1.6,1037.2
Milk Chocolate,Snacks,200.0,grilled,15.16,118.5,54.37,6.8,103.0,1.3,1018.4
Milk Chocolate,Snacks,200.0,baked,15.23,119.01,56.63,6.8,103.0,1.3,1039.3
Milk Chocolate,Snacks,200.0,fried,15.29,119.5,111.19,6.8,103.0,1.1,1531.9
Milk Chocolate,Snacks,200.0,deep_fried,15.14,118.3,135.47,6.8,103.0,1.0,1742.8
Milk Chocolate,Snacks,250.0,raw,18.6,145.34,71.09,8.5,128.75,1.5,1272.4
Milk Chocolate,Snacks,250.0,boiled,19.19,150.01,74.25,8.5,128.75,1.7,1328.9
Milk Chocolate,Snacks,250.0,steamed,19.11,149.35,74.35,8.5,128.75,1.6,1327.8
Milk Chocolate,Snacks,250.0,grilled,18.75,146.56,66.52,8.5,128.75,1.3,1249.3
Milk Chocolate,Snacks,250.0,baked,18.91,147.82,69.89,8.5,128.75,1.3,1284.5
Milk Chocolate,Snacks,250.0,fried,19.22,150.25,140.59,8.5,128.75,1.1,1936.3
Milk Chocolate,Snacks,250.0,deep_fried,19.21,150.11,174.48,8.5,128.75,1.0,2243.8
Milk Chocolate,Snacks,300.0,raw,22.96,179.45,90.35,10.2,154.5,1.5,1607.1
Milk Chocolate,Snacks,300.0,boiled,22.77,177.96,87.09,10.2,154.5,1.7,1562.2
Milk Chocolate,Snacks,300.0,steamed,22.81,178.31,88.32,10.2,154.5,1.6,1578.9
Milk Chocolate,Snacks,300.0,grilled,22.78,178.03,81.81,10.2,154.5,1.3,1531.8
Milk Chocolate,Snacks,300.0,baked,22.99,179.71,86.08,10.2,154.5,1.3,1577.5
Milk Chocolate,Snacks,300.0,fried,22.65,177.03,162.67,10.2,154.5,1.0,2243.2
Milk Chocolate,Snacks,300.0,deep_fried,22.66,177.12,202.45,10.2,154.5,1.0,2604.7
Milk Chocolate,Snacks,400.0,raw,30.63,239.4,120.6,13.6,206.0,1.5,2144.9
Milk Chocolate,Snacks,400.0,boiled,30.39,237.52,116.35,13.6,206.0,1.7,2086.6
Milk Chocolate,Snacks,400.0,steamed,30.71,240.06,120.04,13.6,206.0,1.6,2141.9
Milk Chocolate,Snacks,400.0,grilled,30.25,236.4,108.2,13.6,206.0,1.3,2027.8
Milk Chocolate,Snacks,400.0,baked,30.39,237.5,112.77,13.6,206.0,1.3,2070.5
Milk Chocolate,Snacks,400.0,fried,30.19,235.96,216.74,13.6,206.0,1.0,2989.0
Milk Chocolate,Snacks,400.0,deep_fried,30.4,237.61,273.27,13.6,206.0,1.0,3515.0
Milk Chocolate,Snacks,500.0,raw,37.58,293.71,145.21,17.0,257.5,1.5,2592.7
Milk Chocolate,Snacks,500.0,boiled,37.86,295.91,144.47,17.0,257.5,1.7,2592.7
Milk Chocolate,Snacks,500.0,steamed,37.59,293.8,143.85,17.0,257.5,1.6,2577.9
Milk Chocolate,Snacks,500.0,grilled,38.2,298.55,138.04,17.0,257.5,1.3,2581.0
Milk Chocolate,Snacks,500.0,baked,38.2,298.6,142.59,17.0,257.5,1.3,2614.8
Milk Chocolate,Snacks,500.0,fried,37.51,293.15,267.59,17.0,257.5,1.0,3692.2
Milk Chocolate,Snacks,500.0,deep_fried,38.38,299.97,348.38,17.0,257.5,1.0,4480.1
Potato Chips,Snacks,30.0,raw,2.14,16.2,10.77,1.23,0.15,2.0,168.5
Potato Chips,Snacks,30.0,boiled,2.1,15.91,10.18,1.23,0.15,2.3,160.5
Potato Chips,Snacks,30.0,steamed,2.09,15.82,10.18,1.23,0.15,2.1,160.2
Potato Chips,Snacks,30.0,grilled,2.14,16.24,9.95,1.23,0.15,1.7,162.6
Potato Chips,Snacks,30.0,baked,2.08,15.74,9.67,1.23,0.15,1.7,156.0
Potato Chips,Snacks,30.0,fried,2.1,15.9,19.21,1.23,0.15,1.4,241.7
Potato Chips,Snacks,30.0,deep_fried,2.1,15.92,23.94,1.23,0.15,1.2,284.3
Potato Chips,Snacks,50.0,raw,3.54,26.77,17.65,2.05,0.25,2.0,276.5
Potato Chips,Snacks,50.0,boiled,3.51,26.57,17.05,2.05,0.25,2.3,268.8
Potato Chips,Snacks,50.0,steamed,3.49,26.4,17.0,2.05,0.25,2.1,267.6
Potato Chips,Snacks,50.0,grilled,3.48,26.31,15.69,2.05,0.25,1.7,257.5
Potato Chips,Snacks,50.0,baked,3.49,26.43,16.35,2.05,0.25,1.8,263.5
Potato Chips,Snacks,50.0,fried,3.47,26.3,31.52,2.05,0.25,1.4,396.7
Potato Chips,Snacks,50.0,deep_fried,3.5,26.51,39.82,2.05,0.25,1.2,472.9
Potato Chips,Snacks,75.0,raw,5.23,39.58,25.73,3.07,0.38,2.0,403.8
Potato Chips,Snacks,75.0,boiled,5.19,39.3,24.86,3.07,0.38,2.3,392.7
Potato Chips,Snacks,75.0,steamed,5.3,40.12,26.17,3.07,0.38,2.1,411.2
Potato Chips,Snacks,75.0,grilled,5.23,39.6,23.7,3.07,0.38,1.7,388.7
Potato Chips,Snacks,75.0,baked,5.2,39.37,24.18,3.07,0.38,1.7,390.2
Potato Chips,Snacks,75.0,fried,5.24,39.7,47.89,3.07,0.38,1.4,602.6
Potato Chips,Snacks,75.0,deep_fried,5.25,39.77,59.75,3.07,0.38,1.2,709.6
Potato Chips,Snacks,100.0,raw,6.91,52.31,33.69,4.1,0.5,2.0,529.4
Potato Chips,Snacks,100.0,boiled,7.02,53.13,34.08,4.1,0.5,2.3,537.3
Potato Chips,Snacks,100.0,steamed,6.95,52.58,33.72,4.1,0.5,2.1,531.1
Potato Chips,Snacks,100.0,grilled,7.09,53.68,32.65,4.1,0.5,1.7,534.2
Potato Chips,Snacks,100.0,baked,7.03,53.21,33.13,4.1,0.5,1.8,533.5
Potato Chips,Snacks,100.0,fried,6.98,52.84,63.63,4.1,0.5,1.4,800.7
Potato Chips,Snacks,100.0,deep_fried,6.96,52.7,78.69,4.1,0.5,1.2,934.4
Potato Chips,Snacks,150.0,raw,10.49,79.44,51.82,6.15,0.75,2.0,812.8
Potato Chips,Snacks,150.0,boiled,10.55,79.87,51.33,6.15,0.75,2.3,809.0
Potato Chips,Snacks,150.0,steamed,10.5,79.48,51.36,6.15,0.75,2.1,808.0
Potato Chips,Snacks,150.0,grilled,10.48,79.37,47.59,6.15,0.75,1.7,780.4
Potato Chips,Snacks,150.0,baked,10.5,79.53,49.35,6.15,0.75,1.8,795.0
Potato Chips,Snacks,150.0,fried,10.45,79.14,95.15,6.15,0.75,1.4,1197.3
Potato Chips,Snacks,150.0,deep_fried,10.47,79.3,118.76,6.15,0.75,1.2,1410.3
Potato Chips,Snacks,200.0,raw,13.78,104.34,67.03,8.2,1.0,2.0,1053.7
Potato Chips,Snacks,200.0,boiled,14.1,106.77,68.81,8.2,1.0,2.3,1084.1
Potato Chips,Snacks,200.0,steamed,14.03,106.24,68.82,8.2,1.0,2.1,1082.3
Potato Chips,Snacks,200.0,grilled,13.92,105.39,62.93,8.2,1.0,1.7,1032.7
Potato Chips,Snacks,200.0,baked,14.2,107.51,67.61,8.2,1.0,1.8,1087.1
Potato Chips,Snacks,200.0,fried,14.01,106.07,128.19,8.2,1.0,1.4,1613.0
Potato Chips,Snacks,200.0,deep_fried,13.89,105.18,156.69,8.2,1.0,1.2,1860.5
Potato Chips,Snacks,250.0,raw,17.61,133.35,87.61,10.25,1.25,2.0,1372.8
Potato Chips,Snacks,250.0,boiled,17.55,132.9,85.28,10.25,1.25,2.3,1344.4
Potato Chips,Snacks,250.0,steamed,17.55,132.89,86.14,10.25,1.25,2.1,1354.7
Potato Chips,Snacks,250.0,grilled,17.44,132.08,79.07,10.25,1.25,1.7,1297.0
Potato Chips,Snacks,250.0,baked,17.56,132.95,82.73,10.25,1.25,1.8,1332.2
Potato Chips,Snacks,250.0,fried,17.47,132.24,159.4,10.25,1.25,1.4,2005.8
Potato Chips,Snacks,250.0,deep_fried,17.57,133.05,200.61,10.25,1.25,1.2,2382.7
Potato Chips,Snacks,300.0,raw,20.7,156.73,100.83,12.3,1.5,2.0,1584.7
Potato Chips,Snacks,300.0,boiled,20.93,158.48,101.06,12.3,1.5,2.3,1594.5
Potato Chips,Snacks,300.0,steamed,21.27,161.05,105.42,12.3,1.5,2.1,1655.8
Potato Chips,Snacks,300.0,grilled,20.88,158.09,94.4,12.3,1.5,1.7,1549.1
Potato Chips,Snacks,300.0,baked,20.9,158.28,97.72,12.3,1.5,1.8,1575.5
Potato Chips,Snacks,300.0,fried,20.93,158.47,190.74,12.3,1.5,1.4,2400.2
Potato Chips,Snacks,300.0,deep_fried,20.81,157.55,234.39,12.3,1.5,1.2,2783.0
Potato Chips,Snacks,400.0,raw,27.54,208.49,133.82,16.4,2.0,2.0,2103.9
Potato Chips,Snacks,400.0,boiled,27.95,211.63,135.16,16.4,2.0,2.3,2132.1
Potato Chips,Snacks,400.0,steamed,28.03,212.22,137.3,16.4,2.0,2.1,2159.8
Potato Chips,Snacks,400.0,grilled,27.99,211.92,127.23,16.4,2.0,1.7,2085.9
Potato Chips,Snacks,400.0,baked,27.97,211.77,131.19,16.4,2.0,1.8,2114.1
Potato Chips,Snacks,400.0,fried,28.01,212.07,256.21,16.4,2.0,1.4,3223.9
Potato Chips,Snacks,400.0,deep_fried,28.21,213.63,323.2,16.4,2.0,1.2,3839.2
Potato Chips,Snacks,500.0,raw,34.95,264.62,172.51,20.5,2.5,2.0,2705.9
Potato Chips,Snacks,500.0,boiled,34.85,263.86,168.08,20.5,2.5,2.3,2652.3
Potato Chips,Snacks,500.0,steamed,34.93,264.44,170.55,20.5,2.5,2.1,2684.0
Potato Chips,Snacks,500.0,grilled,35.15,266.15,160.54,20.5,2.5,1.7,2630.0
Potato Chips,Snacks,500.0,baked,35.37,267.81,167.83,20.5,2.5,1.8,2699.8
Potato Chips,Snacks,500.0,fried,34.84,263.75,317.03,20.5,2.5,1.4,3989.4
Potato Chips,Snacks,500.0,deep_fried,35.03,265.2,398.49,20.5,2.5,1.2,4732.5
Chocolate Chip Cookie,Snacks,30.0,raw,1.62,19.25,7.24,0.72,10.2,5.0,147.3
Chocolate Chip Cookie,Snacks,30.0,boiled,1.61,19.06,6.95,0.72,10.2,5.7,143.0
Chocolate Chip Cookie,Snacks,30.0,steamed,1.62,19.2,7.13,0.72,10.2,5.3,145.8
Chocolate Chip Cookie,Snacks,30.0,grilled,1.6,18.99,6.48,0.72,10.2,4.2,139.8
Chocolate Chip Cookie,Snacks,30.0,baked,1.6,18.95,6.66,0.72,10.2,4.3,140.8
Chocolate Chip Cookie,Snacks,30.0,fried,1.62,19.25,13.39,0.72,10.2,3.5,203.6
Chocolate Chip Cookie,Snacks,30.0,deep_fried,1.62,19.14,16.46,0.72,10.2,3.0,231.0
Chocolate Chip Cookie,Snacks,50.0,raw,2.7,32.05,12.04,1.2,17.0,5.0,245.0
Chocolate Chip Cookie,Snacks,50.0,boiled,2.7,32.0,11.76,1.2,17.0,5.7,241.4
Chocolate Chip Cookie,Snacks,50.0,steamed,2.68,31.77,11.71,1.2,17.0,5.2,240.0
Chocolate Chip Cookie,Snacks,50.0,grilled,2.7,31.99,11.03,1.2,17.0,4.2,237.2
Chocolate Chip Cookie,Snacks,50.0,baked,2.68,31.7,11.19,1.2,17.0,4.4,236.2
Chocolate Chip Cookie,Snacks,50.0,fried,2.73,32.33,22.66,1.2,17.0,3.5,344.2
Chocolate Chip Cookie,Snacks,50.0,deep_fried,2.67,31.67,27.04,1.2,17.0,3.0,379.7
Chocolate Chip Cookie,Snacks,75.0,raw,4.04,47.93,17.95,1.8,25.5,5.0,365.6
Chocolate Chip Cookie,Snacks,75.0,boiled,4.02,47.62,17.36,1.8,25.5,5.7,357.2
Chocolate Chip Cookie,Snacks,75.0,steamed,4.07,48.21,17.97,1.8,25.5,5.3,367.2
Chocolate Chip Cookie,Snacks,75.0,grilled,4.04,47.88,16.48,1.8,25.5,4.2,354.6
Chocolate Chip Cookie,Snacks,75.0,baked,4.03,47.81,16.97,1.8,25.5,4.4,357.6
Chocolate Chip Cookie,Snacks,75.0,fried,4.08,48.31,33.73,1.8,25.5,3.5,512.5
Chocolate Chip Cookie,Snacks,75.0,deep_fried,4.05,48.01,41.42,1.8,25.5,3.0,581.1
Chocolate Chip Cookie,Snacks,100.0,raw,5.42,64.25,24.19,2.4,34.0,5.0,492.1
Chocolate Chip Cookie,Snacks,100.0,boiled,5.36,63.53,23.17,2.4,34.0,5.7,476.6
Chocolate Chip Cookie,Snacks,100.0,steamed,5.34,63.33,23.26,2.4,34.0,5.2,477.1
Chocolate Chip Cookie,Snacks,100.0,grilled,5.4,64.05,22.12,2.4,34.0,4.3,475.5
Chocolate Chip Cookie,Snacks,100.0,baked,5.39,63.85,22.69,2.4,34.0,4.4,478.0
Chocolate Chip Cookie,Snacks,100.0,fried,5.43,64.3,44.82,2.4,34.0,3.5,681.2
Chocolate Chip Cookie,Snacks,100.0,deep_fried,5.4,63.96,55.13,2.4,34.0,3.0,773.5
Chocolate Chip Cookie,Snacks,150.0,raw,8.11,96.15,36.11,3.6,51.0,5.0,735.1
Chocolate Chip Cookie,Snacks,150.0,boiled,8.0,94.83,34.42,3.6,51.0,5.7,709.0
Chocolate Chip Cookie,Snacks,150.0,steamed,8.21,97.36,36.65,3.6,51.0,5.3,746.9
Chocolate Chip Cookie,Snacks,150.0,grilled,8.09,95.88,33.04,3.6,51.0,4.2,710.7
Chocolate Chip Cookie,Snacks,150.0,baked,8.14,96.5,34.56,3.6,51.0,4.4,726.4
Chocolate Chip Cookie,Snacks,150.0,fried,8.05,95.4,65.76,3.6,51.0,3.5,1001.0
Chocolate Chip Cookie,Snacks,150.0,deep_fried,8.12,96.22,83.18,3.6,51.0,3.0,1166.7
Chocolate Chip Cookie,Snacks,200.0,raw,10.69,126.75,47.06,4.8,68.0,5.0,960.9
Chocolate Chip Cookie,Snacks,200.0,boiled,10.84,128.43,47.36,4.8,68.0,5.8,971.3
Chocolate Chip Cookie,Snacks,200.0,steamed,10.77,127.66,47.27,4.8,68.0,5.2,967.5
Chocolate Chip Cookie,Snacks,200.0,grilled,10.8,128.03,44.18,4.8,68.0,4.3,949.9
Chocolate Chip Cookie,Snacks,200.0,baked,10.86,128.67,46.08,4.8,68.0,4.4,968.6
Chocolate Chip Cookie,Snacks,200.0,fried,10.7,126.82,87.16,4.8,68.0,3.5,1327.2
Chocolate Chip Cookie,Snacks,200.0,deep_fried,10.74,127.34,109.27,4.8,68.0,3.0,1533.6
Chocolate Chip Cookie,Snacks,250.0,raw,13.55,160.55,60.41,6.0,85.0,5.0,1229.1
Chocolate Chip Cookie,Snacks,250.0,boiled,13.71,162.52,60.65,6.0,85.0,5.8,1240.1
Chocolate Chip Cookie,Snacks,250.0,steamed,13.49,159.83,59.28,6.0,85.0,5.2,1212.8
Chocolate Chip Cookie,Snacks,250.0,grilled,13.56,160.71,55.69,6.0,85.0,4.3,1196.0
Chocolate Chip Cookie,Snacks,250.0,baked,13.49,159.87,56.91,6.0,85.0,4.4,1198.3
Chocolate Chip Cookie,Snacks,250.0,fried,13.7,162.33,114.23,6.0,85.0,3.6,1734.1
Chocolate Chip Cookie,Snacks,250.0,deep_fried,13.32,157.9,134.38,6.0,85.0,3.0,1887.7
Chocolate Chip Cookie,Snacks,300.0,raw,16.21,192.14,72.1,7.2,102.0,5.0,1468.0
Chocolate Chip Cookie,Snacks,300.0,boiled,16.0,189.66,68.84,7.2,102.0,5.7,1417.9
Chocolate Chip Cookie,Snacks,300.0,steamed,15.9,188.39,68.6,7.2,102.0,5.2,1410.6
Chocolate Chip Cookie,Snacks,300.0,grilled,16.24,192.43,66.54,7.2,102.0,4.3,1429.9
Chocolate Chip Cookie,Snacks,300.0,baked,16.22,192.2,68.54,7.2,102.0,4.4,1442.5
Chocolate Chip Cookie,Snacks,300.0,fried,16.17,191.59,132.63,7.2,102.0,3.5,2017.6
Chocolate Chip Cookie,Snacks,300.0,deep_fried,16.19,191.85,165.34,7.2,102.0,3.0,2319.7
Chocolate Chip Cookie,Snacks,400.0,raw,22.1,261.95,100.46,9.6,136.0,5.1,2034.3
Chocolate Chip Cookie,Snacks,400.0,boiled,21.56,255.5,93.72,9.6,136.0,5.7,1924.8
Chocolate Chip Cookie,Snacks,400.0,steamed,21.68,256.98,95.77,9.6,136.0,5.3,1956.8
Chocolate Chip Cookie,Snacks,400.0,grilled,21.49,254.75,87.46,9.6,136.0,4.2,1883.4
Chocolate Chip Cookie,Snacks,400.0,baked,21.65,256.57,91.6,9.6,136.0,4.4,1927.2
Chocolate Chip Cookie,Snacks,400.0,fried,21.56,255.54,176.97,9.6,136.0,3.5,2691.9
Chocolate Chip Cookie,Snacks,400.0,deep_fried,21.53,255.21,219.44,9.6,136.0,3.0,3079.4
Chocolate Chip Cookie,Snacks,500.0,raw,27.37,324.37,123.27,12.0,170.0,5.1,2501.8
Chocolate Chip Cookie,Snacks,500.0,boiled,27.24,322.83,119.68,12.0,170.0,5.8,2451.2
Chocolate Chip Cookie,Snacks,500.0,steamed,27.03,320.33,119.04,12.0,170.0,5.3,2434.2
Chocolate Chip Cookie,Snacks,500.0,grilled,26.53,314.47,106.58,12.0,170.0,4.2,2304.2
Chocolate Chip Cookie,Snacks,500.0,baked,26.93,319.13,113.38,12.0,170.0,4.4,2388.7
Chocolate Chip Cookie,Snacks,500.0,fried,27.55,326.49,231.0,12.0,170.0,3.6,3504.7
Chocolate Chip Cookie,Snacks,500.0,deep_fried,26.95,319.45,275.05,12.0,170.0,3.0,3859.3
Vanilla Ice Cream,Snacks,30.0,raw,1.06,7.14,3.35,0.21,6.36,61.5,62.7
Vanilla Ice Cream,Snacks,30.0,boiled,1.06,7.16,3.3,0.21,6.36,70.9,62.2
Vanilla Ice Cream,Snacks,30.0,steamed,1.05,7.09,3.28,0.21,6.36,64.2,61.6
Vanilla Ice Cream,Snacks,30.0,grilled,1.04,7.04,3.0,0.21,6.36,51.5,59.3
Vanilla Ice Cream,Snacks,30.0,baked,1.03,6.95,3.02,0.21,6.36,52.7,58.7
Vanilla Ice Cream,Snacks,30.0,fried,1.06,7.12,6.17,0.21,6.36,42.9,88.2
Vanilla Ice Cream,Snacks,30.0,deep_fried,1.04,7.04,7.5,0.21,6.36,36.4,99.6
Vanilla Ice Cream,Snacks,50.0,raw,1.75,11.82,5.51,0.35,10.6,61.1,103.3
Vanilla Ice Cream,Snacks,50.0,boiled,1.73,11.69,5.29,0.35,10.6,69.5,100.0
Vanilla Ice Cream,Snacks,50.0,steamed,1.75,11.78,5.42,0.35,10.6,63.9,102.1
Vanilla Ice Cream,Snacks,50.0,grilled,1.75,11.8,5.06,0.35,10.6,51.9,99.8
Vanilla Ice Cream,Snacks,50.0,baked,1.75,11.82,5.25,0.35,10.6,53.8,101.4
Vanilla Ice Cream,Snacks,50.0,fried,1.74,11.7,10.0,0.35,10.6,42.3,143.1
Vanilla Ice Cream,Snacks,50.0,deep_fried,1.77,11.91,12.88,0.35,10.6,36.9,171.0
Vanilla Ice Cream,Snacks,75.0,raw,2.61,17.62,8.18,0.52,15.9,60.7,153.4
Vanilla Ice Cream,Snacks,75.0,boiled,2.59,17.48,7.88,0.52,15.9,69.3,149.2
Vanilla Ice Cream,Snacks,75.0,steamed,2.62,17.69,8.15,0.52,15.9,64.0,153.4
Vanilla Ice Cream,Snacks,75.0,grilled,2.63,17.7,7.59,0.52,15.9,51.9,149.8
Vanilla Ice Cream,Snacks,75.0,baked,2.63,17.72,7.86,0.52,15.9,53.7,151.9
Vanilla Ice Cream,Snacks,75.0,fried,2.65,17.88,15.57,0.52,15.9,43.1,222.4
Vanilla Ice Cream,Snacks,75.0,deep_fried,2.62,17.67,18.91,0.52,15.9,36.5,251.2
Vanilla Ice Cream,Snacks,100.0,raw,3.5,23.58,10.98,0.7,21.2,60.9,205.8
Vanilla Ice Cream,Snacks,100.0,boiled,3.47,23.4,10.6,0.7,21.2,69.6,200.4
Vanilla Ice Cream,Snacks,100.0,steamed,3.52,23.75,11.02,0.7,21.2,64.4,207.0
Vanilla Ice Cream,Snacks,100.0,grilled,3.5,23.63,10.15,0.7,21.2,51.9,200.1
Vanilla Ice Cream,Snacks,100.0,baked,3.49,23.53,10.38,0.7,21.2,53.5,200.9
Vanilla Ice Cream,Snacks,100.0,fried,3.45,23.26,19.77,0.7,21.2,42.1,283.1
Vanilla Ice Cream,Snacks,100.0,deep_fried,3.54,23.86,25.85,0.7,21.2,37.0,343.2
Vanilla Ice Cream,Snacks,150.0,raw,5.2,35.07,16.2,1.05,31.8,60.4,304.1
Vanilla Ice Cream,Snacks,150.0,boiled,5.23,35.24,16.03,1.05,31.8,69.8,302.8
Vanilla Ice Cream,Snacks,150.0,steamed,5.26,35.5,16.42,1.05,31.8,64.2,308.7
Vanilla Ice Cream,Snacks,150.0,grilled,5.2,35.08,14.91,1.05,31.8,51.4,294.8
Vanilla Ice Cream,Snacks,150.0,baked,5.19,35.0,15.32,1.05,31.8,53.1,297.1
Vanilla Ice Cream,Snacks,150.0,fried,5.17,34.84,29.55,1.05,31.8,42.0,423.3
Vanilla Ice Cream,Snacks,150.0,deep_fried,5.28,35.59,38.36,1.05,31.8,36.8,509.4
Vanilla Ice Cream,Snacks,200.0,raw,6.97,47.01,21.82,1.4,42.4,60.8,409.2
Vanilla Ice Cream,Snacks,200.0,boiled,7.15,48.24,22.51,1.4,42.4,71.7,422.8
Vanilla Ice Cream,Snacks,200.0,steamed,6.95,46.85,21.46,1.4,42.4,63.6,404.3
Vanilla Ice Cream,Snacks,200.0,grilled,6.95,46.87,19.96,1.4,42.4,51.5,394.4
Vanilla Ice Cream,Snacks,200.0,baked,6.97,47.0,20.72,1.4,42.4,53.5,401.0
Vanilla Ice Cream,Snacks,200.0,fried,7.01,47.29,40.85,1.4,42.4,42.8,583.9
Vanilla Ice Cream,Snacks,200.0,deep_fried,6.98,47.03,50.24,1.4,42.4,36.5,667.5
Vanilla Ice Cream,Snacks,250.0,raw,8.79,59.27,27.75,1.75,53.0,61.3,519.4
Vanilla Ice Cream,Snacks,250.0,boiled,8.69,58.57,26.55,1.75,53.0,69.6,502.0
Vanilla Ice Cream,Snacks,250.0,steamed,8.66,58.39,26.66,1.75,53.0,63.4,502.7
Vanilla Ice Cream,Snacks,250.0,grilled,8.63,58.2,24.62,1.75,53.0,51.2,487.4
Vanilla Ice Cream,Snacks,250.0,baked,8.6,58.02,25.25,1.75,53.0,52.8,490.4
Vanilla Ice Cream,Snacks,250.0,fried,8.72,58.77,50.48,1.75,53.0,42.5,722.0
Vanilla Ice Cream,Snacks,250.0,deep_fried,8.73,58.87,62.96,1.75,53.0,36.5,836.5
Vanilla Ice Cream,Snacks,300.0,raw,10.45,70.46,32.69,2.1,63.6,60.7,613.1
Vanilla Ice Cream,Snacks,300.0,boiled,10.6,71.46,32.94,2.1,63.6,70.8,620.4
Vanilla Ice Cream,Snacks,300.0,steamed,10.6,71.45,33.27,2.1,63.6,64.6,624.5
Vanilla Ice Cream,Snacks,300.0,grilled,10.47,70.62,30.21,2.1,63.6,51.7,596.3
Vanilla Ice Cream,Snacks,300.0,baked,10.36,69.85,30.51,2.1,63.6,53.0,591.9
Vanilla Ice Cream,Snacks,300.0,fried,10.46,70.5,60.53,2.1,63.6,42.5,865.8
Vanilla Ice Cream,Snacks,300.0,deep_fried,10.45,70.48,75.22,2.1,63.6,36.4,999.4
Vanilla Ice Cream,Snacks,400.0,raw,13.93,93.93,43.57,2.8,84.8,60.7,817.2
Vanilla Ice Cream,Snacks,400.0,boiled,13.93,93.91,42.67,2.8,84.8,69.8,806.2
Vanilla Ice Cream,Snacks,400.0,steamed,13.93,93.94,43.13,2.8,84.8,63.7,812.2
Vanilla Ice Cream,Snacks,400.0,grilled,13.96,94.13,40.25,2.8,84.8,51.7,794.5
Vanilla Ice Cream,Snacks,400.0,baked,13.93,93.95,41.4,2.8,84.8,53.4,801.3
Vanilla Ice Cream,Snacks,400.0,fried,14.02,94.55,81.65,2.8,84.8,42.8,1167.2
Vanilla Ice Cream,Snacks,400.0,deep_fried,14.04,94.66,101.75,2.8,84.8,36.7,1351.4
Vanilla Ice Cream,Snacks,500.0,raw,17.38,117.19,54.25,3.5,106.0,60.6,1018.0
Vanilla Ice Cream,Snacks,500.0,boiled,17.67,119.12,54.93,3.5,106.0,70.8,1034.4
Vanilla Ice Cream,Snacks,500.0,steamed,17.37,117.13,53.65,3.5,106.0,63.6,1010.9
Vanilla Ice Cream,Snacks,500.0,grilled,17.29,116.57,49.37,3.5,106.0,51.2,977.1
Vanilla Ice Cream,Snacks,500.0,baked,17.55,118.34,52.55,3.5,106.0,53.8,1015.2
Vanilla Ice Cream,Snacks,500.0,fried,17.39,117.28,100.5,3.5,106.0,42.4,1437.8
Vanilla Ice Cream,Snacks,500.0,deep_fried,17.54,118.28,127.11,3.5,106.0,36.7,1688.2
Granola Bar,Snacks,30.0,raw,2.36,19.74,3.47,1.8,8.7,6.9,115.8
Granola Bar,Snacks,30.0,boiled,2.43,20.31,3.6,1.8,8.7,8.1,120.1
Granola Bar,Snacks,30.0,steamed,2.41,20.2,3.6,1.8,8.7,7.4,119.6
Granola Bar,Snacks,30.0,grilled,2.37,19.87,3.24,1.8,8.7,5.9,115.2
Granola Bar,Snacks,30.0,baked,2.37,19.88,3.34,1.8,8.7,6.1,115.9
Granola Bar,Snacks,30.0,fried,2.43,20.35,6.83,1.8,8.7,5.0,152.2
Granola Bar,Snacks,30.0,deep_fried,2.39,19.99,8.19,1.8,8.7,4.2,163.3
Granola Bar,Snacks,50.0,raw,3.97,33.29,5.92,3.0,14.5,7.0,196.6
Granola Bar,Snacks,50.0,boiled,3.93,32.93,5.68,3.0,14.5,7.9,191.5
Granola Bar,Snacks,50.0,steamed,3.99,33.41,5.91,3.0,14.5,7.3,197.0
Granola Bar,Snacks,50.0,grilled,3.99,33.44,5.5,3.0,14.5,5.9,194.9
Granola Bar,Snacks,50.0,baked,4.02,33.68,5.76,3.0,14.5,6.2,198.3
Granola Bar,Snacks,50.0,fried,3.96,33.15,10.87,3.0,14.5,4.8,243.9
Granola Bar,Snacks,50.0,deep_fried,3.95,33.12,13.49,3.0,14.5,4.2,269.4
Granola Bar,Snacks,75.0,raw,6.02,50.42,9.06,4.5,21.75,7.0,299.6
Granola Bar,Snacks,75.0,boiled,6.05,50.63,8.95,4.5,21.75,8.1,298.8
Granola Bar,Snacks,75.0,steamed,5.93,49.66,8.7,4.5,21.75,7.3,291.2
Granola Bar,Snacks,75.0,grilled,6.05,50.66,8.41,4.5,21.75,6.0,297.0
Granola Bar,Snacks,75.0,baked,6.0,50.26,8.55,4.5,21.75,6.2,295.0
Granola Bar,Snacks,75.0,fried,6.05,50.66,16.92,4.5,21.75,4.9,377.6
Granola Bar,Snacks,75.0,deep_fried,6.0,50.22,20.68,4.5,21.75,4.2,411.8
Granola Bar,Snacks,100.0,raw,7.85,65.73,11.55,6.0,29.0,6.9,385.4
Granola Bar,Snacks,100.0,boiled,7.99,66.92,11.73,6.0,29.0,8.0,392.9
Granola Bar,Snacks,100.0,steamed,8.06,67.53,12.07,6.0,29.0,7.4,400.6
Granola Bar,Snacks,100.0,grilled,7.95,66.55,10.89,6.0,29.0,5.9,386.9
Granola Bar,Snacks,100.0,baked,7.98,66.81,11.33,6.0,29.0,6.1,391.5
Granola Bar,Snacks,100.0,fried,7.99,66.91,22.14,6.0,29.0,4.9,495.4
Granola Bar,Snacks,100.0,deep_fried,7.83,65.54,26.4,6.0,29.0,4.1,528.9
Granola Bar,Snacks,150.0,raw,12.15,101.76,18.45,9.0,43.5,7.1,607.9
Granola Bar,Snacks,150.0,boiled,11.92,99.82,17.4,9.0,43.5,8.0,584.1
Granola Bar,Snacks,150.0,steamed,12.05,100.88,17.96,9.0,43.5,7.4,597.1
Granola Bar,Snacks,150.0,grilled,11.99,100.43,16.54,9.0,43.5,5.9,585.9
Granola Bar,Snacks,150.0,baked,12.11,101.45,17.42,9.0,43.5,6.2,598.8
Granola Bar,Snacks,150.0,fried,12.04,100.81,33.5,9.0,43.5,4.9,748.7
Granola Bar,Snacks,150.0,deep_fried,11.98,100.32,41.25,9.0,43.5,4.2,821.7
Granola Bar,Snacks,200.0,raw,15.89,133.1,23.68,12.0,58.0,7.0,786.1
Granola Bar,Snacks,200.0,boiled,16.1,134.8,23.8,12.0,58.0,8.1,794.8
Granola Bar,Snacks,200.0,steamed,15.78,132.12,23.09,12.0,58.0,7.2,773.6
Granola Bar,Snacks,200.0,grilled,16.08,134.65,22.29,12.0,58.0,6.0,787.9
Granola Bar,Snacks,200.0,baked,15.87,132.9,22.42,12.0,58.0,6.1,776.4
Granola Bar,Snacks,200.0,fried,16.15,135.26,45.23,12.0,58.0,4.9,1009.0
Granola Bar,Snacks,200.0,deep_fried,16.02,134.16,55.33,12.0,58.0,4.2,1101.3
Granola Bar,Snacks,250.0,raw,20.1,168.31,30.29,15.0,72.5,7.0,1000.9
Granola Bar,Snacks,250.0,boiled,20.01,167.6,29.44,15.0,72.5,8.1,985.1
Granola Bar,Snacks,250.0,steamed,19.74,165.3,28.92,15.0,72.5,7.3,968.4
Granola Bar,Snacks,250.0,grilled,19.87,166.42,27.24,15.0,72.5,5.9,967.5
Granola Bar,Snacks,250.0,baked,20.1,168.34,28.79,15.0,72.5,6.2,991.1
Granola Bar,Snacks,250.0,fried,20.02,167.71,55.64,15.0,72.5,4.9,1244.0
Granola Bar,Snacks,250.0,deep_fried,20.18,168.98,70.22,15.0,72.5,4.2,1394.9
Granola Bar,Snacks,300.0,raw,24.07,201.61,36.22,18.0,87.0,7.0,1197.6
Granola Bar,Snacks,300.0,boiled,23.83,199.54,34.77,18.0,87.0,8.0,1167.3
Granola Bar,Snacks,300.0,steamed,23.86,199.8,35.21,18.0,87.0,7.3,1175.6
Granola Bar,Snacks,300.0,grilled,24.02,201.16,33.17,18.0,87.0,6.0,1174.4
Granola Bar,Snacks,300.0,baked,23.58,197.51,33.01,18.0,87.0,6.1,1147.6
Granola Bar,Snacks,300.0,fried,24.3,203.52,68.27,18.0,87.0,5.0,1521.5
Granola Bar,Snacks,300.0,deep_fried,24.08,201.67,83.35,18.0,87.0,4.2,1658.1
Granola Bar,Snacks,400.0,raw,32.29,270.47,48.88,24.0,116.0,7.1,1612.5
Granola Bar,Snacks,400.0,boiled,31.62,264.82,45.92,24.0,116.0,8.0,1544.8
Granola Bar,Snacks,400.0,steamed,32.3,270.5,48.41,24.0,116.0,7.4,1606.2
Granola Bar,Snacks,400.0,grilled,32.54,272.49,45.64,24.0,116.0,6.0,1605.4
Granola Bar,Snacks,400.0,baked,31.68,265.35,44.7,24.0,116.0,6.1,1548.7
Granola Bar,Snacks,400.0,fried,32.19,269.55,89.83,24.0,116.0,4.9,2005.8
Granola Bar,Snacks,400.0,deep_fried,32.0,268.0,110.4,24.0,116.0,4.2,2198.1
Granola Bar,Snacks,500.0,raw,39.54,331.12,58.61,30.0,145.0,6.9,1949.8
Granola Bar,Snacks,500.0,boiled,40.15,336.24,59.23,30.0,145.0,8.1,1979.8
Granola Bar,Snacks,500.0,steamed,40.25,337.09,60.14,30.0,145.0,7.4,1997.9
Granola Bar,Snacks,500.0,grilled,39.82,333.49,54.7,30.0,145.0,5.9,1941.0
Granola Bar,Snacks,500.0,baked,40.35,337.93,58.0,30.0,145.0,6.2,1993.8
Granola Bar,Snacks,500.0,fried,39.5,330.81,108.22,30.0,145.0,4.8,2430.3
Granola Bar,Snacks,500.0,deep_fried,39.55,331.24,134.91,30.0,145.0,4.2,2694.4
Honey,Snacks,30.0,raw,0.09,24.75,0.0,0.06,24.63,17.1,98.6
Honey,Snacks,30.0,boiled,0.09,24.72,0.0,0.06,24.63,19.7,98.1
Honey,Snacks,30.0,steamed,0.09,24.59,0.0,0.06,24.63,17.9,97.7
Honey,Snacks,30.0,grilled,0.09,24.87,0.0,0.06,24.63,14.6,99.6
Honey,Snacks,30.0,baked,0.09,24.82,0.0,0.06,24.63,15.1,99.2
Honey,Snacks,30.0,fried,0.09,24.88,0.0,0.06,24.63,12.0,102.6
Honey,Snacks,30.0,deep_fried,0.09,24.7,0.0,0.06,24.63,10.3,103.5
Honey,Snacks,50.0,raw,0.15,41.39,0.0,0.1,41.05,17.2,165.1
Honey,Snacks,50.0,boiled,0.15,41.06,0.0,0.1,41.05,19.6,162.8
Honey,Snacks,50.0,steamed,0.15,41.83,0.0,0.1,41.05,18.2,167.2
Honey,Snacks,50.0,grilled,0.15,40.95,0.0,0.1,41.05,14.4,163.4
Honey,Snacks,50.0,baked,0.15,41.85,0.0,0.1,41.05,15.3,168.0
Honey,Snacks,50.0,fried,0.15,41.21,0.0,0.1,41.05,12.0,169.7
Honey,Snacks,50.0,deep_fried,0.15,40.77,0.0,0.1,41.05,10.2,170.4
Honey,Snacks,75.0,raw,0.23,62.43,0.0,0.15,61.57,17.3,249.6
Honey,Snacks,75.0,boiled,0.23,61.86,0.0,0.15,61.57,19.7,245.6
Honey,Snacks,75.0,steamed,0.23,62.19,0.0,0.15,61.57,18.1,247.9
Honey,Snacks,75.0,grilled,0.23,62.37,0.0,0.15,61.57,14.7,250.2
Honey,Snacks,75.0,baked,0.23,61.96,0.0,0.15,61.57,15.1,247.6
Honey,Snacks,75.0,fried,0.22,61.53,0.0,0.15,61.57,11.9,253.0
Honey,Snacks,75.0,deep_fried,0.23,62.25,0.0,0.15,61.57,10.3,261.4
Honey,Snacks,100.0,raw,0.3,82.4,0.0,0.2,82.1,17.1,328.3
Honey,Snacks,100.0,boiled,0.3,82.82,0.0,0.2,82.1,19.8,329.3
Honey,Snacks,100.0,steamed,0.3,81.07,0.0,0.2,82.1,17.7,320.8
Honey,Snacks,100.0,grilled,0.3,82.68,0.0,0.2,82.1,14.6,331.0
Honey,Snacks,100.0,baked,0.3,82.01,0.0,0.2,82.1,15.0,327.0
Honey,Snacks,100.0,fried,0.3,83.42,0.0,0.2,82.1,12.1,344.7
Honey,Snacks,100.0,deep_fried,0.3,82.79,0.0,0.2,82.1,10.3,347.4
Honey,Snacks,150.0,raw,0.45,123.82,0.0,0.3,123.15,17.1,493.6
Honey,Snacks,150.0,boiled,0.45,124.05,0.0,0.3,123.15,19.7,493.0
Honey,Snacks,150.0,steamed,0.45,122.67,0.0,0.3,123.15,17.8,486.8
Honey,Snacks,150.0,grilled,0.46,125.1,0.0,0.3,123.15,14.7,502.2
Honey,Snacks,150.0,baked,0.46,125.45,0.0,0.3,123.15,15.3,503.4
Honey,Snacks,150.0,fried,0.45,123.96,0.0,0.3,123.15,12.0,510.8
Honey,Snacks,150.0,deep_fried,0.46,125.07,0.0,0.3,123.15,10.4,525.9
Honey,Snacks,200.0,raw,0.6,164.1,0.0,0.4,164.2,17.0,652.9
Honey,Snacks,200.0,boiled,0.6,163.81,0.0,0.4,164.2,19.5,648.9
Honey,Snacks,200.0,steamed,0.6,164.85,0.0,0.4,164.2,18.0,655.9
Honey,Snacks,200.0,grilled,0.6,165.34,0.0,0.4,164.2,14.6,661.9
Honey,Snacks,200.0,baked,0.6,164.31,0.0,0.4,164.2,15.0,655.5
Honey,Snacks,200.0,fried,0.6,165.46,0.0,0.4,164.2,12.0,682.0
Honey,Snacks,200.0,deep_fried,0.6,165.18,0.0,0.4,164.2,10.3,692.7
Honey,Snacks,250.0,raw,0.74,204.46,0.0,0.5,205.25,17.0,812.6
Honey,Snacks,250.0,boiled,0.75,206.8,0.0,0.5,205.25,19.7,821.9
Honey,Snacks,250.0,steamed,0.75,207.33,0.0,0.5,205.25,18.1,826.5
Honey,Snacks,250.0,grilled,0.75,206.26,0.0,0.5,205.25,14.6,825.1
Honey,Snacks,250.0,baked,0.76,207.78,0.0,0.5,205.25,15.2,832.0
Honey,Snacks,250.0,fried,0.74,204.12,0.0,0.5,205.25,11.9,838.1
Honey,Snacks,250.0,deep_fried,0.75,206.72,0.0,0.5,205.25,10.3,867.1
Honey,Snacks,300.0,raw,0.89,245.03,0.0,0.6,246.3,16.9,973.4
Honey,Snacks,300.0,boiled,0.89,245.13,0.0,0.6,246.3,19.5,970.3
Honey,Snacks,300.0,steamed,0.9,246.03,0.0,0.6,246.3,17.9,977.2
Honey,Snacks,300.0,grilled,0.89,245.45,0.0,0.6,246.3,14.4,979.3
Honey,Snacks,300.0,baked,0.9,246.18,0.0,0.6,246.3,15.0,981.7
Honey,Snacks,300.0,fried,0.9,246.8,0.0,0.6,246.3,12.0,1015.6
Honey,Snacks,300.0,deep_fried,0.91,248.75,0.0,0.6,246.3,10.3,1044.3
Honey,Snacks,400.0,raw,1.2,328.81,0.0,0.8,328.4,17.1,1309.0
Honey,Snacks,400.0,boiled,1.19,325.68,0.0,0.8,328.4,19.4,1287.7
Honey,Snacks,400.0,steamed,1.21,332.42,0.0,0.8,328.4,18.1,1326.1
Honey,Snacks,400.0,grilled,1.19,327.53,0.0,0.8,328.4,14.4,1307.1
Honey,Snacks,400.0,baked,1.2,329.45,0.0,0.8,328.4,15.0,1315.3
Honey,Snacks,400.0,fried,1.2,330.7,0.0,0.8,328.4,12.0,1362.8
Honey,Snacks,400.0,deep_fried,1.2,330.09,0.0,0.8,328.4,10.3,1383.9
Honey,Snacks,500.0,raw,1.51,415.38,0.0,1.0,410.5,17.2,1659.3
Honey,Snacks,500.0,boiled,1.51,413.48,0.0,1.0,410.5,19.7,1643.2
Honey,Snacks,500.0,steamed,1.49,409.34,0.0,1.0,410.5,17.8,1625.0
Honey,Snacks,500.0,grilled,1.52,418.73,0.0,1.0,410.5,14.8,1683.3
Honey,Snacks,500.0,baked,1.5,412.6,0.0,1.0,410.5,15.1,1648.3
Honey,Snacks,500.0,fried,1.5,411.54,0.0,1.0,410.5,12.0,1693.7
Honey,Snacks,500.0,deep_fried,1.51,414.98,0.0,1.0,410.5,10.3,1742.6
Orange Juice (Fresh),Beverages,30.0,raw,0.21,3.13,0.06,0.06,2.52,88.5,13.8
Orange Juice (Fresh),Beverages,30.0,boiled,0.21,3.13,0.06,0.06,2.52,99.0,13.7
Orange Juice (Fresh),Beverages,30.0,steamed,0.21,3.18,0.06,0.06,2.52,94.4,14.0
Orange Juice (Fresh),Beverages,30.0,grilled,0.21,3.11,0.05,0.06,2.52,74.9,13.6
Orange Juice (Fresh),Beverages,30.0,baked,0.21,3.11,0.06,0.06,2.52,77.5,13.7
Orange Juice (Fresh),Beverages,30.0,fried,0.21,3.12,0.11,0.06,2.52,61.9,14.6
Orange Juice (Fresh),Beverages,30.0,deep_fried,0.21,3.15,0.14,0.06,2.52,53.4,15.3
Orange Juice (Fresh),Beverages,50.0,raw,0.35,5.14,0.1,0.1,4.2,87.3,22.5
Orange Juice (Fresh),Beverages,50.0,boiled,0.34,5.12,0.1,0.1,4.2,99.0,22.3
Orange Juice (Fresh),Beverages,50.0,steamed,0.35,5.18,0.1,0.1,4.2,92.3,22.7
Orange Juice (Fresh),Beverages,50.0,grilled,0.35,5.14,0.09,0.1,4.2,74.1,22.5
Orange Juice (Fresh),Beverages,50.0,baked,0.35,5.18,0.09,0.1,4.2,77.5,22.7
Orange Juice (Fresh),Beverages,50.0,fried,0.35,5.22,0.19,0.1,4.2,62.0,24.5
Orange Juice (Fresh),Beverages,50.0,deep_fried,0.35,5.17,0.23,0.1,4.2,52.6,25.0
Orange Juice (Fresh),Beverages,75.0,raw,0.52,7.72,0.15,0.15,6.3,87.4,33.8
Orange Juice (Fresh),Beverages,75.0,boiled,0.53,7.8,0.15,0.15,6.3,99.0,34.2
Orange Juice (Fresh),Beverages,75.0,steamed,0.53,7.85,0.15,0.15,6.3,93.3,34.5
Orange Juice (Fresh),Beverages,75.0,grilled,0.52,7.7,0.13,0.15,6.3,74.1,33.7
Orange Juice (Fresh),Beverages,75.0,baked,0.53,7.85,0.14,0.15,6.3,78.2,34.6
Orange Juice (Fresh),Beverages,75.0,fried,0.53,7.85,0.28,0.15,6.3,62.2,36.9
Orange Juice (Fresh),Beverages,75.0,deep_fried,0.53,7.86,0.35,0.15,6.3,53.4,38.2
Orange Juice (Fresh),Beverages,100.0,raw,0.71,10.5,0.2,0.2,8.4,89.1,46.3
Orange Juice (Fresh),Beverages,100.0,boiled,0.71,10.57,0.2,0.2,8.4,99.0,46.5
Orange Juice (Fresh),Beverages,100.0,steamed,0.7,10.37,0.2,0.2,8.4,92.5,45.5
Orange Juice (Fresh),Beverages,100.0,grilled,0.7,10.41,0.18,0.2,8.4,75.1,45.8
Orange Juice (Fresh),Beverages,100.0,baked,0.7,10.37,0.19,0.2,8.4,77.5,45.6
Orange Juice (Fresh),Beverages,100.0,fried,0.7,10.4,0.37,0.2,8.4,61.8,48.8
Orange Juice (Fresh),Beverages,100.0,deep_fried,0.71,10.52,0.47,0.2,8.4,53.6,51.2
Orange Juice (Fresh),Beverages,150.0,raw,1.04,15.44,0.29,0.3,12.6,87.4,67.6
Orange Juice (Fresh),Beverages,150.0,boiled,1.04,15.5,0.29,0.3,12.6,99.0,67.7
Orange Juice (Fresh),Beverages,150.0,steamed,1.06,15.76,0.3,0.3,12.6,93.7,69.4
Orange Juice (Fresh),Beverages,150.0,grilled,1.06,15.72,0.28,0.3,12.6,75.6,69.4
Orange Juice (Fresh),Beverages,150.0,baked,1.05,15.56,0.28,0.3,12.6,77.5,68.4
Orange Juice (Fresh),Beverages,150.0,fried,1.06,15.7,0.56,0.3,12.6,62.2,73.8
Orange Juice (Fresh),Beverages,150.0,deep_fried,1.05,15.64,0.69,0.3,12.6,53.1,75.8
Orange Juice (Fresh),Beverages,200.0,raw,1.42,21.03,0.41,0.4,16.8,89.3,92.9
Orange Juice (Fresh),Beverages,200.0,boiled,1.4,20.81,0.39,0.4,16.8,99.0,91.1
Orange Juice (Fresh),Beverages,200.0,steamed,1.41,20.96,0.4,0.4,16.8,93.4,92.2
Orange Juice (Fresh),Beverages,200.0,grilled,1.43,21.21,0.38,0.4,16.8,76.5,94.0
Orange Juice (Fresh),Beverages,200.0,baked,1.41,20.89,0.38,0.4,16.8,78.1,92.1
Orange Juice (Fresh),Beverages,200.0,fried,1.4,20.81,0.74,0.4,16.8,61.8,97.6
Orange Juice (Fresh),Beverages,200.0,deep_fried,1.41,20.91,0.93,0.4,16.8,53.3,101.6
Orange Juice (Fresh),Beverages,250.0,raw,1.75,25.93,0.5,0.5,21.0,88.1,114.0
Orange Juice (Fresh),Beverages,250.0,boiled,1.78,26.47,0.51,0.5,21.0,99.0,116.6
Orange Juice (Fresh),Beverages,250.0,steamed,1.75,26.04,0.5,0.5,21.0,92.8,114.4
Orange Juice (Fresh),Beverages,250.0,grilled,1.75,25.95,0.46,0.5,21.0,74.9,114.2
Orange Juice (Fresh),Beverages,250.0,baked,1.74,25.84,0.47,0.5,21.0,77.2,113.5
Orange Juice (Fresh),Beverages,250.0,fried,1.76,26.21,0.94,0.5,21.0,62.3,123.2
Orange Juice (Fresh),Beverages,250.0,deep_fried,1.76,26.17,1.16,0.5,21.0,53.3,127.1
Orange Juice (Fresh),Beverages,300.0,raw,2.09,31.08,0.6,0.6,25.2,88.0,136.5
Orange Juice (Fresh),Beverages,300.0,boiled,2.11,31.33,0.59,0.6,25.2,99.0,137.3
Orange Juice (Fresh),Beverages,300.0,steamed,2.08,30.85,0.58,0.6,25.2,91.7,134.9
Orange Juice (Fresh),Beverages,300.0,grilled,2.1,31.24,0.55,0.6,25.2,75.2,137.6
Orange Juice (Fresh),Beverages,300.0,baked,2.11,31.31,0.57,0.6,25.2,78.0,137.9
Orange Juice (Fresh),Beverages,300.0,fried,2.13,31.6,1.14,0.6,25.2,62.6,148.9
Orange Juice (Fresh),Beverages,300.0,deep_fried,2.09,31.02,1.36,0.6,25.2,52.7,150.0
Orange Juice (Fresh),Beverages,400.0,raw,2.77,41.2,0.78,0.8,33.6,87.5,180.5
Orange Juice (Fresh),Beverages,400.0,boiled,2.78,41.32,0.77,0.8,33.6,99.0,180.4
Orange Juice (Fresh),Beverages,400.0,steamed,2.77,41.18,0.78,0.8,33.6,91.8,180.1
Orange Juice (Fresh),Beverages,400.0,grilled,2.83,42.02,0.75,0.8,33.6,75.8,185.6
Orange Juice (Fresh),Beverages,400.0,baked,2.83,42.08,0.78,0.8,33.6,78.6,185.9
Orange Juice (Fresh),Beverages,400.0,fried,2.81,41.7,1.49,0.8,33.6,62.0,195.7
Orange Juice (Fresh),Beverages,400.0,deep_fried,2.83,41.98,1.87,0.8,33.6,53.5,204.1
Orange Juice (Fresh),Beverages,500.0,raw,3.5,52.05,1.0,1.0,42.0,88.4,229.0
Orange Juice (Fresh),Beverages,500.0,boiled,3.5,51.96,0.98,1.0,42.0,99.0,227.4
Orange Juice (Fresh),Beverages,500.0,steamed,3.49,51.87,0.99,1.0,42.0,92.5,227.5
Orange Juice (Fresh),Beverages,500.0,grilled,3.49,51.88,0.92,1.0,42.0,74.9,228.2
Orange Juice (Fresh),Beverages,500.0,baked,3.46,51.4,0.93,1.0,42.0,76.8,225.2
Orange Juice (Fresh),Beverages,500.0,fried,3.51,52.1,1.86,1.0,42.0,61.9,244.5
Orange Juice (Fresh),Beverages,500.0,deep_fried,3.5,51.98,2.3,1.0,42.0,53.0,251.9
Cola,Beverages,30.0,raw,0.0,3.2,0.0,0.0,3.18,89.5,12.8
Cola,Beverages,30.0,boiled,0.0,3.18,0.0,0.0,3.18,99.0,12.6
Cola,Beverages,30.0,steamed,0.0,3.18,0.0,0.0,3.18,93.3,12.7
Cola,Beverages,30.0,grilled,0.0,3.16,0.0,0.0,3.18,75.2,12.6
Cola,Beverages,30.0,baked,0.0,3.18,0.0,0.0,3.18,78.4,12.7
Cola,Beverages,30.0,fried,0.0,3.2,0.0,0.0,3.18,62.6,13.2
Cola,Beverages,30.0,deep_fried,0.0,3.15,0.0,0.0,3.18,52.9,13.2
Cola,Beverages,50.0,raw,0.0,5.3,0.0,0.0,5.3,89.1,21.1
Cola,Beverages,50.0,boiled,0.0,5.31,0.0,0.0,5.3,99.0,21.1
Cola,Beverages,50.0,steamed,0.0,5.27,0.0,0.0,5.3,92.9,21.0
Cola,Beverages,50.0,grilled,0.0,5.28,0.0,0.0,5.3,75.3,21.1
Cola,Beverages,50.0,baked,0.0,5.31,0.0,0.0,5.3,78.5,21.2
Cola,Beverages,50.0,fried,0.0,5.25,0.0,0.0,5.3,61.8,21.6
Cola,Beverages,50.0,deep_fried,0.0,5.31,0.0,0.0,5.3,53.5,22.4
Cola,Beverages,75.0,raw,0.0,7.9,0.0,0.0,7.95,88.4,31.4
Cola,Beverages,75.0,boiled,0.0,8.01,0.0,0.0,7.95,99.0,31.9
Cola,Beverages,75.0,steamed,0.0,8.09,0.0,0.0,7.95,95.1,32.4
Cola,Beverages,75.0,grilled,0.0,7.9,0.0,0.0,7.95,75.2,31.6
Cola,Beverages,75.0,baked,0.0,7.98,0.0,0.0,7.95,78.6,32.0
Cola,Beverages,75.0,fried,0.0,7.91,0.0,0.0,7.95,62.0,32.6
Cola,Beverages,75.0,deep_fried,0.0,8.01,0.0,0.0,7.95,53.8,33.8
Cola,Beverages,100.0,raw,0.0,10.5,0.0,0.0,10.6,88.2,41.8
Cola,Beverages,100.0,boiled,0.0,10.64,0.0,0.0,10.6,99.0,42.3
Cola,Beverages,100.0,steamed,0.0,10.53,0.0,0.0,10.6,92.8,41.9
Cola,Beverages,100.0,grilled,0.0,10.58,0.0,0.0,10.6,75.5,42.4
Cola,Beverages,100.0,baked,0.0,10.52,0.0,0.0,10.6,77.7,42.0
Cola,Beverages,100.0,fried,0.0,10.67,0.0,0.0,10.6,62.7,44.1
Cola,Beverages,100.0,deep_fried,0.0,10.53,0.0,0.0,10.6,53.1,44.2
Cola,Beverages,150.0,raw,0.0,15.97,0.0,0.0,15.9,89.4,63.8
Cola,Beverages,150.0,boiled,0.0,15.86,0.0,0.0,15.9,99.0,63.0
Cola,Beverages,150.0,steamed,0.0,15.89,0.0,0.0,15.9,93.4,63.3
Cola,Beverages,150.0,grilled,0.0,15.92,0.0,0.0,15.9,75.7,63.8
Cola,Beverages,150.0,baked,0.0,15.81,0.0,0.0,15.9,77.9,63.1
Cola,Beverages,150.0,fried,0.0,15.93,0.0,0.0,15.9,62.4,65.8
Cola,Beverages,150.0,deep_fried,0.0,16.08,0.0,0.0,15.9,54.0,67.8
Cola,Beverages,200.0,raw,0.0,21.08,0.0,0.0,21.2,88.5,83.9
Cola,Beverages,200.0,boiled,0.0,21.39,0.0,0.0,21.2,99.0,85.2
Cola,Beverages,200.0,steamed,0.0,21.44,0.0,0.0,21.2,94.5,85.7
Cola,Beverages,200.0,grilled,0.0,21.07,0.0,0.0,21.2,75.2,84.2
Cola,Beverages,200.0,baked,0.0,20.97,0.0,0.0,21.2,77.5,83.6
Cola,Beverages,200.0,fried,0.0,21.25,0.0,0.0,21.2,62.4,87.8
Cola,Beverages,200.0,deep_fried,0.0,21.11,0.0,0.0,21.2,53.2,88.7
Cola,Beverages,250.0,raw,0.0,26.87,0.0,0.0,26.5,90.2,107.7
Cola,Beverages,250.0,boiled,0.0,26.51,0.0,0.0,26.5,99.0,105.4
Cola,Beverages,250.0,steamed,0.0,26.34,0.0,0.0,26.5,92.9,104.7
Cola,Beverages,250.0,grilled,0.0,26.27,0.0,0.0,26.5,75.0,104.9
Cola,Beverages,250.0,baked,0.0,26.72,0.0,0.0,26.5,79.0,107.1
Cola,Beverages,250.0,fried,0.0,26.39,0.0,0.0,26.5,62.0,108.8
Cola,Beverages,250.0,deep_fried,0.0,26.51,0.0,0.0,26.5,53.4,111.5
Cola,Beverages,300.0,raw,0.0,32.03,0.0,0.0,31.8,89.6,128.1
Cola,Beverages,300.0,boiled,0.0,31.68,0.0,0.0,31.8,99.0,125.7
Cola,Beverages,300.0,steamed,0.0,31.79,0.0,0.0,31.8,93.4,126.6
Cola,Beverages,300.0,grilled,0.0,31.8,0.0,0.0,31.8,75.6,127.3
Cola,Beverages,300.0,baked,0.0,31.96,0.0,0.0,31.8,78.7,128.0
Cola,Beverages,300.0,fried,0.0,31.94,0.0,0.0,31.8,62.6,132.0
Cola,Beverages,300.0,deep_fried,0.0,31.75,0.0,0.0,31.8,53.3,133.5
Cola,Beverages,400.0,raw,0.0,42.42,0.0,0.0,42.4,89.0,169.3
Cola,Beverages,400.0,boiled,0.0,42.28,0.0,0.0,42.4,99.0,167.9
Cola,Beverages,400.0,steamed,0.0,41.93,0.0,0.0,42.4,92.4,166.4
Cola,Beverages,400.0,grilled,0.0,42.48,0.0,0.0,42.4,75.8,170.2
Cola,Beverages,400.0,baked,0.0,43.0,0.0,0.0,42.4,79.4,172.7
Cola,Beverages,400.0,fried,0.0,42.12,0.0,0.0,42.4,61.9,173.6
Cola,Beverages,400.0,deep_fried,0.0,42.15,0.0,0.0,42.4,53.1,177.0
Cola,Beverages,500.0,raw,0.0,52.65,0.0,0.0,53.0,88.4,209.6
Cola,Beverages,500.0,boiled,0.0,53.29,0.0,0.0,53.0,99.0,212.1
Cola,Beverages,500.0,steamed,0.0,53.18,0.0,0.0,53.0,93.8,212.1
Cola,Beverages,500.0,grilled,0.0,52.94,0.0,0.0,53.0,75.6,211.9
Cola,Beverages,500.0,baked,0.0,52.64,0.0,0.0,53.0,77.8,210.0
Cola,Beverages,500.0,fried,0.0,53.04,0.0,0.0,53.0,62.3,219.0
Cola,Beverages,500.0,deep_fried,0.0,52.38,0.0,0.0,53.0,52.8,219.6
Whey Protein Shake (with water),Beverages,30.0,raw,7.21,0.9,0.45,0.15,0.45,80.1,36.2
Whey Protein Shake (with water),Beverages,30.0,boiled,7.25,0.91,0.45,0.15,0.45,92.6,36.3
Whey Protein Shake (with water),Beverages,30.0,steamed,7.13,0.89,0.44,0.15,0.45,83.2,35.6
Whey Protein Shake (with water),Beverages,30.0,grilled,7.12,0.89,0.4,0.15,0.45,67.2,35.4
Whey Protein Shake (with water),Beverages,30.0,baked,7.29,0.91,0.44,0.15,0.45,71.2,36.7
Whey Protein Shake (with water),Beverages,30.0,fried,7.17,0.9,0.82,0.15,0.45,55.7,40.3
Whey Protein Shake (with water),Beverages,30.0,deep_fried,7.26,0.91,1.05,0.15,0.45,48.4,43.5
Whey Protein Shake (with water),Beverages,50.0,raw,11.99,1.5,0.75,0.25,0.75,79.9,60.2
Whey Protein Shake (with water),Beverages,50.0,boiled,11.99,1.5,0.73,0.25,0.75,91.9,59.8
Whey Protein Shake (with water),Beverages,50.0,steamed,12.04,1.5,0.75,0.25,0.75,84.3,60.4
Whey Protein Shake (with water),Beverages,50.0,grilled,11.92,1.49,0.68,0.25,0.75,67.5,59.4
Whey Protein Shake (with water),Beverages,50.0,baked,12.01,1.5,0.71,0.25,0.75,70.5,60.1
Whey Protein Shake (with water),Beverages,50.0,fried,11.97,1.5,1.38,0.25,0.75,55.8,67.4
Whey Protein Shake (with water),Beverages,50.0,deep_fried,11.88,1.49,1.69,0.25,0.75,47.5,70.6
Whey Protein Shake (with water),Beverages,75.0,raw,18.05,2.26,1.13,0.38,1.12,80.2,90.7
Whey Protein Shake (with water),Beverages,75.0,boiled,17.96,2.25,1.1,0.38,1.12,91.8,89.6
Whey Protein Shake (with water),Beverages,75.0,steamed,17.98,2.25,1.11,0.38,1.12,83.9,90.0
Whey Protein Shake (with water),Beverages,75.0,grilled,17.84,2.23,1.02,0.38,1.12,67.4,88.8
Whey Protein Shake (with water),Beverages,75.0,baked,18.21,2.28,1.09,0.38,1.12,71.2,91.6
Whey Protein Shake (with water),Beverages,75.0,fried,18.12,2.26,2.11,0.38,1.12,56.4,102.5
Whey Protein Shake (with water),Beverages,75.0,deep_fried,18.13,2.27,2.62,0.38,1.12,48.3,108.6
Whey Protein Shake (with water),Beverages,100.0,raw,23.95,2.99,1.49,0.5,1.5,79.8,120.0
Whey Protein Shake (with water),Beverages,100.0,boiled,23.69,2.96,1.43,0.5,1.5,90.8,117.5
Whey Protein Shake (with water),Beverages,100.0,steamed,24.35,3.04,1.53,0.5,1.5,85.2,122.7
Whey Protein Shake (with water),Beverages,100.0,grilled,23.99,3.0,1.38,0.5,1.5,68.0,119.9
Whey Protein Shake (with water),Beverages,100.0,baked,23.87,2.98,1.41,0.5,1.5,70.0,119.2
Whey Protein Shake (with water),Beverages,100.0,fried,24.08,3.01,2.79,0.5,1.5,56.2,136.0
Whey Protein Shake (with water),Beverages,100.0,deep_fried,24.21,3.03,3.51,0.5,1.5,48.4,145.2
Whey Protein Shake (with water),Beverages,150.0,raw,35.99,4.5,2.25,0.75,2.25,80.0,180.6
Whey Protein Shake (with water),Beverages,150.0,boiled,36.35,4.54,2.25,0.75,2.25,92.9,182.1
Whey Protein Shake (with water),Beverages,150.0,steamed,36.29,4.54,2.26,0.75,2.25,84.7,182.3
Whey Protein Shake (with water),Beverages,150.0,grilled,35.71,4.46,2.04,0.75,2.25,67.5,177.9
Whey Protein Shake (with water),Beverages,150.0,baked,35.82,4.48,2.12,0.75,2.25,70.0,178.9
Whey Protein Shake (with water),Beverages,150.0,fried,36.26,4.53,4.22,0.75,2.25,56.4,205.1
Whey Protein Shake (with water),Beverages,150.0,deep_fried,35.27,4.41,4.96,0.75,2.25,47.0,208.5
Whey Protein Shake (with water),Beverages,200.0,raw,47.95,5.99,2.99,1.0,3.0,79.9,240.5
Whey Protein Shake (with water),Beverages,200.0,boiled,47.48,5.94,2.88,1.0,3.0,91.0,235.8
Whey Protein Shake (with water),Beverages,200.0,steamed,47.83,5.98,2.95,1.0,3.0,83.7,239.1
Whey Protein Shake (with water),Beverages,200.0,grilled,47.89,5.99,2.75,1.0,3.0,67.8,239.2
Whey Protein Shake (with water),Beverages,200.0,baked,47.87,5.98,2.83,1.0,3.0,70.2,239.3
Whey Protein Shake (with water),Beverages,200.0,fried,47.8,5.98,5.5,1.0,3.0,55.8,269.0
Whey Protein Shake (with water),Beverages,200.0,deep_fried,47.61,5.95,6.79,1.0,3.0,47.6,283.2
Whey Protein Shake (with water),Beverages,250.0,raw,61.03,7.63,3.88,1.25,3.75,81.4,308.6
Whey Protein Shake (with water),Beverages,250.0,boiled,60.84,7.61,3.78,1.25,3.75,93.3,305.4
Whey Protein Shake (with water),Beverages,250.0,steamed,59.48,7.43,3.65,1.25,3.75,83.3,296.6
Whey Protein Shake (with water),Beverages,250.0,grilled,60.71,7.59,3.53,1.25,3.75,68.8,304.9
Whey Protein Shake (with water),Beverages,250.0,baked,59.82,7.48,3.54,1.25,3.75,70.2,299.0
Whey Protein Shake (with water),Beverages,250.0,fried,60.06,7.51,6.95,1.25,3.75,56.1,338.8
Whey Protein Shake (with water),Beverages,250.0,deep_fried,59.97,7.5,8.62,1.25,3.75,48.0,358.1
Whey Protein Shake (with water),Beverages,300.0,raw,71.64,8.96,4.46,1.5,4.5,79.6,358.9
Whey Protein Shake (with water),Beverages,300.0,boiled,72.53,9.07,4.48,1.5,4.5,92.7,363.1
Whey Protein Shake (with water),Beverages,300.0,steamed,72.07,9.01,4.46,1.5,4.5,84.1,360.9
Whey Protein Shake (with water),Beverages,300.0,grilled,71.74,8.97,4.11,1.5,4.5,67.8,358.0
Whey Protein Shake (with water),Beverages,300.0,baked,71.3,8.91,4.19,1.5,4.5,69.7,355.4
Whey Protein Shake (with water),Beverages,300.0,fried,71.52,8.94,8.21,1.5,4.5,55.6,402.0
Whey Protein Shake (with water),Beverages,300.0,deep_fried,71.11,8.89,10.1,1.5,4.5,47.4,422.1
Whey Protein Shake (with water),Beverages,400.0,raw,96.01,12.0,6.0,2.0,6.0,80.0,481.9
Whey Protein Shake (with water),Beverages,400.0,boiled,95.14,11.89,5.77,2.0,6.0,91.2,472.7
Whey Protein Shake (with water),Beverages,400.0,steamed,95.81,11.98,5.92,2.0,6.0,83.8,479.3
Whey Protein Shake (with water),Beverages,400.0,grilled,96.99,12.12,5.63,2.0,6.0,68.7,486.8
Whey Protein Shake (with water),Beverages,400.0,baked,96.86,12.11,5.8,2.0,6.0,71.0,486.7
Whey Protein Shake (with water),Beverages,400.0,fried,95.98,12.0,11.09,2.0,6.0,56.0,541.1
Whey Protein Shake (with water),Beverages,400.0,deep_fried,95.94,11.99,13.78,2.0,6.0,48.0,572.7
Whey Protein Shake (with water),Beverages,500.0,raw,121.69,15.21,7.71,2.5,7.5,81.1,614.5
Whey Protein Shake (with water),Beverages,500.0,boiled,120.47,15.06,7.41,2.5,7.5,92.4,602.0
Whey Protein Shake (with water),Beverages,500.0,steamed,119.7,14.96,7.39,2.5,7.5,83.8,598.6
Whey Protein Shake (with water),Beverages,500.0,grilled,118.72,14.84,6.75,2.5,7.5,67.3,590.7
Whey Protein Shake (with water),Beverages,500.0,baked,120.35,15.04,7.17,2.5,7.5,70.6,603.2
Whey Protein Shake (with water),Beverages,500.0,fried,120.75,15.09,14.05,2.5,7.5,56.3,682.9
Whey Protein Shake (with water),Beverages,500.0,deep_fried,119.43,14.93,17.09,2.5,7.5,47.8,711.6
Caffe Latte (Whole Milk),Beverages,30.0,raw,0.87,1.23,0.9,0.0,1.2,90.2,16.5
Caffe Latte (Whole Milk),Beverages,30.0,boiled,0.87,1.23,0.88,0.0,1.2,99.0,16.2
Caffe Latte (Whole Milk),Beverages,30.0,steamed,0.87,1.23,0.89,0.0,1.2,94.4,16.4
Caffe Latte (Whole Milk),Beverages,30.0,grilled,0.85,1.21,0.8,0.0,1.2,75.1,15.4
Caffe Latte (Whole Milk),Beverages,30.0,baked,0.87,1.23,0.85,0.0,1.2,79.1,16.1
Caffe Latte (Whole Milk),Beverages,30.0,fried,0.88,1.24,1.69,0.0,1.2,63.5,23.7
Caffe Latte (Whole Milk),Beverages,30.0,deep_fried,0.87,1.22,2.05,0.0,1.2,53.7,26.8
Caffe Latte (Whole Milk),Beverages,50.0,raw,1.45,2.05,1.5,0.0,2.0,90.0,27.5
Caffe Latte (Whole Milk),Beverages,50.0,boiled,1.44,2.04,1.45,0.0,2.0,99.0,26.8
Caffe Latte (Whole Milk),Beverages,50.0,steamed,1.45,2.06,1.49,0.0,2.0,94.8,27.4
Caffe Latte (Whole Milk),Beverages,50.0,grilled,1.45,2.05,1.38,0.0,2.0,76.4,26.6
Caffe Latte (Whole Milk),Beverages,50.0,baked,1.44,2.04,1.4,0.0,2.0,78.6,26.5
Caffe Latte (Whole Milk),Beverages,50.0,fried,1.46,2.07,2.83,0.0,2.0,63.6,39.7
Caffe Latte (Whole Milk),Beverages,50.0,deep_fried,1.46,2.06,3.5,0.0,2.0,54.4,45.7
Caffe Latte (Whole Milk),Beverages,75.0,raw,2.17,3.06,2.23,0.0,3.0,89.6,40.9
Caffe Latte (Whole Milk),Beverages,75.0,boiled,2.18,3.09,2.22,0.0,3.0,99.0,40.9
Caffe Latte (Whole Milk),Beverages,75.0,steamed,2.18,3.09,2.25,0.0,3.0,94.9,41.3
Caffe Latte (Whole Milk),Beverages,75.0,grilled,2.19,3.09,2.09,0.0,3.0,76.9,40.2
Caffe Latte (Whole Milk),Beverages,75.0,baked,2.15,3.04,2.08,0.0,3.0,78.2,39.5
Caffe Latte (Whole Milk),Beverages,75.0,fried,2.19,3.1,4.23,0.0,3.0,63.5,59.4
Caffe Latte (Whole Milk),Beverages,75.0,deep_fried,2.17,3.06,5.13,0.0,3.0,53.8,67.1
Caffe Latte (Whole Milk),Beverages,100.0,raw,2.89,4.09,2.98,0.0,4.0,89.8,54.6
Caffe Latte (Whole Milk),Beverages,100.0,boiled,2.96,4.18,3.06,0.0,4.0,99.0,56.2
Caffe Latte (Whole Milk),Beverages,100.0,steamed,2.91,4.11,2.98,0.0,4.0,94.7,54.8
Caffe Latte (Whole Milk),Beverages,100.0,grilled,2.89,4.09,2.74,0.0,4.0,76.3,52.8
Caffe Latte (Whole Milk),Beverages,100.0,baked,2.85,4.03,2.76,0.0,4.0,77.9,52.3
Caffe Latte (Whole Milk),Beverages,100.0,fried,2.93,4.14,5.67,0.0,4.0,63.7,79.6
Caffe Latte (Whole Milk),Beverages,100.0,deep_fried,2.87,4.06,6.76,0.0,4.0,53.5,88.5
Caffe Latte (Whole Milk),Beverages,150.0,raw,4.32,6.1,4.43,0.0,6.0,89.3,81.3
Caffe Latte (Whole Milk),Beverages,150.0,boiled,4.34,6.13,4.39,0.0,6.0,99.0,81.0
Caffe Latte (Whole Milk),Beverages,150.0,steamed,4.4,6.22,4.55,0.0,6.0,95.5,83.5
Caffe Latte (Whole Milk),Beverages,150.0,grilled,4.38,6.19,4.19,0.0,6.0,76.9,80.6
Caffe Latte (Whole Milk),Beverages,150.0,baked,4.34,6.14,4.26,0.0,6.0,79.1,80.5
Caffe Latte (Whole Milk),Beverages,150.0,fried,4.36,6.16,8.36,0.0,6.0,63.1,117.4
Caffe Latte (Whole Milk),Beverages,150.0,deep_fried,4.33,6.12,10.26,0.0,6.0,53.8,134.2
Caffe Latte (Whole Milk),Beverages,200.0,raw,5.81,8.21,6.01,0.0,8.0,90.1,110.0
Caffe Latte (Whole Milk),Beverages,200.0,boiled,5.8,8.2,5.89,0.0,8.0,99.0,108.5
Caffe Latte (Whole Milk),Beverages,200.0,steamed,5.84,8.26,6.03,0.0,8.0,95.2,110.6
Caffe Latte (Whole Milk),Beverages,200.0,grilled,5.84,8.26,5.6,0.0,8.0,77.1,107.6
Caffe Latte (Whole Milk),Beverages,200.0,baked,5.82,8.23,5.74,0.0,8.0,79.5,108.3
Caffe Latte (Whole Milk),Beverages,200.0,fried,5.78,8.18,11.04,0.0,8.0,62.8,155.1
Caffe Latte (Whole Milk),Beverages,200.0,deep_fried,5.83,8.25,13.95,0.0,8.0,54.3,182.4
Caffe Latte (Whole Milk),Beverages,250.0,raw,7.24,10.24,7.49,0.0,10.0,89.9,137.1
Caffe Latte (Whole Milk),Beverages,250.0,boiled,7.19,10.17,7.23,0.0,10.0,99.0,133.6
Caffe Latte (Whole Milk),Beverages,250.0,steamed,7.23,10.22,7.38,0.0,10.0,94.2,135.7
Caffe Latte (Whole Milk),Beverages,250.0,grilled,7.25,10.26,6.91,0.0,10.0,76.5,133.0
Caffe Latte (Whole Milk),Beverages,250.0,baked,7.3,10.32,7.22,0.0,10.0,79.7,136.1
Caffe Latte (Whole Milk),Beverages,250.0,fried,7.24,10.24,13.84,0.0,10.0,62.9,194.5
Caffe Latte (Whole Milk),Beverages,250.0,deep_fried,7.18,10.16,16.94,0.0,10.0,53.5,221.6
Caffe Latte (Whole Milk),Beverages,300.0,raw,8.7,12.31,9.01,0.0,12.0,90.0,164.9
Caffe Latte (Whole Milk),Beverages,300.0,boiled,8.71,12.31,8.84,0.0,12.0,99.0,162.9
Caffe Latte (Whole Milk),Beverages,300.0,steamed,8.71,12.32,8.93,0.0,12.0,94.6,164.1
Caffe Latte (Whole Milk),Beverages,300.0,grilled,8.76,12.38,8.39,0.0,12.0,77.0,161.3
Caffe Latte (Whole Milk),Beverages,300.0,baked,8.77,12.39,8.68,0.0,12.0,79.8,163.6
Caffe Latte (Whole Milk),Beverages,300.0,fried,8.66,12.25,16.5,0.0,12.0,62.7,231.9
Caffe Latte (Whole Milk),Beverages,300.0,deep_fried,8.66,12.24,20.51,0.0,12.0,53.8,268.3
Caffe Latte (Whole Milk),Beverages,400.0,raw,11.51,16.27,11.81,0.0,16.0,89.3,216.6
Caffe Latte (Whole Milk),Beverages,400.0,boiled,11.66,16.49,11.88,0.0,16.0,99.0,218.8
Caffe Latte (Whole Milk),Beverages,400.0,steamed,11.73,16.58,12.14,0.0,16.0,95.5,222.6
Caffe Latte (Whole Milk),Beverages,400.0,grilled,11.57,16.36,10.99,0.0,16.0,76.3,211.7
Caffe Latte (Whole Milk),Beverages,400.0,baked,11.58,16.37,11.36,0.0,16.0,79.1,214.6
Caffe Latte (Whole Milk),Beverages,400.0,fried,11.73,16.58,22.69,0.0,16.0,63.7,318.5
Caffe Latte (Whole Milk),Beverages,400.0,deep_fried,11.64,16.46,27.81,0.0,16.0,54.2,363.6
Caffe Latte (Whole Milk),Beverages,500.0,raw,14.55,20.57,15.1,0.0,20.0,90.3,276.2
Caffe Latte (Whole Milk),Beverages,500.0,boiled,14.37,20.32,14.44,0.0,20.0,99.0,266.8
Caffe Latte (Whole Milk),Beverages,500.0,steamed,14.57,20.6,15.0,0.0,20.0,95.0,275.4
Caffe Latte (Whole Milk),Beverages,500.0,grilled,14.4,20.36,13.61,0.0,20.0,76.0,262.6
Caffe Latte (Whole Milk),Beverages,500.0,baked,14.38,20.33,14.01,0.0,20.0,78.5,265.1
Caffe Latte (Whole Milk),Beverages,500.0,fried,14.46,20.45,27.61,0.0,20.0,62.8,388.0
Caffe Latte (Whole Milk),Beverages,500.0,deep_fried,14.44,20.41,34.2,0.0,20.0,53.8,447.4
Green Tea (Unsweetened),Beverages,30.0,raw,0.0,0.0,0.0,0.0,0.0,99.0,0.0
Green Tea (Unsweetened),Beverages,30.0,boiled,0.0,0.0,0.0,0.0,0.0,99.0,0.0
Green Tea (Unsweetened),Beverages,30.0,steamed,0.0,0.0,0.0,0.0,0.0,99.0,0.0
Green Tea (Unsweetened),Beverages,30.0,grilled,0.0,0.0,0.0,0.0,0.0,85.5,0.0
Green Tea (Unsweetened),Beverages,30.0,baked,0.0,0.0,0.0,0.0,0.0,86.5,0.0
Green Tea (Unsweetened),Beverages,30.0,fried,0.0,0.0,0.0,0.0,0.0,70.4,0.0
Green Tea (Unsweetened),Beverages,30.0,deep_fried,0.0,0.0,0.0,0.0,0.0,59.5,0.0
Green Tea (Unsweetened),Beverages,50.0,raw,0.0,0.0,0.0,0.0,0.0,99.0,0.0
Green Tea (Unsweetened),Beverages,50.0,boiled,0.0,0.0,0.0,0.0,0.0,99.0,0.0
Green Tea (Unsweetened),Beverages,50.0,steamed,0.0,0.0,0.0,0.0,0.0,99.0,0.0
Green Tea (Unsweetened),Beverages,50.0,grilled,0.0,0.0,0.0,0.0,0.0,84.7,0.0
Green Tea (Unsweetened),Beverages,50.0,baked,0.0,0.0,0.0,0.0,0.0,88.6,0.0
Green Tea (Unsweetened),Beverages,50.0,fried,0.0,0.0,0.0,0.0,0.0,69.2,0.1
Green Tea (Unsweetened),Beverages,50.0,deep_fried,0.0,0.0,0.0,0.0,0.0,60.2,0.1
Green Tea (Unsweetened),Beverages,75.0,raw,0.0,0.0,0.0,0.0,0.0,99.0,0.1
Green Tea (Unsweetened),Beverages,75.0,boiled,0.0,0.0,0.0,0.0,0.0,99.0,0.1
Green Tea (Unsweetened),Beverages,75.0,steamed,0.0,0.0,0.0,0.0,0.0,99.0,0.1
Green Tea (Unsweetened),Beverages,75.0,grilled,0.0,0.0,0.0,0.0,0.0,84.5,0.1
Green Tea (Unsweetened),Beverages,75.0,baked,0.0,0.0,0.0,0.0,0.0,88.5,0.1
Green Tea (Unsweetened),Beverages,75.0,fried,0.0,0.0,0.0,0.0,0.0,69.8,0.1
Green Tea (Unsweetened),Beverages,75.0,deep_fried,0.0,0.0,0.0,0.0,0.0,60.4,0.1
Green Tea (Unsweetened),Beverages,100.0,raw,0.0,0.0,0.0,0.0,0.0,99.0,0.1
Green Tea (Unsweetened),Beverages,100.0,boiled,0.0,0.0,0.0,0.0,0.0,99.0,0.1
Green Tea (Unsweetened),Beverages,100.0,steamed,0.0,0.0,0.0,0.0,0.0,99.0,0.1
Green Tea (Unsweetened),Beverages,100.0,grilled,0.0,0.0,0.0,0.0,0.0,84.5,0.1
Green Tea (Unsweetened),Beverages,100.0,baked,0.0,0.0,0.0,0.0,0.0,86.9,0.1
Green Tea (Unsweetened),Beverages,100.0,fried,0.0,0.0,0.0,0.0,0.0,69.6,0.1
Green Tea (Unsweetened),Beverages,100.0,deep_fried,0.0,0.0,0.0,0.0,0.0,60.2,0.1
Green Tea (Unsweetened),Beverages,150.0,raw,0.0,0.0,0.0,0.0,0.0,99.0,0.1
Green Tea (Unsweetened),Beverages,150.0,boiled,0.0,0.0,0.0,0.0,0.0,99.0,0.1
Green Tea (Unsweetened),Beverages,150.0,steamed,0.0,0.0,0.0,0.0,0.0,99.0,0.1
Green Tea (Unsweetened),Beverages,150.0,grilled,0.0,0.0,0.0,0.0,0.0,84.0,0.1
Green Tea (Unsweetened),Beverages,150.0,baked,0.0,0.0,0.0,0.0,0.0,87.5,0.1
Green Tea (Unsweetened),Beverages,150.0,fried,0.0,0.0,0.0,0.0,0.0,69.7,0.2
Green Tea (Unsweetened),Beverages,150.0,deep_fried,0.0,0.0,0.0,0.0,0.0,59.8,0.2
Green Tea (Unsweetened),Beverages,200.0,raw,0.0,0.0,0.0,0.0,0.0,99.0,0.2
Green Tea (Unsweetened),Beverages,200.0,boiled,0.0,0.0,0.0,0.0,0.0,99.0,0.2
Green Tea (Unsweetened),Beverages,200.0,steamed,0.0,0.0,0.0,0.0,0.0,99.0,0.2
Green Tea (Unsweetened),Beverages,200.0,grilled,0.0,0.0,0.0,0.0,0.0,84.9,0.2
Green Tea (Unsweetened),Beverages,200.0,baked,0.0,0.0,0.0,0.0,0.0,87.8,0.2
Green Tea (Unsweetened),Beverages,200.0,fried,0.0,0.0,0.0,0.0,0.0,69.4,0.2
Green Tea (Unsweetened),Beverages,200.0,deep_fried,0.0,0.0,0.0,0.0,0.0,59.8,0.3
Green Tea (Unsweetened),Beverages,250.0,raw,0.0,0.0,0.0,0.0,0.0,99.0,0.2
Green Tea (Unsweetened),Beverages,250.0,boiled,0.0,0.0,0.0,0.0,0.0,99.0,0.2
Green Tea (Unsweetened),Beverages,250.0,steamed,0.0,0.0,0.0,0.0,0.0,99.0,0.2
Green Tea (Unsweetened),Beverages,250.0,grilled,0.0,0.0,0.0,0.0,0.0,84.9,0.2
Green Tea (Unsweetened),Beverages,250.0,baked,0.0,0.0,0.0,0.0,0.0,87.5,0.2
Green Tea (Unsweetened),Beverages,250.0,fried,0.0,0.0,0.0,0.0,0.0,70.5,0.3
Green Tea (Unsweetened),Beverages,250.0,deep_fried,0.0,0.0,0.0,0.0,0.0,59.4,0.3
Green Tea (Unsweetened),Beverages,300.0,raw,0.0,0.0,0.0,0.0,0.0,99.0,0.2
Green Tea (Unsweetened),Beverages,300.0,boiled,0.0,0.0,0.0,0.0,0.0,99.0,0.2
Green Tea (Unsweetened),Beverages,300.0,steamed,0.0,0.0,0.0,0.0,0.0,99.0,0.2
Green Tea (Unsweetened),Beverages,300.0,grilled,0.0,0.0,0.0,0.0,0.0,84.0,0.3
Green Tea (Unsweetened),Beverages,300.0,baked,0.0,0.0,0.0,0.0,0.0,88.3,0.2
Green Tea (Unsweetened),Beverages,300.0,fried,0.0,0.0,0.0,0.0,0.0,68.8,0.3
Green Tea (Unsweetened),Beverages,300.0,deep_fried,0.0,0.0,0.0,0.0,0.0,59.8,0.4
Green Tea (Unsweetened),Beverages,400.0,raw,0.0,0.0,0.0,0.0,0.0,99.0,0.3
Green Tea (Unsweetened),Beverages,400.0,boiled,0.0,0.0,0.0,0.0,0.0,99.0,0.3
Green Tea (Unsweetened),Beverages,400.0,steamed,0.0,0.0,0.0,0.0,0.0,99.0,0.3
Green Tea (Unsweetened),Beverages,400.0,grilled,0.0,0.0,0.0,0.0,0.0,83.9,0.3
Green Tea (Unsweetened),Beverages,400.0,baked,0.0,0.0,0.0,0.0,0.0,88.4,0.3
Green Tea (Unsweetened),Beverages,400.0,fried,0.0,0.0,0.0,0.0,0.0,70.4,0.5
Green Tea (Unsweetened),Beverages,400.0,deep_fried,0.0,0.0,0.0,0.0,0.0,59.6,0.5
Green Tea (Unsweetened),Beverages,500.0,raw,0.0,0.0,0.0,0.0,0.0,99.0,0.4
Green Tea (Unsweetened),Beverages,500.0,boiled,0.0,0.0,0.0,0.0,0.0,99.0,0.4
Green Tea (Unsweetened),Beverages,500.0,steamed,0.0,0.0,0.0,0.0,0.0,99.0,0.4
Green Tea (Unsweetened),Beverages,500.0,grilled,0.0,0.0,0.0,0.0,0.0,84.7,0.4
Green Tea (Unsweetened),Beverages,500.0,baked,0.0,0.0,0.0,0.0,0.0,86.3,0.4
Green Tea (Unsweetened),Beverages,500.0,fried,0.0,0.0,0.0,0.0,0.0,69.4,0.6
Green Tea (Unsweetened),Beverages,500.0,deep_fried,0.0,0.0,0.0,0.0,0.0,59.7,0.7
